chr,cell_id,mean_reads,mean_copy,clone_id
10,SA919X4XB40509-A98217A-R03-C08,175.81,2.95,A
10,SA919X4XB40509-A98217A-R03-C09,137.75,3.02,A
10,SA919X4XB40509-A98217A-R03-C11,132.13,2.89,A
10,SA919X4XB40509-A98217A-R03-C13,182.46,2.77,A
10,SA919X4XB40509-A98217A-R03-C17,138.95,2.92,A
10,SA919X4XB40509-A98217A-R03-C19,153.46,3.09,A
10,SA919X4XB40509-A98217A-R03-C22,102.14,2.85,A
10,SA919X4XB40509-A98217A-R03-C23,173.94,3.06,A
10,SA919X4XB40509-A98217A-R03-C24,143.38,2.86,A
10,SA919X4XB40509-A98217A-R03-C30,193.06,3.18,A
10,SA919X4XB40509-A98217A-R03-C34,97.78,2.98,A
10,SA919X4XB40509-A98217A-R03-C35,152.13,2.98,A
10,SA919X4XB40509-A98217A-R03-C41,130.73,2.99,A
10,SA919X4XB40509-A98217A-R03-C43,190.22,3.03,A
10,SA919X4XB40509-A98217A-R03-C54,151.4,2.99,A
10,SA919X4XB40509-A98217A-R03-C55,125.33,2.83,A
10,SA919X4XB40509-A98217A-R03-C56,182.1,3.16,A
10,SA919X4XB40509-A98217A-R03-C63,172.13,3.09,A
10,SA919X4XB40509-A98217A-R03-C66,169.37,2.97,A
10,SA919X4XB40509-A98217A-R03-C67,140.71,2.8,A
10,SA919X4XB40509-A98217A-R04-C11,141.81,2.98,A
10,SA919X4XB40509-A98217A-R04-C12,141.95,2.97,A
10,SA919X4XB40509-A98217A-R04-C13,174.84,3.03,A
10,SA919X4XB40509-A98217A-R04-C14,162.06,3.06,A
10,SA919X4XB40509-A98217A-R04-C16,168.22,3.02,A
10,SA919X4XB40509-A98217A-R04-C17,169.43,3,A
10,SA919X4XB40509-A98217A-R04-C18,133.7,3.02,A
10,SA919X4XB40509-A98217A-R04-C19,143.87,3.06,A
10,SA919X4XB40509-A98217A-R04-C23,138.83,2.91,A
10,SA919X4XB40509-A98217A-R04-C26,152.92,2.97,A
10,SA919X4XB40509-A98217A-R04-C28,151.94,3.04,A
10,SA919X4XB40509-A98217A-R04-C29,121.78,2.98,A
10,SA919X4XB40509-A98217A-R04-C30,148.89,3.05,A
10,SA919X4XB40509-A98217A-R04-C31,166.44,3.07,A
10,SA919X4XB40509-A98217A-R04-C33,106.13,2.96,A
10,SA919X4XB40509-A98217A-R04-C34,121.02,3.09,A
10,SA919X4XB40509-A98217A-R04-C35,166.54,3.06,A
10,SA919X4XB40509-A98217A-R04-C37,145.44,3.01,A
10,SA919X4XB40509-A98217A-R04-C38,150.33,3.01,A
10,SA919X4XB40509-A98217A-R04-C40,152.14,3.05,A
10,SA919X4XB40509-A98217A-R04-C42,166.94,3.11,A
10,SA919X4XB40509-A98217A-R04-C43,170.7,3.08,A
10,SA919X4XB40509-A98217A-R04-C47,225.46,3.04,A
10,SA919X4XB40509-A98217A-R04-C48,157.73,2.99,A
10,SA919X4XB40509-A98217A-R04-C52,144.98,2.92,A
10,SA919X4XB40509-A98217A-R04-C54,145.9,3,A
10,SA919X4XB40509-A98217A-R04-C55,121.98,3.14,A
10,SA919X4XB40509-A98217A-R04-C56,159.35,2.94,A
10,SA919X4XB40509-A98217A-R04-C57,159.87,3.04,A
10,SA919X4XB40509-A98217A-R04-C58,142.95,2.98,A
10,SA919X4XB40509-A98217A-R04-C59,149.56,2.99,A
10,SA919X4XB40509-A98217A-R04-C61,150.06,3.02,A
10,SA919X4XB40509-A98217A-R04-C64,167.92,2.96,A
10,SA919X4XB40509-A98217A-R04-C66,154.3,2.98,A
10,SA919X4XB40509-A98217A-R04-C68,114.41,2.99,A
10,SA919X4XB40509-A98217A-R05-C07,190.76,3.04,A
10,SA919X4XB40509-A98217A-R05-C09,168.44,3.03,A
10,SA919X4XB40509-A98217A-R05-C12,146.32,3.08,A
10,SA919X4XB40509-A98217A-R05-C13,179.08,3,A
10,SA919X4XB40509-A98217A-R05-C15,167.16,3.03,A
10,SA919X4XB40509-A98217A-R05-C16,176.86,3,A
10,SA919X4XB40509-A98217A-R05-C17,183.4,3.03,A
10,SA919X4XB40509-A98217A-R05-C18,147.29,3.04,A
10,SA919X4XB40509-A98217A-R05-C21,119.87,3.03,A
10,SA919X4XB40509-A98217A-R05-C23,161.86,2.95,A
10,SA919X4XB40509-A98217A-R05-C24,191.62,2.98,A
10,SA919X4XB40509-A98217A-R05-C26,170.03,3.09,A
10,SA919X4XB40509-A98217A-R05-C31,177.16,3.01,A
10,SA919X4XB40509-A98217A-R05-C32,169.98,2.99,A
10,SA919X4XB40509-A98217A-R05-C33,124.52,3.16,A
10,SA919X4XB40509-A98217A-R05-C35,185.38,3.01,A
10,SA919X4XB40509-A98217A-R05-C38,165.38,3.02,A
10,SA919X4XB40509-A98217A-R05-C40,169.24,3.06,A
10,SA919X4XB40509-A98217A-R05-C41,165.06,3.06,A
10,SA919X4XB40509-A98217A-R05-C44,164.6,3.06,A
10,SA919X4XB40509-A98217A-R05-C46,171.14,3.13,A
10,SA919X4XB40509-A98217A-R05-C48,152.51,3.01,A
10,SA919X4XB40509-A98217A-R05-C50,154.27,3.01,A
10,SA919X4XB40509-A98217A-R05-C51,166.17,3.09,A
10,SA919X4XB40509-A98217A-R05-C54,153.59,2.99,A
10,SA919X4XB40509-A98217A-R05-C55,166.76,2.97,A
10,SA919X4XB40509-A98217A-R05-C58,153.68,3.02,A
10,SA919X4XB40509-A98217A-R05-C59,162.84,3.08,A
10,SA919X4XB40509-A98217A-R05-C60,148.54,3.03,A
10,SA919X4XB40509-A98217A-R05-C61,169.67,2.99,A
10,SA919X4XB40509-A98217A-R05-C62,142.56,2.9,A
10,SA919X4XB40509-A98217A-R05-C63,180.9,3.05,A
10,SA919X4XB40509-A98217A-R05-C64,171.84,3.02,A
10,SA919X4XB40509-A98217A-R05-C66,164.19,2.97,A
10,SA919X4XB40509-A98217A-R05-C67,156.51,3.01,A
10,SA919X4XB40509-A98217A-R05-C69,132.17,2.95,A
10,SA919X4XB40509-A98217A-R06-C08,233.3,2.92,A
10,SA919X4XB40509-A98217A-R06-C09,180.59,3.04,A
10,SA919X4XB40509-A98217A-R06-C11,151.38,2.98,A
10,SA919X4XB40509-A98217A-R06-C12,152.13,3.05,A
10,SA919X4XB40509-A98217A-R06-C14,168.16,2.97,A
10,SA919X4XB40509-A98217A-R06-C15,166.75,3.02,A
10,SA919X4XB40509-A98217A-R06-C17,185.75,3.09,A
10,SA919X4XB40509-A98217A-R06-C18,149.95,2.94,A
10,SA919X4XB40509-A98217A-R06-C19,156.14,2.98,A
10,SA919X4XB40509-A98217A-R06-C22,153.29,3.01,A
10,SA919X4XB40509-A98217A-R06-C23,151.13,2.98,A
10,SA919X4XB40509-A98217A-R06-C24,197.08,2.97,A
10,SA919X4XB40509-A98217A-R06-C26,172.94,3.03,A
10,SA919X4XB40509-A98217A-R06-C27,122.33,3.08,A
10,SA919X4XB40509-A98217A-R06-C28,159.02,2.91,A
10,SA919X4XB40509-A98217A-R06-C30,168.4,3.01,A
10,SA919X4XB40509-A98217A-R06-C32,177.68,3.02,A
10,SA919X4XB40509-A98217A-R06-C33,119.22,3.02,A
10,SA919X4XB40509-A98217A-R06-C37,204.13,3.02,A
10,SA919X4XB40509-A98217A-R06-C41,177.22,3.02,A
10,SA919X4XB40509-A98217A-R06-C42,180.57,2.93,A
10,SA919X4XB40509-A98217A-R06-C46,122.32,2.95,A
10,SA919X4XB40509-A98217A-R06-C47,173.51,3.1,A
10,SA919X4XB40509-A98217A-R06-C48,171.24,3.04,A
10,SA919X4XB40509-A98217A-R06-C49,145.14,2.9,A
10,SA919X4XB40509-A98217A-R06-C50,149.22,3.03,A
10,SA919X4XB40509-A98217A-R06-C51,178.37,2.79,A
10,SA919X4XB40509-A98217A-R06-C54,151.62,2.92,A
10,SA919X4XB40509-A98217A-R06-C55,141.97,2.95,A
10,SA919X4XB40509-A98217A-R06-C56,176.76,2.98,A
10,SA919X4XB40509-A98217A-R06-C58,154.6,3.04,A
10,SA919X4XB40509-A98217A-R06-C59,156.51,3.07,A
10,SA919X4XB40509-A98217A-R06-C60,150.57,2.93,A
10,SA919X4XB40509-A98217A-R06-C61,185.52,3.18,A
10,SA919X4XB40509-A98217A-R06-C63,168.94,3.05,A
10,SA919X4XB40509-A98217A-R06-C64,180.03,3.08,A
10,SA919X4XB40509-A98217A-R06-C68,110,3.02,A
10,SA919X4XB40509-A98217A-R06-C69,148.7,3.03,A
10,SA919X4XB40509-A98217A-R06-C70,134.44,3.06,A
10,SA919X4XB40509-A98217A-R07-C07,194.54,3.09,A
10,SA919X4XB40509-A98217A-R07-C08,227.7,2.95,A
10,SA919X4XB40509-A98217A-R07-C11,181.54,2.88,A
10,SA919X4XB40509-A98217A-R07-C12,146.05,3.05,A
10,SA919X4XB40509-A98217A-R07-C14,166.97,3.05,A
10,SA919X4XB40509-A98217A-R07-C15,156.44,2.97,A
10,SA919X4XB40509-A98217A-R07-C16,178.02,2.99,A
10,SA919X4XB40509-A98217A-R07-C18,155.24,3.05,A
10,SA919X4XB40509-A98217A-R07-C19,151.87,2.97,A
10,SA919X4XB40509-A98217A-R07-C24,263.08,2.98,A
10,SA919X4XB40509-A98217A-R07-C25,175.41,3.03,A
10,SA919X4XB40509-A98217A-R07-C26,162.97,3,A
10,SA919X4XB40509-A98217A-R07-C27,134.3,2.95,A
10,SA919X4XB40509-A98217A-R07-C34,125.94,3.08,A
10,SA919X4XB40509-A98217A-R07-C37,153.57,3,A
10,SA919X4XB40509-A98217A-R07-C39,170.79,2.89,A
10,SA919X4XB40509-A98217A-R07-C44,132.44,2.89,A
10,SA919X4XB40509-A98217A-R07-C46,168.43,3.09,A
10,SA919X4XB40509-A98217A-R07-C48,151.08,2.88,A
10,SA919X4XB40509-A98217A-R07-C49,153.79,3.13,A
10,SA919X4XB40509-A98217A-R07-C51,156.06,3,A
10,SA919X4XB40509-A98217A-R07-C52,142.17,2.97,A
10,SA919X4XB40509-A98217A-R07-C54,162.9,3.04,A
10,SA919X4XB40509-A98217A-R07-C57,178.03,2.95,A
10,SA919X4XB40509-A98217A-R07-C58,148.14,3.05,A
10,SA919X4XB40509-A98217A-R07-C59,152.46,3.04,A
10,SA919X4XB40509-A98217A-R07-C62,127.33,3,A
10,SA919X4XB40509-A98217A-R07-C66,171.03,2.96,A
10,SA919X4XB40509-A98217A-R07-C68,150.83,2.79,A
10,SA919X4XB40509-A98217A-R08-C08,180.49,3.07,A
10,SA919X4XB40509-A98217A-R08-C09,178.43,2.96,A
10,SA919X4XB40509-A98217A-R08-C10,164.19,3.04,A
10,SA919X4XB40509-A98217A-R08-C11,158.79,2.82,A
10,SA919X4XB40509-A98217A-R08-C12,162.54,3.05,A
10,SA919X4XB40509-A98217A-R08-C14,177.67,3.01,A
10,SA919X4XB40509-A98217A-R08-C15,172.78,2.96,A
10,SA919X4XB40509-A98217A-R08-C16,194.24,2.95,A
10,SA919X4XB40509-A98217A-R08-C17,202.81,3.07,A
10,SA919X4XB40509-A98217A-R08-C18,163.16,3.05,A
10,SA919X4XB40509-A98217A-R08-C21,167.11,3.1,A
10,SA919X4XB40509-A98217A-R08-C22,166.92,3.08,A
10,SA919X4XB40509-A98217A-R08-C23,180.56,2.99,A
10,SA919X4XB40509-A98217A-R08-C24,215.59,2.98,A
10,SA919X4XB40509-A98217A-R08-C28,170.65,3.07,A
10,SA919X4XB40509-A98217A-R08-C30,175.89,2.92,A
10,SA919X4XB40509-A98217A-R08-C31,204.14,3.01,A
10,SA919X4XB40509-A98217A-R08-C32,196.37,2.96,A
10,SA919X4XB40509-A98217A-R08-C34,169.17,3.02,A
10,SA919X4XB40509-A98217A-R08-C35,200.32,3.03,A
10,SA919X4XB40509-A98217A-R08-C36,101.22,3.03,A
10,SA919X4XB40509-A98217A-R08-C37,219.73,2.95,A
10,SA919X4XB40509-A98217A-R08-C38,197.78,2.9,A
10,SA919X4XB40509-A98217A-R08-C39,181.03,2.99,A
10,SA919X4XB40509-A98217A-R08-C41,246.06,2.99,A
10,SA919X4XB40509-A98217A-R08-C45,127.32,3.1,A
10,SA919X4XB40509-A98217A-R08-C46,176.22,3.01,A
10,SA919X4XB40509-A98217A-R08-C47,184.33,2.98,A
10,SA919X4XB40509-A98217A-R08-C51,176.33,3.06,A
10,SA919X4XB40509-A98217A-R08-C54,167.41,3.02,A
10,SA919X4XB40509-A98217A-R08-C55,185.89,2.97,A
10,SA919X4XB40509-A98217A-R08-C57,190.14,3.04,A
10,SA919X4XB40509-A98217A-R08-C59,140.54,3.02,A
10,SA919X4XB40509-A98217A-R08-C60,163.02,3.02,A
10,SA919X4XB40509-A98217A-R08-C61,188.37,3.06,A
10,SA919X4XB40509-A98217A-R08-C64,205.63,3.08,A
10,SA919X4XB40509-A98217A-R08-C65,142.92,2.99,A
10,SA919X4XB40509-A98217A-R08-C67,147.94,3.07,A
10,SA919X4XB40509-A98217A-R08-C69,166.4,3.02,A
10,SA919X4XB40509-A98217A-R08-C70,152.86,2.97,A
10,SA919X4XB40509-A98217A-R09-C07,166.95,2.93,A
10,SA919X4XB40509-A98217A-R09-C08,152.24,2.91,A
10,SA919X4XB40509-A98217A-R09-C10,135.73,3,A
10,SA919X4XB40509-A98217A-R09-C14,158.06,3.07,A
10,SA919X4XB40509-A98217A-R09-C15,107.48,2,A
10,SA919X4XB40509-A98217A-R09-C16,165.63,3,A
10,SA919X4XB40509-A98217A-R09-C18,138.62,3.04,A
10,SA919X4XB40509-A98217A-R09-C19,134.44,3.05,A
10,SA919X4XB40509-A98217A-R09-C25,145.97,3.01,A
10,SA919X4XB40509-A98217A-R09-C29,108.63,2.84,A
10,SA919X4XB40509-A98217A-R09-C31,166.41,3.03,A
10,SA919X4XB40509-A98217A-R09-C32,151.02,2.99,A
10,SA919X4XB40509-A98217A-R09-C34,109.46,2.88,A
10,SA919X4XB40509-A98217A-R09-C37,128.44,3.02,A
10,SA919X4XB40509-A98217A-R09-C39,156.37,3.08,A
10,SA919X4XB40509-A98217A-R09-C40,144.32,3,A
10,SA919X4XB40509-A98217A-R09-C41,152.1,3.02,A
10,SA919X4XB40509-A98217A-R09-C42,159.13,3,A
10,SA919X4XB40509-A98217A-R09-C47,151.21,2.96,A
10,SA919X4XB40509-A98217A-R09-C48,136.51,3.02,A
10,SA919X4XB40509-A98217A-R09-C51,141.22,3.03,A
10,SA919X4XB40509-A98217A-R09-C52,133.24,3.07,A
10,SA919X4XB40509-A98217A-R09-C54,148.43,2.97,A
10,SA919X4XB40509-A98217A-R09-C55,162.56,3.03,A
10,SA919X4XB40509-A98217A-R09-C56,170.06,3.02,A
10,SA919X4XB40509-A98217A-R09-C59,136.25,2.99,A
10,SA919X4XB40509-A98217A-R09-C63,148.29,2.91,A
10,SA919X4XB40509-A98217A-R09-C65,115.73,2.84,A
10,SA919X4XB40509-A98217A-R09-C67,111.43,3.02,A
10,SA919X4XB40509-A98217A-R10-C07,172.41,2.97,A
10,SA919X4XB40509-A98217A-R10-C10,145.1,3.02,A
10,SA919X4XB40509-A98217A-R10-C15,155.95,3.03,A
10,SA919X4XB40509-A98217A-R10-C16,164.4,3,A
10,SA919X4XB40509-A98217A-R10-C17,165.9,2.98,A
10,SA919X4XB40509-A98217A-R10-C18,142.11,3,A
10,SA919X4XB40509-A98217A-R10-C19,145.73,3.04,A
10,SA919X4XB40509-A98217A-R10-C25,163.7,3,A
10,SA919X4XB40509-A98217A-R10-C26,163.54,2.99,A
10,SA919X4XB40509-A98217A-R10-C27,148.22,3.1,A
10,SA919X4XB40509-A98217A-R10-C32,157.21,2.97,A
10,SA919X4XB40509-A98217A-R10-C33,105.24,2.92,A
10,SA919X4XB40509-A98217A-R10-C34,116.92,2.98,A
10,SA919X4XB40509-A98217A-R10-C35,168.44,2.98,A
10,SA919X4XB40509-A98217A-R10-C37,140.3,3.03,A
10,SA919X4XB40509-A98217A-R10-C38,149.56,3.16,A
10,SA919X4XB40509-A98217A-R10-C40,151.89,2.96,A
10,SA919X4XB40509-A98217A-R10-C42,169.89,2.99,A
10,SA919X4XB40509-A98217A-R10-C43,153.79,2.89,A
10,SA919X4XB40509-A98217A-R10-C44,128.51,3.03,A
10,SA919X4XB40509-A98217A-R10-C48,199.94,2.98,A
10,SA919X4XB40509-A98217A-R10-C49,145.21,3.03,A
10,SA919X4XB40509-A98217A-R10-C50,136.33,3.01,A
10,SA919X4XB40509-A98217A-R10-C51,151.05,2.97,A
10,SA919X4XB40509-A98217A-R10-C55,148.63,2.92,A
10,SA919X4XB40509-A98217A-R10-C56,163.35,2.97,A
10,SA919X4XB40509-A98217A-R10-C57,166.79,2.99,A
10,SA919X4XB40509-A98217A-R10-C59,158.63,3.22,A
10,SA919X4XB40509-A98217A-R10-C60,143.14,2.96,A
10,SA919X4XB40509-A98217A-R10-C61,161.29,3.05,A
10,SA919X4XB40509-A98217A-R10-C65,120.71,3.01,A
10,SA919X4XB40509-A98217A-R10-C70,135.49,3.02,A
10,SA919X4XB40509-A98217A-R11-C09,157.75,2.99,A
10,SA919X4XB40509-A98217A-R11-C11,137.62,2.97,A
10,SA919X4XB40509-A98217A-R11-C12,120.83,3.08,A
10,SA919X4XB40509-A98217A-R11-C19,141.59,2.98,A
10,SA919X4XB40509-A98217A-R11-C25,150.46,3.09,A
10,SA919X4XB40509-A98217A-R11-C28,149.83,3.04,A
10,SA919X4XB40509-A98217A-R11-C29,134.92,3.12,A
10,SA919X4XB40509-A98217A-R11-C31,178.65,3.07,A
10,SA919X4XB40509-A98217A-R11-C48,144.81,2.97,A
10,SA919X4XB40509-A98217A-R11-C54,141.92,3.04,A
10,SA919X4XB40509-A98217A-R11-C58,143.56,2.97,A
10,SA919X4XB40509-A98217A-R11-C59,144.87,2.98,A
10,SA919X4XB40509-A98217A-R11-C63,160.84,3.05,A
10,SA919X4XB40509-A98217A-R11-C66,175.48,3.16,A
10,SA919X4XB40509-A98217A-R11-C67,161.71,3.1,A
10,SA919X4XB40509-A98217A-R12-C10,151.24,2.99,A
10,SA919X4XB40509-A98217A-R12-C21,150.29,3.04,A
10,SA919X4XB40509-A98217A-R12-C26,162.33,2.91,A
10,SA919X4XB40509-A98217A-R12-C28,163.14,3.06,A
10,SA919X4XB40509-A98217A-R12-C30,160.25,3.01,A
10,SA919X4XB40509-A98217A-R12-C31,172.29,3.05,A
10,SA919X4XB40509-A98217A-R12-C41,174.71,3.11,A
10,SA919X4XB40509-A98217A-R12-C43,180.84,2.92,A
10,SA919X4XB40509-A98217A-R12-C48,128.37,3,A
10,SA919X4XB40509-A98217A-R12-C59,162.67,3.06,A
10,SA919X4XB40509-A98217A-R12-C66,178.21,2.98,A
10,SA919X4XB40509-A98217A-R12-C69,111.87,2.83,A
10,SA919X4XB40509-A98217A-R13-C15,158.86,2.97,A
10,SA919X4XB40509-A98217A-R13-C44,157.52,3.06,A
10,SA919X4XB40509-A98217A-R13-C55,152.48,3.02,A
10,SA919X4XB40509-A98217A-R13-C59,166.43,3.05,A
10,SA919X4XB40509-A98217A-R13-C63,177.68,3.16,A
10,SA919X4XB40509-A98217A-R13-C65,135.57,3.03,A
10,SA919X4XB40509-A98217A-R14-C13,201.79,3,A
10,SA919X4XB40509-A98217A-R14-C17,178.71,2.94,A
10,SA919X4XB40509-A98217A-R14-C19,154.9,2.94,A
10,SA919X4XB40509-A98217A-R14-C20,163.65,3.15,A
10,SA919X4XB40509-A98217A-R14-C24,208,3.1,A
10,SA919X4XB40509-A98217A-R14-C25,185.38,3.1,A
10,SA919X4XB40509-A98217A-R14-C36,105.06,3.02,A
10,SA919X4XB40509-A98217A-R15-C10,135.4,3.07,A
10,SA919X4XB40509-A98217A-R15-C12,149.65,2.95,A
10,SA919X4XB40509-A98217A-R15-C13,196.75,3.01,A
10,SA919X4XB40509-A98217A-R15-C14,180.51,3.01,A
10,SA919X4XB40509-A98217A-R15-C17,185.22,3.05,A
10,SA919X4XB40509-A98217A-R15-C18,147.44,3.07,A
10,SA919X4XB40509-A98217A-R15-C19,154.87,2.97,A
10,SA919X4XB40509-A98217A-R15-C20,162.84,3.06,A
10,SA919X4XB40509-A98217A-R15-C22,167.63,2.93,A
10,SA919X4XB40509-A98217A-R15-C23,160.49,3,A
10,SA919X4XB40509-A98217A-R15-C24,184.78,2.87,A
10,SA919X4XB40509-A98217A-R15-C25,175.21,3.09,A
10,SA919X4XB40509-A98217A-R15-C26,161.35,3,A
10,SA919X4XB40509-A98217A-R15-C28,152.16,2.94,A
10,SA919X4XB40509-A98217A-R15-C32,174.16,2.96,A
10,SA919X4XB40509-A98217A-R15-C35,184.73,3.09,A
10,SA919X4XB40509-A98217A-R15-C37,143.27,2.94,A
10,SA919X4XB40509-A98217A-R15-C38,148.84,2.93,A
10,SA919X4XB40509-A98217A-R15-C39,174.17,3.01,A
10,SA919X4XB40509-A98217A-R15-C40,162.41,3.03,A
10,SA919X4XB40509-A98217A-R15-C42,178.32,2.95,A
10,SA919X4XB40509-A98217A-R15-C43,183.7,3.01,A
10,SA919X4XB40509-A98217A-R15-C46,154.94,2.92,A
10,SA919X4XB40509-A98217A-R15-C49,148.29,3.05,A
10,SA919X4XB40509-A98217A-R15-C50,145.48,3.01,A
10,SA919X4XB40509-A98217A-R15-C52,136.7,3.05,A
10,SA919X4XB40509-A98217A-R15-C58,154.37,2.92,A
10,SA919X4XB40509-A98217A-R15-C62,153.02,3,A
10,SA919X4XB40509-A98217A-R15-C65,129.62,2.92,A
10,SA919X4XB40509-A98217A-R15-C66,175.41,3.07,A
10,SA919X4XB40509-A98217A-R15-C67,146.03,3.04,A
10,SA919X4XB40509-A98217A-R15-C68,167.92,3,A
10,SA919X4XB40509-A98217A-R15-C70,145.06,3,A
10,SA919X4XB40509-A98217A-R16-C07,154.7,2.99,A
10,SA919X4XB40509-A98217A-R16-C08,151.19,2.91,A
10,SA919X4XB40509-A98217A-R16-C09,147.02,3.01,A
10,SA919X4XB40509-A98217A-R16-C10,120,2.87,A
10,SA919X4XB40509-A98217A-R16-C13,145.75,2.84,A
10,SA919X4XB40509-A98217A-R16-C19,124.75,3.03,A
10,SA919X4XB40509-A98217A-R16-C20,136.08,3.02,A
10,SA919X4XB40509-A98217A-R16-C24,166.57,2.95,A
10,SA919X4XB40509-A98217A-R16-C25,146.94,2.98,A
10,SA919X4XB40509-A98217A-R16-C26,140.03,3,A
10,SA919X4XB40509-A98217A-R16-C27,150.57,3,A
10,SA919X4XB40509-A98217A-R16-C28,101.22,2.78,A
10,SA919X4XB40509-A98217A-R16-C29,91.9,2.75,A
10,SA919X4XB40509-A98217A-R16-C33,102.44,3.01,A
10,SA919X4XB40509-A98217A-R16-C38,116.56,2.91,A
10,SA919X4XB40509-A98217A-R16-C39,148.94,3.1,A
10,SA919X4XB40509-A98217A-R16-C41,145.25,3.03,A
10,SA919X4XB40509-A98217A-R16-C44,134.46,3.13,A
10,SA919X4XB40509-A98217A-R16-C46,148.4,2.94,A
10,SA919X4XB40509-A98217A-R16-C47,145.13,3.01,A
10,SA919X4XB40509-A98217A-R16-C48,130.76,3.03,A
10,SA919X4XB40509-A98217A-R16-C49,129.06,2.99,A
10,SA919X4XB40509-A98217A-R16-C50,119.11,2.97,A
10,SA919X4XB40509-A98217A-R16-C51,138.24,3.03,A
10,SA919X4XB40509-A98217A-R16-C52,127.81,2.96,A
10,SA919X4XB40509-A98217A-R16-C54,124.65,2.96,A
10,SA919X4XB40509-A98217A-R16-C55,177.35,3.02,A
10,SA919X4XB40509-A98217A-R16-C56,146.38,3.01,A
10,SA919X4XB40509-A98217A-R16-C58,132.95,3.07,A
10,SA919X4XB40509-A98217A-R16-C63,162.33,3.05,A
10,SA919X4XB40509-A98217A-R16-C64,154.06,3.29,A
10,SA919X4XB40509-A98217A-R16-C66,131.46,2.86,A
10,SA919X4XB40509-A98217A-R16-C68,138.56,2.91,A
10,SA919X4XB40509-A98217A-R17-C12,130.73,2.97,A
10,SA919X4XB40509-A98217A-R17-C13,159.89,2.92,A
10,SA919X4XB40509-A98217A-R17-C15,142.13,2.98,A
10,SA919X4XB40509-A98217A-R17-C19,132.33,2.9,A
10,SA919X4XB40509-A98217A-R17-C20,141.71,3.02,A
10,SA919X4XB40509-A98217A-R17-C23,151.03,3.06,A
10,SA919X4XB40509-A98217A-R17-C25,150.1,2.85,A
10,SA919X4XB40509-A98217A-R17-C27,129.67,2.97,A
10,SA919X4XB40509-A98217A-R17-C29,126.05,3.06,A
10,SA919X4XB40509-A98217A-R17-C35,201.62,3.08,A
10,SA919X4XB40509-A98217A-R17-C38,138.3,3.24,A
10,SA919X4XB40509-A98217A-R17-C39,149.73,3.03,A
10,SA919X4XB40509-A98217A-R17-C40,135.38,2.89,A
10,SA919X4XB40509-A98217A-R17-C42,196.32,2.93,A
10,SA919X4XB40509-A98217A-R17-C46,145.73,2.95,A
10,SA919X4XB40509-A98217A-R17-C47,151.59,3.05,A
10,SA919X4XB40509-A98217A-R17-C48,139.37,3.01,A
10,SA919X4XB40509-A98217A-R17-C49,138.19,3,A
10,SA919X4XB40509-A98217A-R17-C51,155.46,2.99,A
10,SA919X4XB40509-A98217A-R17-C52,136.43,3.08,A
10,SA919X4XB40509-A98217A-R17-C55,144.03,3.01,A
10,SA919X4XB40509-A98217A-R17-C57,150.89,2.98,A
10,SA919X4XB40509-A98217A-R17-C60,135.37,3.05,A
10,SA919X4XB40509-A98217A-R17-C61,118.67,3.05,A
10,SA919X4XB40509-A98217A-R17-C63,157.46,2.97,A
10,SA919X4XB40509-A98217A-R17-C64,124.22,2.95,A
10,SA919X4XB40509-A98217A-R17-C67,134.54,3.03,A
10,SA919X4XB40509-A98217A-R17-C69,138.29,2.85,A
10,SA919X4XB40509-A98217A-R17-C70,133.51,2.97,A
10,SA919X4XB40509-A98217A-R18-C08,152.32,2.96,A
10,SA919X4XB40509-A98217A-R18-C09,147.89,2.9,A
10,SA919X4XB40509-A98217A-R18-C11,140.1,3.03,A
10,SA919X4XB40509-A98217A-R18-C13,180.1,2.99,A
10,SA919X4XB40509-A98217A-R18-C14,150.14,3,A
10,SA919X4XB40509-A98217A-R18-C15,139.78,2.98,A
10,SA919X4XB40509-A98217A-R18-C16,147,2.87,A
10,SA919X4XB40509-A98217A-R18-C18,128.35,3.03,A
10,SA919X4XB40509-A98217A-R18-C19,134.35,2.95,A
10,SA919X4XB40509-A98217A-R18-C20,141.94,2.98,A
10,SA919X4XB40509-A98217A-R18-C22,136.76,2.94,A
10,SA919X4XB40509-A98217A-R18-C24,161.81,2.99,A
10,SA919X4XB40509-A98217A-R18-C28,136.08,3,A
10,SA919X4XB40509-A98217A-R18-C29,135.97,2.96,A
10,SA919X4XB40509-A98217A-R18-C31,165.03,3.08,A
10,SA919X4XB40509-A98217A-R18-C32,145.54,3.08,A
10,SA919X4XB40509-A98217A-R18-C34,104.54,2.96,A
10,SA919X4XB40509-A98217A-R18-C35,165.9,3.08,A
10,SA919X4XB40509-A98217A-R18-C37,125.37,2.8,A
10,SA919X4XB40509-A98217A-R18-C40,152.67,3.1,A
10,SA919X4XB40509-A98217A-R18-C41,145.65,2.9,A
10,SA919X4XB40509-A98217A-R18-C44,158.16,3.09,A
10,SA919X4XB40509-A98217A-R18-C46,152.25,2.99,A
10,SA919X4XB40509-A98217A-R18-C48,145.48,2.94,A
10,SA919X4XB40509-A98217A-R18-C50,127,3.04,A
10,SA919X4XB40509-A98217A-R18-C51,144.71,2.96,A
10,SA919X4XB40509-A98217A-R18-C54,147.38,3.14,A
10,SA919X4XB40509-A98217A-R18-C58,144.92,3.05,A
10,SA919X4XB40509-A98217A-R18-C59,156.3,3.08,A
10,SA919X4XB40509-A98217A-R18-C61,161.52,3.02,A
10,SA919X4XB40509-A98217A-R18-C62,132.03,3.16,A
10,SA919X4XB40509-A98217A-R18-C64,156,2.98,A
10,SA919X4XB40509-A98217A-R18-C65,113.27,5.74,A
10,SA919X4XB40509-A98217A-R18-C66,162.24,3.11,A
10,SA919X4XB40509-A98217A-R18-C67,125.94,2.89,A
10,SA919X4XB40509-A98217A-R18-C68,132.19,2.99,A
10,SA919X4XB40509-A98217A-R18-C70,108.81,3.01,A
10,SA919X4XB40509-A98217A-R19-C07,103.17,2.78,A
10,SA919X4XB40509-A98217A-R19-C09,101.29,3.04,A
10,SA919X4XB40509-A98217A-R19-C18,101.86,2.98,A
10,SA919X4XB40509-A98217A-R19-C25,100.46,3.08,A
10,SA919X4XB40509-A98217A-R19-C28,104.59,3.24,A
10,SA919X4XB40509-A98217A-R19-C31,114.98,2.89,A
10,SA919X4XB40509-A98217A-R19-C41,105.17,2.98,A
10,SA919X4XB40509-A98217A-R19-C43,111.79,3.03,A
10,SA919X4XB40509-A98217A-R19-C57,103.57,2.95,A
10,SA919X4XB40509-A98217A-R19-C60,99.56,3.01,A
10,SA919X4XB40509-A98217A-R19-C61,111.29,3.02,A
10,SA919X4XB40509-A98217A-R19-C63,116.17,3.07,A
10,SA919X4XB40509-A98217A-R20-C10,150.59,2.88,A
10,SA919X4XB40509-A98217A-R20-C11,126,2.91,A
10,SA919X4XB40509-A98217A-R20-C13,167.08,2.93,A
10,SA919X4XB40509-A98217A-R20-C14,155.24,3.01,A
10,SA919X4XB40509-A98217A-R20-C15,142.13,2.91,A
10,SA919X4XB40509-A98217A-R20-C16,157.81,3.11,A
10,SA919X4XB40509-A98217A-R20-C17,167.73,3.06,A
10,SA919X4XB40509-A98217A-R20-C19,135.95,2.94,A
10,SA919X4XB40509-A98217A-R20-C20,147.56,3.03,A
10,SA919X4XB40509-A98217A-R20-C21,136.1,2.98,A
10,SA919X4XB40509-A98217A-R20-C22,153.08,3.02,A
10,SA919X4XB40509-A98217A-R20-C23,144.6,2.89,A
10,SA919X4XB40509-A98217A-R20-C24,172.17,3.1,A
10,SA919X4XB40509-A98217A-R20-C30,148.48,3.1,A
10,SA919X4XB40509-A98217A-R20-C32,138.02,2.8,A
10,SA919X4XB40509-A98217A-R20-C35,177.79,3,A
10,SA919X4XB40509-A98217A-R20-C37,133.11,2.82,A
10,SA919X4XB40509-A98217A-R20-C39,164.78,3.02,A
10,SA919X4XB40509-A98217A-R20-C40,148.51,3.07,A
10,SA919X4XB40509-A98217A-R20-C42,160.59,2.98,A
10,SA919X4XB40509-A98217A-R20-C43,176.97,3.06,A
10,SA919X4XB40509-A98217A-R20-C44,140.37,2.94,A
10,SA919X4XB40509-A98217A-R20-C45,110.51,2.99,A
10,SA919X4XB40509-A98217A-R20-C47,151.27,2.98,A
10,SA919X4XB40509-A98217A-R20-C48,145.05,2.97,A
10,SA919X4XB40509-A98217A-R20-C49,143.46,3.01,A
10,SA919X4XB40509-A98217A-R20-C52,118.81,3.05,A
10,SA919X4XB40509-A98217A-R20-C54,153.41,2.97,A
10,SA919X4XB40509-A98217A-R20-C55,168.32,2.95,A
10,SA919X4XB40509-A98217A-R20-C56,157.24,3.02,A
10,SA919X4XB40509-A98217A-R20-C57,159.65,2.89,A
10,SA919X4XB40509-A98217A-R20-C59,152.79,3.15,A
10,SA919X4XB40509-A98217A-R20-C61,160.94,2.99,A
10,SA919X4XB40509-A98217A-R20-C62,135.62,3.01,A
10,SA919X4XB40509-A98217A-R20-C63,172.32,3.04,A
10,SA919X4XB40509-A98217A-R20-C64,142.7,2.84,A
10,SA919X4XB40509-A98217A-R20-C68,143.43,3.06,A
10,SA919X4XB40509-A98217A-R21-C07,140.71,2.98,A
10,SA919X4XB40509-A98217A-R21-C08,133.43,2.88,A
10,SA919X4XB40509-A98217A-R21-C12,116.98,2.92,A
10,SA919X4XB40509-A98217A-R21-C13,154.17,3.02,A
10,SA919X4XB40509-A98217A-R21-C16,154.14,2.96,A
10,SA919X4XB40509-A98217A-R21-C17,145.57,3.04,A
10,SA919X4XB40509-A98217A-R21-C18,117.68,3.22,A
10,SA919X4XB40509-A98217A-R21-C21,122.02,2.97,A
10,SA919X4XB40509-A98217A-R21-C26,122.75,2.91,A
10,SA919X4XB40509-A98217A-R21-C32,143.06,3.2,A
10,SA919X4XB40509-A98217A-R21-C35,118.29,2.62,A
10,SA919X4XB40509-A98217A-R21-C37,127.76,3.04,A
10,SA919X4XB40509-A98217A-R21-C38,112.4,2.95,A
10,SA919X4XB40509-A98217A-R21-C39,129.95,2.95,A
10,SA919X4XB40509-A98217A-R21-C40,137.79,3.02,A
10,SA919X4XB40509-A98217A-R21-C43,142.73,3,A
10,SA919X4XB40509-A98217A-R21-C44,130.17,2.92,A
10,SA919X4XB40509-A98217A-R21-C56,138.46,3.03,A
10,SA919X4XB40509-A98217A-R21-C57,151.21,3.07,A
10,SA919X4XB40509-A98217A-R21-C59,125.59,2.85,A
10,SA919X4XB40509-A98217A-R21-C61,133.51,2.92,A
10,SA919X4XB40509-A98217A-R21-C64,136.57,3.06,A
10,SA919X4XB40509-A98217A-R21-C67,117.73,3.01,A
10,SA919X4XB40509-A98217A-R21-C68,103.67,3.13,A
10,SA919X4XB40509-A98217A-R21-C70,123.24,3.16,A
10,SA919X4XB40509-A98217A-R22-C11,113.22,2.95,A
10,SA919X4XB40509-A98217A-R22-C12,113.81,3.28,A
10,SA919X4XB40509-A98217A-R22-C14,122.21,2.91,A
10,SA919X4XB40509-A98217A-R22-C16,132.76,2.9,A
10,SA919X4XB40509-A98217A-R22-C17,134.83,2.93,A
10,SA919X4XB40509-A98217A-R22-C19,108.43,2.85,A
10,SA919X4XB40509-A98217A-R22-C24,145.25,3.05,A
10,SA919X4XB40509-A98217A-R22-C31,140.43,3.01,A
10,SA919X4XB40509-A98217A-R22-C35,132.43,2.92,A
10,SA919X4XB40509-A98217A-R22-C37,110.3,3.01,A
10,SA919X4XB40509-A98217A-R22-C40,115.79,3.25,A
10,SA919X4XB40509-A98217A-R22-C41,130.49,3.01,A
10,SA919X4XB40509-A98217A-R22-C43,142.41,3.03,A
10,SA919X4XB40509-A98217A-R22-C44,117.54,2.98,A
10,SA919X4XB40509-A98217A-R22-C48,118.22,2.97,A
10,SA919X4XB40509-A98217A-R22-C49,127.02,2.97,A
10,SA919X4XB40509-A98217A-R22-C51,115.98,3,A
10,SA919X4XB40509-A98217A-R22-C52,117.1,3.16,A
10,SA919X4XB40509-A98217A-R22-C55,123.38,2.96,A
10,SA919X4XB40509-A98217A-R22-C57,129.87,2.97,A
10,SA919X4XB40509-A98217A-R22-C59,121.94,3.01,A
10,SA919X4XB40509-A98217A-R22-C67,113.83,3.06,A
10,SA919X4XB40509-A98217A-R22-C69,107.54,3.17,A
10,SA919X4XB40509-A98217A-R22-C70,116.76,3.01,A
10,SA919X4XB40509-A98217A-R23-C09,142.59,2.89,A
10,SA919X4XB40509-A98217A-R23-C13,161.9,3.02,A
10,SA919X4XB40509-A98217A-R23-C14,148.02,3.06,A
10,SA919X4XB40509-A98217A-R23-C15,150.94,3.02,A
10,SA919X4XB40509-A98217A-R23-C16,182.03,3.01,A
10,SA919X4XB40509-A98217A-R23-C18,123.57,2.98,A
10,SA919X4XB40509-A98217A-R23-C19,123.6,2.89,A
10,SA919X4XB40509-A98217A-R23-C20,130.1,2.99,A
10,SA919X4XB40509-A98217A-R23-C22,131.13,2.96,A
10,SA919X4XB40509-A98217A-R23-C23,150.57,3.05,A
10,SA919X4XB40509-A98217A-R23-C29,128.86,2.96,A
10,SA919X4XB40509-A98217A-R23-C32,143.11,3.14,A
10,SA919X4XB40509-A98217A-R23-C41,149.19,3,A
10,SA919X4XB40509-A98217A-R23-C42,166.08,2.98,A
10,SA919X4XB40509-A98217A-R23-C43,185.33,3.02,A
10,SA919X4XB40509-A98217A-R23-C46,162,3.03,A
10,SA919X4XB40509-A98217A-R23-C47,151.78,3.02,A
10,SA919X4XB40509-A98217A-R23-C48,145.67,2.94,A
10,SA919X4XB40509-A98217A-R23-C49,137.16,3.03,A
10,SA919X4XB40509-A98217A-R23-C51,151.22,3.14,A
10,SA919X4XB40509-A98217A-R23-C54,143.51,3.04,A
10,SA919X4XB40509-A98217A-R23-C56,147.22,2.86,A
10,SA919X4XB40509-A98217A-R23-C59,150.37,3.08,A
10,SA919X4XB40509-A98217A-R23-C61,149.48,3,A
10,SA919X4XB40509-A98217A-R23-C63,161.4,2.95,A
10,SA919X4XB40509-A98217A-R23-C67,134.43,2.84,A
10,SA919X4XB40509-A98217A-R23-C68,111.35,3.07,A
10,SA919X4XB40509-A98217A-R23-C69,115.67,2.96,A
10,SA919X4XB40509-A98217A-R24-C08,152.56,2.98,A
10,SA919X4XB40509-A98217A-R24-C09,159.33,3.13,A
10,SA919X4XB40509-A98217A-R24-C11,124.03,2.92,A
10,SA919X4XB40509-A98217A-R24-C13,169.19,3,A
10,SA919X4XB40509-A98217A-R24-C14,145.75,3.06,A
10,SA919X4XB40509-A98217A-R24-C16,163.43,3,A
10,SA919X4XB40509-A98217A-R24-C17,146.29,2.92,A
10,SA919X4XB40509-A98217A-R24-C18,136.02,2.91,A
10,SA919X4XB40509-A98217A-R24-C20,138.59,2.94,A
10,SA919X4XB40509-A98217A-R24-C21,141,3.07,A
10,SA919X4XB40509-A98217A-R24-C22,143.06,2.98,A
10,SA919X4XB40509-A98217A-R24-C26,133.59,2.87,A
10,SA919X4XB40509-A98217A-R24-C27,125.3,3.03,A
10,SA919X4XB40509-A98217A-R24-C28,129.7,3.04,A
10,SA919X4XB40509-A98217A-R24-C31,160.97,3,A
10,SA919X4XB40509-A98217A-R24-C37,128.65,2.97,A
10,SA919X4XB40509-A98217A-R24-C38,128.51,3.07,A
10,SA919X4XB40509-A98217A-R24-C39,155.32,3.05,A
10,SA919X4XB40509-A98217A-R24-C40,158.3,3.24,A
10,SA919X4XB40509-A98217A-R24-C42,158.4,2.97,A
10,SA919X4XB40509-A98217A-R24-C44,136.25,2.91,A
10,SA919X4XB40509-A98217A-R24-C47,159.03,3.06,A
10,SA919X4XB40509-A98217A-R24-C49,141.3,3.12,A
10,SA919X4XB40509-A98217A-R24-C50,141.22,2.97,A
10,SA919X4XB40509-A98217A-R24-C54,141.94,3.16,A
10,SA919X4XB40509-A98217A-R24-C56,170.22,2.96,A
10,SA919X4XB40509-A98217A-R24-C61,136.44,2.87,A
10,SA919X4XB40509-A98217A-R24-C62,136.65,3.05,A
10,SA919X4XB40509-A98217A-R24-C63,169.33,3.05,A
10,SA919X4XB40509-A98217A-R24-C66,156.78,2.98,A
10,SA919X4XB40509-A98217A-R24-C67,123.48,2.93,A
10,SA919X4XB40509-A98217A-R25-C14,137.98,3.16,A
10,SA919X4XB40509-A98217A-R25-C16,137.97,3.04,A
10,SA919X4XB40509-A98217A-R25-C17,142.44,3.11,A
10,SA919X4XB40509-A98217A-R25-C19,111.11,3.02,A
10,SA919X4XB40509-A98217A-R25-C23,133,3.06,A
10,SA919X4XB40509-A98217A-R25-C25,142.4,3.01,A
10,SA919X4XB40509-A98217A-R25-C26,125.7,2.99,A
10,SA919X4XB40509-A98217A-R25-C27,126.79,3,A
10,SA919X4XB40509-A98217A-R25-C28,129.43,3.02,A
10,SA919X4XB40509-A98217A-R25-C35,154.87,3.06,A
10,SA919X4XB40509-A98217A-R25-C39,140.89,2.98,A
10,SA919X4XB40509-A98217A-R25-C40,126.98,2.97,A
10,SA919X4XB40509-A98217A-R25-C41,129.63,2.97,A
10,SA919X4XB40509-A98217A-R25-C44,117.79,2.82,A
10,SA919X4XB40509-A98217A-R25-C48,127.16,2.95,A
10,SA919X4XB40509-A98217A-R25-C50,111,2.92,A
10,SA919X4XB40509-A98217A-R25-C51,126.67,2.87,A
10,SA919X4XB40509-A98217A-R25-C54,133.35,2.96,A
10,SA919X4XB40509-A98217A-R25-C55,150.97,2.99,A
10,SA919X4XB40509-A98217A-R25-C59,135.03,2.99,A
10,SA919X4XB40509-A98217A-R25-C61,134.87,2.87,A
10,SA919X4XB40509-A98217A-R25-C64,147.44,3.08,A
10,SA919X4XB40509-A98217A-R25-C65,107.21,8.62,A
10,SA919X4XB40509-A98217A-R25-C66,122.1,3.04,A
10,SA919X4XB40509-A98217A-R25-C67,106.22,2.98,A
10,SA919X4XB40509-A98217A-R25-C69,105.6,2.97,A
10,SA919X4XB40509-A98217A-R25-C70,118,2.9,A
10,SA919X4XB40509-A98217A-R26-C08,121.89,3.06,A
10,SA919X4XB40509-A98217A-R26-C12,115.22,3.08,A
10,SA919X4XB40509-A98217A-R26-C13,156.33,3.05,A
10,SA919X4XB40509-A98217A-R26-C17,146.24,3.03,A
10,SA919X4XB40509-A98217A-R26-C18,109.02,3.1,A
10,SA919X4XB40509-A98217A-R26-C21,117.3,3.13,A
10,SA919X4XB40509-A98217A-R26-C23,114.9,2.82,A
10,SA919X4XB40509-A98217A-R26-C25,129.11,3.03,A
10,SA919X4XB40509-A98217A-R26-C27,112.73,3.2,A
10,SA919X4XB40509-A98217A-R26-C29,101.87,3.01,A
10,SA919X4XB40509-A98217A-R26-C31,132.81,2.93,A
10,SA919X4XB40509-A98217A-R26-C38,101.76,2.9,A
10,SA919X4XB40509-A98217A-R26-C39,134.65,3.03,A
10,SA919X4XB40509-A98217A-R26-C44,120.98,3.07,A
10,SA919X4XB40509-A98217A-R26-C46,132.19,2.99,A
10,SA919X4XB40509-A98217A-R26-C50,107.41,3.07,A
10,SA919X4XB40509-A98217A-R26-C55,126,2.94,A
10,SA919X4XB40509-A98217A-R26-C56,147.46,3.01,A
10,SA919X4XB40509-A98217A-R26-C57,130.32,3,A
10,SA919X4XB40509-A98217A-R26-C61,118.06,2.99,A
10,SA919X4XB40509-A98217A-R26-C63,128.52,3.07,A
10,SA919X4XB40509-A98217A-R26-C66,120.76,3.1,A
10,SA919X4XB40509-A98217A-R26-C68,111.75,3.04,A
10,SA919X4XB40509-A98217A-R27-C09,139.56,2.98,A
10,SA919X4XB40509-A98217A-R27-C10,115.32,3.06,A
10,SA919X4XB40509-A98217A-R27-C12,117.98,2.89,A
10,SA919X4XB40509-A98217A-R27-C14,109.13,2.93,A
10,SA919X4XB40509-A98217A-R27-C16,138.59,2.95,A
10,SA919X4XB40509-A98217A-R27-C19,119,2.97,A
10,SA919X4XB40509-A98217A-R27-C24,161.21,2.98,A
10,SA919X4XB40509-A98217A-R27-C26,140.62,3.05,A
10,SA919X4XB40509-A98217A-R27-C31,133.95,2.98,A
10,SA919X4XB40509-A98217A-R27-C35,138.16,2.89,A
10,SA919X4XB40509-A98217A-R27-C38,119.54,2.96,A
10,SA919X4XB40509-A98217A-R27-C39,131.95,2.98,A
10,SA919X4XB40509-A98217A-R27-C41,138.67,2.97,A
10,SA919X4XB40509-A98217A-R27-C43,165.24,3.08,A
10,SA919X4XB40509-A98217A-R27-C48,138.02,2.9,A
10,SA919X4XB40509-A98217A-R27-C50,108.06,2.91,A
10,SA919X4XB40509-A98217A-R27-C51,161.67,3.36,A
10,SA919X4XB40509-A98217A-R27-C60,105.57,3.04,A
10,SA919X4XB40509-A98217A-R27-C61,127.57,2.92,A
10,SA919X4XB40509-A98217A-R27-C66,134.65,3,A
10,SA919X4XB40509-A98217A-R27-C67,111.43,3.05,A
10,SA919X4XB40509-A98217A-R27-C68,116.3,3.05,A
10,SA919X4XB40509-A98217A-R28-C13,139.68,2.83,A
10,SA919X4XB40509-A98217A-R28-C14,144.73,3,A
10,SA919X4XB40509-A98217A-R28-C17,128.32,2.84,A
10,SA919X4XB40509-A98217A-R28-C18,117.81,3.05,A
10,SA919X4XB40509-A98217A-R28-C20,120.92,3,A
10,SA919X4XB40509-A98217A-R28-C21,117,2.99,A
10,SA919X4XB40509-A98217A-R28-C23,102.81,3.07,A
10,SA919X4XB40509-A98217A-R28-C24,149.29,3.09,A
10,SA919X4XB40509-A98217A-R28-C28,112.56,3.15,A
10,SA919X4XB40509-A98217A-R28-C29,105.75,2.92,A
10,SA919X4XB40509-A98217A-R28-C31,140.25,3.01,A
10,SA919X4XB40509-A98217A-R28-C32,113.98,2.86,A
10,SA919X4XB40509-A98217A-R28-C37,111.38,2.94,A
10,SA919X4XB40509-A98217A-R28-C38,117.1,2.94,A
10,SA919X4XB40509-A98217A-R28-C44,122.9,3.24,A
10,SA919X4XB40509-A98217A-R28-C46,129.95,3.04,A
10,SA919X4XB40509-A98217A-R28-C50,119.52,3.06,A
10,SA919X4XB40509-A98217A-R28-C57,105.48,2.98,A
10,SA919X4XB40509-A98217A-R28-C60,106.24,2.8,A
10,SA919X4XB40509-A98217A-R28-C66,111.79,2.95,A
10,SA919X4XB40509-A98217A-R28-C68,95.52,2.79,A
10,SA919X4XB40509-A98217A-R29-C08,137.51,2.94,A
10,SA919X4XB40509-A98217A-R29-C09,136.33,2.97,A
10,SA919X4XB40509-A98217A-R29-C14,128.79,2.81,A
10,SA919X4XB40509-A98217A-R29-C15,129.08,3.05,A
10,SA919X4XB40509-A98217A-R29-C18,124.27,2.99,A
10,SA919X4XB40509-A98217A-R29-C19,122.32,3.05,A
10,SA919X4XB40509-A98217A-R29-C21,121.78,2.94,A
10,SA919X4XB40509-A98217A-R29-C23,137.9,2.96,A
10,SA919X4XB40509-A98217A-R29-C28,148.49,3.21,A
10,SA919X4XB40509-A98217A-R29-C30,119.81,2.87,A
10,SA919X4XB40509-A98217A-R29-C31,128,2.73,A
10,SA919X4XB40509-A98217A-R29-C32,139.19,3.05,A
10,SA919X4XB40509-A98217A-R29-C40,123.67,2.88,A
10,SA919X4XB40509-A98217A-R29-C43,165.3,3.13,A
10,SA919X4XB40509-A98217A-R29-C46,147.81,3.11,A
10,SA919X4XB40509-A98217A-R29-C52,116.24,2.91,A
10,SA919X4XB40509-A98217A-R29-C57,155.87,3.13,A
10,SA919X4XB40509-A98217A-R29-C59,132.22,2.83,A
10,SA919X4XB40509-A98217A-R29-C60,132.22,3.09,A
10,SA919X4XB40509-A98217A-R29-C66,127.89,3.17,A
10,SA919X4XB40509-A98217A-R29-C68,111.16,3,A
10,SA919X4XB40509-A98217A-R30-C12,110.73,3,A
10,SA919X4XB40509-A98217A-R30-C21,104.63,3.02,A
10,SA919X4XB40509-A98217A-R30-C35,132.17,3.01,A
10,SA919X4XB40509-A98217A-R30-C37,105.89,2.92,A
10,SA919X4XB40509-A98217A-R30-C38,105.86,3,A
10,SA919X4XB40509-A98217A-R30-C39,115.67,2.76,A
10,SA919X4XB40509-A98217A-R30-C40,115.95,2.97,A
10,SA919X4XB40509-A98217A-R30-C41,131.22,2.95,A
10,SA919X4XB40509-A98217A-R30-C42,115.87,2.85,A
10,SA919X7XB05588-A98299A-R03-C07,223.63,3.99,C
10,SA919X7XB05588-A98299A-R03-C09,201.46,3.88,C
10,SA919X7XB05588-A98299A-R03-C15,218.71,3.82,C
10,SA919X7XB05588-A98299A-R03-C17,259.05,3.95,C
10,SA919X7XB05588-A98299A-R03-C19,195.86,3.83,B
10,SA919X7XB05588-A98299A-R03-C24,233.4,3.87,C
10,SA919X7XB05588-A98299A-R03-C25,271.68,3.89,C
10,SA919X7XB05588-A98299A-R03-C27,245.94,4.02,C
10,SA919X7XB05588-A98299A-R03-C31,119.08,3.88,C
10,SA919X7XB05588-A98299A-R03-C39,255.83,3.9,C
10,SA919X7XB05588-A98299A-R03-C46,295.17,3.88,C
10,SA919X7XB05588-A98299A-R03-C47,166.63,2.93,B
10,SA919X7XB05588-A98299A-R03-C48,161.76,3.87,C
10,SA919X7XB05588-A98299A-R03-C49,246.35,4.01,C
10,SA919X7XB05588-A98299A-R03-C52,177.84,3.93,C
10,SA919X7XB05588-A98299A-R03-C56,286.29,3.89,C
10,SA919X7XB05588-A98299A-R03-C59,195.59,3.91,C
10,SA919X7XB05588-A98299A-R03-C60,258.7,3.91,C
10,SA919X7XB05588-A98299A-R03-C67,271.52,3.8,C
10,SA919X7XB05588-A98299A-R03-C68,286.24,3.93,C
10,SA919X7XB05588-A98299A-R03-C70,242.32,3.97,C
10,SA919X7XB05588-A98299A-R04-C08,294.63,3.92,C
10,SA919X7XB05588-A98299A-R04-C09,305.33,3.89,C
10,SA919X7XB05588-A98299A-R04-C13,457.65,3.84,C
10,SA919X7XB05588-A98299A-R04-C14,304.73,3.87,C
10,SA919X7XB05588-A98299A-R04-C15,283.41,3.95,C
10,SA919X7XB05588-A98299A-R04-C17,233.94,3.8,C
10,SA919X7XB05588-A98299A-R04-C22,224.19,3.93,C
10,SA919X7XB05588-A98299A-R04-C25,302.49,3.95,C
10,SA919X7XB05588-A98299A-R04-C39,271.83,3.81,C
10,SA919X7XB05588-A98299A-R04-C40,287.62,3.99,C
10,SA919X7XB05588-A98299A-R04-C41,311.95,3.98,C
10,SA919X7XB05588-A98299A-R04-C44,298.48,3.89,C
10,SA919X7XB05588-A98299A-R04-C48,225.35,3.03,A
10,SA919X7XB05588-A98299A-R04-C49,252.02,3.87,C
10,SA919X7XB05588-A98299A-R04-C56,288.33,3.96,C
10,SA919X7XB05588-A98299A-R04-C57,307.52,3.88,C
10,SA919X7XB05588-A98299A-R04-C60,303.33,3.78,C
10,SA919X7XB05588-A98299A-R04-C61,334.86,4.05,C
10,SA919X7XB05588-A98299A-R04-C63,290.54,3.93,C
10,SA919X7XB05588-A98299A-R05-C08,287.13,3.87,C
10,SA919X7XB05588-A98299A-R05-C11,264.29,3.9,C
10,SA919X7XB05588-A98299A-R05-C14,292.92,3.85,C
10,SA919X7XB05588-A98299A-R05-C15,303.17,3.97,C
10,SA919X7XB05588-A98299A-R05-C19,292.27,3.88,C
10,SA919X7XB05588-A98299A-R05-C21,303.6,3.93,C
10,SA919X7XB05588-A98299A-R05-C22,273.29,3.87,C
10,SA919X7XB05588-A98299A-R05-C24,326.35,3.96,C
10,SA919X7XB05588-A98299A-R05-C33,211.35,4.01,C
10,SA919X7XB05588-A98299A-R05-C35,348.3,3.99,C
10,SA919X7XB05588-A98299A-R05-C36,305.6,3.88,C
10,SA919X7XB05588-A98299A-R05-C39,321.62,3.83,C
10,SA919X7XB05588-A98299A-R05-C40,279.79,3.9,C
10,SA919X7XB05588-A98299A-R05-C48,286.48,3.89,C
10,SA919X7XB05588-A98299A-R05-C49,263.92,3.96,C
10,SA919X7XB05588-A98299A-R05-C51,331.19,4.02,C
10,SA919X7XB05588-A98299A-R05-C52,257.78,3.93,C
10,SA919X7XB05588-A98299A-R05-C57,311.22,3.91,C
10,SA919X7XB05588-A98299A-R05-C60,455.11,3.97,C
10,SA919X7XB05588-A98299A-R05-C67,307.33,3.76,C
10,SA919X7XB05588-A98299A-R05-C69,301.08,3.89,C
10,SA919X7XB05588-A98299A-R06-C16,271.63,3.85,C
10,SA919X7XB05588-A98299A-R06-C21,254.3,3.93,C
10,SA919X7XB05588-A98299A-R06-C25,293.98,3.9,C
10,SA919X7XB05588-A98299A-R06-C29,256.83,3.96,C
10,SA919X7XB05588-A98299A-R06-C35,260.25,3.96,C
10,SA919X7XB05588-A98299A-R06-C37,258.03,3.95,C
10,SA919X7XB05588-A98299A-R06-C38,138.95,4.01,C
10,SA919X7XB05588-A98299A-R06-C51,292.7,3.96,C
10,SA919X7XB05588-A98299A-R06-C59,245.98,3.73,C
10,SA919X7XB05588-A98299A-R06-C60,289.98,4.08,C
10,SA919X7XB05588-A98299A-R06-C61,292.63,3.98,C
10,SA919X7XB05588-A98299A-R06-C64,268.54,3.81,C
10,SA919X7XB05588-A98299A-R07-C14,289.25,3.92,C
10,SA919X7XB05588-A98299A-R07-C19,240.75,3.98,C
10,SA919X7XB05588-A98299A-R07-C25,301.33,3.92,C
10,SA919X7XB05588-A98299A-R07-C28,264.73,3.85,C
10,SA919X7XB05588-A98299A-R07-C31,268.78,3.8,C
10,SA919X7XB05588-A98299A-R07-C32,259.68,3.85,C
10,SA919X7XB05588-A98299A-R07-C36,207.57,4,C
10,SA919X7XB05588-A98299A-R07-C39,278.65,3.96,B
10,SA919X7XB05588-A98299A-R07-C46,287.35,4.01,C
10,SA919X7XB05588-A98299A-R07-C48,273.3,3.97,C
10,SA919X7XB05588-A98299A-R07-C54,273.52,3.98,C
10,SA919X7XB05588-A98299A-R07-C61,343.33,3.82,C
10,SA919X7XB05588-A98299A-R07-C63,284.98,3.82,C
10,SA919X7XB05588-A98299A-R08-C07,279.19,3.9,C
10,SA919X7XB05588-A98299A-R08-C09,287.65,3.84,C
10,SA919X7XB05588-A98299A-R08-C13,334.87,3.87,C
10,SA919X7XB05588-A98299A-R08-C17,288.7,3.92,C
10,SA919X7XB05588-A98299A-R08-C19,250.14,3.88,C
10,SA919X7XB05588-A98299A-R08-C23,258.68,4.04,C
10,SA919X7XB05588-A98299A-R08-C24,307.4,3.86,C
10,SA919X7XB05588-A98299A-R08-C28,282.59,3.98,C
10,SA919X7XB05588-A98299A-R08-C30,297.76,3.81,C
10,SA919X7XB05588-A98299A-R08-C31,293.89,3.9,C
10,SA919X7XB05588-A98299A-R08-C33,206.83,3.87,C
10,SA919X7XB05588-A98299A-R08-C36,241.21,3.83,C
10,SA919X7XB05588-A98299A-R08-C37,290.98,3.89,C
10,SA919X7XB05588-A98299A-R08-C39,294.35,3.88,C
10,SA919X7XB05588-A98299A-R08-C41,280.7,3.88,C
10,SA919X7XB05588-A98299A-R08-C46,295.29,4.01,C
10,SA919X7XB05588-A98299A-R08-C51,318.56,3.92,C
10,SA919X7XB05588-A98299A-R08-C52,228.17,3.99,C
10,SA919X7XB05588-A98299A-R08-C63,298.86,3.8,C
10,SA919X7XB05588-A98299A-R09-C08,223.1,4,C
10,SA919X7XB05588-A98299A-R09-C09,240.81,3.93,C
10,SA919X7XB05588-A98299A-R09-C11,224.1,3.96,C
10,SA919X7XB05588-A98299A-R09-C12,196.3,3.89,C
10,SA919X7XB05588-A98299A-R09-C13,304.67,3.89,C
10,SA919X7XB05588-A98299A-R09-C15,209.3,4.18,C
10,SA919X7XB05588-A98299A-R09-C19,216.6,3.93,C
10,SA919X7XB05588-A98299A-R09-C20,160.76,3.82,C
10,SA919X7XB05588-A98299A-R09-C23,229.17,3.88,C
10,SA919X7XB05588-A98299A-R09-C25,267.9,3.96,C
10,SA919X7XB05588-A98299A-R09-C30,224.79,3.92,C
10,SA919X7XB05588-A98299A-R09-C40,225.52,3.96,C
10,SA919X7XB05588-A98299A-R09-C43,365.08,3.88,C
10,SA919X7XB05588-A98299A-R09-C44,244.95,3.89,C
10,SA919X7XB05588-A98299A-R09-C48,306.43,4.01,C
10,SA919X7XB05588-A98299A-R09-C52,247,3.96,C
10,SA919X7XB05588-A98299A-R09-C59,237.68,4.07,C
10,SA919X7XB05588-A98299A-R09-C61,280.16,3.86,C
10,SA919X7XB05588-A98299A-R09-C67,278.14,4,C
10,SA919X7XB05588-A98299A-R09-C68,123.78,3.75,C
10,SA919X7XB05588-A98299A-R09-C69,216.68,3.88,C
10,SA919X7XB05588-A98299A-R10-C20,199.68,3.84,C
10,SA919X7XB05588-A98299A-R10-C22,217.81,3.74,C
10,SA919X7XB05588-A98299A-R10-C24,311.6,3.91,C
10,SA919X7XB05588-A98299A-R10-C33,177.33,3.88,C
10,SA919X7XB05588-A98299A-R10-C35,313.02,3.87,C
10,SA919X7XB05588-A98299A-R10-C36,263.13,3.99,C
10,SA919X7XB05588-A98299A-R10-C38,148.32,3.85,C
10,SA919X7XB05588-A98299A-R10-C40,292.16,3.88,C
10,SA919X7XB05588-A98299A-R10-C43,343.13,3.85,C
10,SA919X7XB05588-A98299A-R10-C44,286.38,3.91,C
10,SA919X7XB05588-A98299A-R10-C48,277.86,3.96,C
10,SA919X7XB05588-A98299A-R10-C49,246.43,3.85,C
10,SA919X7XB05588-A98299A-R10-C51,325.94,3.9,C
10,SA919X7XB05588-A98299A-R10-C59,270.51,3.75,B
10,SA919X7XB05588-A98299A-R10-C61,321.7,3.86,C
10,SA919X7XB05588-A98299A-R10-C63,317.94,3.83,C
10,SA919X7XB05588-A98299A-R10-C64,270.43,3.91,B
10,SA919X7XB05588-A98299A-R10-C68,297.89,3.97,B
10,SA919X7XB05588-A98299A-R10-C70,222.4,2.9,B
10,SA919X7XB05588-A98299A-R11-C09,274.56,3.96,C
10,SA919X7XB05588-A98299A-R11-C13,330.87,3.92,C
10,SA919X7XB05588-A98299A-R11-C21,282.65,3.94,C
10,SA919X7XB05588-A98299A-R11-C24,306.9,3.93,C
10,SA919X7XB05588-A98299A-R11-C30,294.89,3.92,C
10,SA919X7XB05588-A98299A-R11-C31,296.33,3.93,C
10,SA919X7XB05588-A98299A-R11-C32,273.78,4.02,C
10,SA919X7XB05588-A98299A-R11-C33,183.08,3.98,C
10,SA919X7XB05588-A98299A-R11-C40,278.76,3.86,C
10,SA919X7XB05588-A98299A-R11-C48,282.98,3.97,C
10,SA919X7XB05588-A98299A-R11-C68,176.21,3.74,C
10,SA919X7XB05588-A98299A-R12-C17,304.98,3.92,C
10,SA919X7XB05588-A98299A-R12-C19,254.3,4.05,C
10,SA919X7XB05588-A98299A-R12-C22,219.89,3.81,C
10,SA919X7XB05588-A98299A-R12-C23,324.63,3.93,C
10,SA919X7XB05588-A98299A-R12-C25,433.13,3.86,C
10,SA919X7XB05588-A98299A-R12-C28,278.14,3.86,C
10,SA919X7XB05588-A98299A-R12-C30,220.63,9.23,B
10,SA919X7XB05588-A98299A-R12-C35,407.52,3.93,C
10,SA919X7XB05588-A98299A-R12-C36,353.48,3.89,C
10,SA919X7XB05588-A98299A-R12-C41,299.73,3.85,C
10,SA919X7XB05588-A98299A-R12-C45,134.25,3.88,C
10,SA919X7XB05588-A98299A-R12-C46,313.51,3.86,C
10,SA919X7XB05588-A98299A-R12-C47,330.49,3.96,C
10,SA919X7XB05588-A98299A-R12-C51,326.25,3.9,C
10,SA919X7XB05588-A98299A-R12-C55,306.98,3.95,C
10,SA919X7XB05588-A98299A-R12-C57,313.98,3.88,C
10,SA919X7XB05588-A98299A-R12-C60,323.54,3.96,C
10,SA919X7XB05588-A98299A-R12-C67,330.25,3.98,C
10,SA919X7XB05588-A98299A-R12-C69,288.05,3.96,C
10,SA919X7XB05588-A98299A-R12-C70,256.62,3.69,C
10,SA919X7XB05588-A98299A-R13-C13,290.67,3.92,C
10,SA919X7XB05588-A98299A-R13-C14,258.44,3.83,C
10,SA919X7XB05588-A98299A-R13-C23,158.79,3.8,C
10,SA919X7XB05588-A98299A-R13-C27,207.05,3.93,C
10,SA919X7XB05588-A98299A-R13-C30,250.35,3.98,C
10,SA919X7XB05588-A98299A-R13-C31,264.06,3.88,C
10,SA919X7XB05588-A98299A-R13-C36,211.75,3.86,C
10,SA919X7XB05588-A98299A-R13-C49,269.73,3.92,C
10,SA919X7XB05588-A98299A-R13-C51,257.95,3.97,C
10,SA919X7XB05588-A98299A-R13-C56,255.05,3.91,C
10,SA919X7XB05588-A98299A-R13-C60,267.38,3.92,C
10,SA919X7XB05588-A98299A-R13-C67,236.21,3.97,C
10,SA919X7XB05588-A98299A-R14-C11,245.4,3.99,C
10,SA919X7XB05588-A98299A-R14-C13,333.54,3.91,C
10,SA919X7XB05588-A98299A-R14-C14,296.1,3.87,C
10,SA919X7XB05588-A98299A-R14-C16,297.75,3.96,C
10,SA919X7XB05588-A98299A-R14-C17,255.48,3.94,C
10,SA919X7XB05588-A98299A-R14-C19,198.95,3.87,C
10,SA919X7XB05588-A98299A-R14-C21,256.59,3.87,C
10,SA919X7XB05588-A98299A-R14-C22,224.86,3.91,C
10,SA919X7XB05588-A98299A-R14-C23,158.75,2.01,B
10,SA919X7XB05588-A98299A-R14-C24,316.65,3.87,C
10,SA919X7XB05588-A98299A-R14-C25,330.38,3.91,C
10,SA919X7XB05588-A98299A-R14-C27,234.22,3.89,C
10,SA919X7XB05588-A98299A-R14-C28,288.17,3.88,C
10,SA919X7XB05588-A98299A-R14-C31,317.25,3.91,C
10,SA919X7XB05588-A98299A-R14-C35,336.87,3.91,C
10,SA919X7XB05588-A98299A-R14-C37,277.81,3.88,B
10,SA919X7XB05588-A98299A-R14-C38,84.79,1.95,B
10,SA919X7XB05588-A98299A-R14-C41,285.17,3.04,B
10,SA919X7XB05588-A98299A-R14-C51,327.65,3.83,C
10,SA919X7XB05588-A98299A-R14-C54,265.63,3.87,C
10,SA919X7XB05588-A98299A-R14-C59,293.03,3.99,C
10,SA919X7XB05588-A98299A-R14-C64,296.19,3.96,C
10,SA919X7XB05588-A98299A-R14-C67,326.95,3.99,C
10,SA919X7XB05588-A98299A-R14-C70,238.84,4.04,C
10,SA919X7XB05588-A98299A-R15-C12,265.75,3.94,C
10,SA919X7XB05588-A98299A-R15-C14,331.03,3.91,C
10,SA919X7XB05588-A98299A-R15-C16,319.98,3.86,C
10,SA919X7XB05588-A98299A-R15-C37,282.4,3.89,C
10,SA919X7XB05588-A98299A-R15-C38,178.1,3.91,C
10,SA919X7XB05588-A98299A-R15-C39,312.54,3.89,C
10,SA919X7XB05588-A98299A-R15-C46,286.95,3.98,C
10,SA919X7XB05588-A98299A-R15-C52,231.6,4.01,C
10,SA919X7XB05588-A98299A-R15-C56,313.05,3.78,C
10,SA919X7XB05588-A98299A-R15-C70,282.87,3.95,C
10,SA919X7XB05588-A98299A-R16-C07,257.41,3.88,C
10,SA919X7XB05588-A98299A-R16-C09,322.75,4.01,C
10,SA919X7XB05588-A98299A-R16-C14,313.14,3.82,C
10,SA919X7XB05588-A98299A-R16-C16,248.71,3.83,C
10,SA919X7XB05588-A98299A-R16-C22,130.83,2.86,B
10,SA919X7XB05588-A98299A-R16-C24,263.21,3.88,C
10,SA919X7XB05588-A98299A-R16-C25,261.1,3.86,C
10,SA919X7XB05588-A98299A-R16-C29,234.79,3.91,C
10,SA919X7XB05588-A98299A-R16-C32,253.32,3.96,C
10,SA919X7XB05588-A98299A-R16-C36,213.24,3.9,C
10,SA919X7XB05588-A98299A-R16-C38,128.37,3.86,C
10,SA919X7XB05588-A98299A-R16-C39,272.19,3.97,C
10,SA919X7XB05588-A98299A-R16-C47,257.83,3.84,C
10,SA919X7XB05588-A98299A-R16-C48,242.84,3.86,C
10,SA919X7XB05588-A98299A-R16-C49,214.22,3.9,C
10,SA919X7XB05588-A98299A-R16-C64,222.54,3.73,C
10,SA919X7XB05588-A98299A-R16-C65,177.19,3.82,C
10,SA919X7XB05588-A98299A-R16-C70,221.44,3.91,C
10,SA919X7XB05588-A98299A-R17-C13,288.81,3.8,C
10,SA919X7XB05588-A98299A-R17-C14,281.63,3.89,C
10,SA919X7XB05588-A98299A-R17-C17,277.3,3.86,C
10,SA919X7XB05588-A98299A-R17-C21,287.3,4,C
10,SA919X7XB05588-A98299A-R17-C24,307.3,3.91,C
10,SA919X7XB05588-A98299A-R17-C27,239.97,3.85,C
10,SA919X7XB05588-A98299A-R17-C31,243.57,3.71,C
10,SA919X7XB05588-A98299A-R17-C32,266.13,3.81,C
10,SA919X7XB05588-A98299A-R17-C33,163.44,3.86,C
10,SA919X7XB05588-A98299A-R17-C35,311.67,3.92,C
10,SA919X7XB05588-A98299A-R17-C36,223.63,3.87,C
10,SA919X7XB05588-A98299A-R17-C37,277.78,3.99,C
10,SA919X7XB05588-A98299A-R17-C39,287.79,3.83,C
10,SA919X7XB05588-A98299A-R17-C41,285.06,3.93,C
10,SA919X7XB05588-A98299A-R17-C44,297.78,3.87,C
10,SA919X7XB05588-A98299A-R17-C48,282.13,3.86,B
10,SA919X7XB05588-A98299A-R17-C51,321.56,3.85,C
10,SA919X7XB05588-A98299A-R17-C54,258.78,3.93,C
10,SA919X7XB05588-A98299A-R17-C57,287.56,3.94,C
10,SA919X7XB05588-A98299A-R17-C60,296.95,3.95,C
10,SA919X7XB05588-A98299A-R17-C67,301.83,3.9,C
10,SA919X7XB05588-A98299A-R17-C69,231.05,3.9,C
10,SA919X7XB05588-A98299A-R18-C08,276.43,3.91,C
10,SA919X7XB05588-A98299A-R18-C09,276.87,3.9,C
10,SA919X7XB05588-A98299A-R18-C14,290.37,3.91,C
10,SA919X7XB05588-A98299A-R18-C15,249.08,3.86,C
10,SA919X7XB05588-A98299A-R18-C21,262.95,3.91,C
10,SA919X7XB05588-A98299A-R18-C27,133.03,3.89,C
10,SA919X7XB05588-A98299A-R18-C28,260.67,3.89,C
10,SA919X7XB05588-A98299A-R18-C29,189.54,2.91,B
10,SA919X7XB05588-A98299A-R18-C30,320.76,3.89,C
10,SA919X7XB05588-A98299A-R18-C32,262.14,3.92,C
10,SA919X7XB05588-A98299A-R18-C36,203.73,3.79,C
10,SA919X7XB05588-A98299A-R18-C37,244.83,3.92,C
10,SA919X7XB05588-A98299A-R18-C38,137.02,3.92,C
10,SA919X7XB05588-A98299A-R18-C39,236.13,3.8,C
10,SA919X7XB05588-A98299A-R18-C40,253.63,3.8,C
10,SA919X7XB05588-A98299A-R18-C48,256.41,3.89,C
10,SA919X7XB05588-A98299A-R18-C52,215.05,3.89,C
10,SA919X7XB05588-A98299A-R18-C59,254.22,3.77,C
10,SA919X7XB05588-A98299A-R18-C60,265.19,3.93,C
10,SA919X7XB05588-A98299A-R18-C67,276.46,3.85,C
10,SA919X7XB05588-A98299A-R19-C09,141.59,3.91,C
10,SA919X7XB05588-A98299A-R19-C12,133.54,4,C
10,SA919X7XB05588-A98299A-R19-C15,123.4,3.82,C
10,SA919X7XB05588-A98299A-R19-C21,129.9,3.83,C
10,SA919X7XB05588-A98299A-R19-C31,143.81,3.94,C
10,SA919X7XB05588-A98299A-R19-C32,138.21,4.09,C
10,SA919X7XB05588-A98299A-R19-C41,130.27,4.01,C
10,SA919X7XB05588-A98299A-R19-C51,153.7,3.98,C
10,SA919X7XB05588-A98299A-R19-C54,129.9,3.85,C
10,SA919X7XB05588-A98299A-R19-C55,133.17,3.94,C
10,SA919X7XB05588-A98299A-R19-C57,139.87,4.04,C
10,SA919X7XB05588-A98299A-R19-C63,142.29,4.02,C
10,SA919X7XB05588-A98299A-R19-C64,134.03,3.79,C
10,SA919X7XB05588-A98299A-R19-C67,147.1,3.86,C
10,SA919X7XB05588-A98299A-R19-C68,123.68,3.95,C
10,SA919X7XB05588-A98299A-R20-C13,231.46,3.9,C
10,SA919X7XB05588-A98299A-R20-C27,320.7,4.02,C
10,SA919X7XB05588-A98299A-R20-C29,282.25,3.98,C
10,SA919X7XB05588-A98299A-R20-C31,279.38,3.77,C
10,SA919X7XB05588-A98299A-R20-C33,153.46,4.03,C
10,SA919X7XB05588-A98299A-R20-C36,259.02,4,C
10,SA919X7XB05588-A98299A-R20-C37,282.51,4,C
10,SA919X7XB05588-A98299A-R20-C38,167.95,3.98,C
10,SA919X7XB05588-A98299A-R20-C40,333.67,3.98,C
10,SA919X7XB05588-A98299A-R20-C43,356.24,3.92,C
10,SA919X7XB05588-A98299A-R20-C44,272.67,3.87,C
10,SA919X7XB05588-A98299A-R20-C46,262.33,3.88,C
10,SA919X7XB05588-A98299A-R20-C49,229.68,3.95,C
10,SA919X7XB05588-A98299A-R20-C52,191.33,4.05,C
10,SA919X7XB05588-A98299A-R20-C55,355.27,4.04,C
10,SA919X7XB05588-A98299A-R20-C57,287.1,3.9,C
10,SA919X7XB05588-A98299A-R20-C59,281.56,3.77,C
10,SA919X7XB05588-A98299A-R20-C68,282.21,3.91,C
10,SA919X7XB05588-A98299A-R20-C69,246.98,3.89,C
10,SA919X7XB05588-A98299A-R20-C70,287.6,3.94,C
10,SA919X7XB05588-A98299A-R21-C09,181.75,3.92,C
10,SA919X7XB05588-A98299A-R21-C15,217.95,3.98,C
10,SA919X7XB05588-A98299A-R21-C16,225.24,3.91,C
10,SA919X7XB05588-A98299A-R21-C22,179.89,3.96,C
10,SA919X7XB05588-A98299A-R21-C27,193.89,4.13,C
10,SA919X7XB05588-A98299A-R21-C28,212.65,3.86,C
10,SA919X7XB05588-A98299A-R21-C31,189.02,3.93,C
10,SA919X7XB05588-A98299A-R21-C35,135.19,3.6,C
10,SA919X7XB05588-A98299A-R21-C37,203.81,3.85,B
10,SA919X7XB05588-A98299A-R21-C39,210.33,4.05,C
10,SA919X7XB05588-A98299A-R21-C46,164.29,3.93,C
10,SA919X7XB05588-A98299A-R21-C47,188.54,3.86,C
10,SA919X7XB05588-A98299A-R21-C49,190.54,3.98,C
10,SA919X7XB05588-A98299A-R21-C54,196.81,3.96,C
10,SA919X7XB05588-A98299A-R21-C61,232.29,3.95,C
10,SA919X7XB05588-A98299A-R21-C64,206.9,3.96,C
10,SA919X7XB05588-A98299A-R21-C65,144.16,4.08,C
10,SA919X7XB05588-A98299A-R21-C68,162.17,3.94,C
10,SA919X7XB05588-A98299A-R22-C09,223.13,4.05,C
10,SA919X7XB05588-A98299A-R22-C14,226.19,3.91,C
10,SA919X7XB05588-A98299A-R22-C22,140.76,3.91,C
10,SA919X7XB05588-A98299A-R22-C27,196.63,3.92,C
10,SA919X7XB05588-A98299A-R22-C28,175.94,2.98,B
10,SA919X7XB05588-A98299A-R22-C31,233.17,3.96,C
10,SA919X7XB05588-A98299A-R22-C38,128.71,3.94,C
10,SA919X7XB05588-A98299A-R22-C40,183.92,3.89,C
10,SA919X7XB05588-A98299A-R22-C43,251.79,3.95,C
10,SA919X7XB05588-A98299A-R22-C46,256.17,3.86,C
10,SA919X7XB05588-A98299A-R22-C48,193,3.86,C
10,SA919X7XB05588-A98299A-R22-C51,231.43,3.87,C
10,SA919X7XB05588-A98299A-R22-C55,239.73,4,C
10,SA919X7XB05588-A98299A-R22-C57,195.32,3.78,C
10,SA919X7XB05588-A98299A-R22-C61,228.92,3.92,C
10,SA919X7XB05588-A98299A-R22-C64,190.56,3.88,C
10,SA919X7XB05588-A98299A-R22-C67,231.38,3.95,C
10,SA919X7XB05588-A98299A-R22-C70,194.02,3.48,B
10,SA919X7XB05588-A98299A-R23-C09,367.05,4.03,C
10,SA919X7XB05588-A98299A-R23-C13,241.25,3.84,C
10,SA919X7XB05588-A98299A-R23-C16,300.27,3.81,C
10,SA919X7XB05588-A98299A-R23-C23,289.95,3.85,C
10,SA919X7XB05588-A98299A-R23-C27,258.48,4,C
10,SA919X7XB05588-A98299A-R23-C28,157.35,3.7,C
10,SA919X7XB05588-A98299A-R23-C30,220,3.98,C
10,SA919X7XB05588-A98299A-R23-C33,161.03,3.77,C
10,SA919X7XB05588-A98299A-R23-C47,282.52,3.98,C
10,SA919X7XB05588-A98299A-R23-C48,305.83,3.94,C
10,SA919X7XB05588-A98299A-R23-C49,231.57,3.87,C
10,SA919X7XB05588-A98299A-R23-C69,217.32,4.02,C
10,SA919X7XB05588-A98299A-R24-C17,301.41,3.91,C
10,SA919X7XB05588-A98299A-R24-C55,306.17,3.93,C
10,SA919X7XB05588-A98299A-R24-C57,294.27,3.86,C
10,SA919X7XB05588-A98299A-R24-C59,258.67,3.67,C
10,SA919X7XB05588-A98299A-R24-C61,312.08,3.91,C
10,SA919X7XB05588-A98299A-R24-C70,261.98,3.91,C
10,SA919X7XB05588-A98299A-R25-C22,175.94,3.96,C
10,SA919X7XB05588-A98299A-R25-C32,243.3,3.88,C
10,SA919X7XB05588-A98299A-R25-C51,259.63,3.89,C
10,SA919X7XB05588-A98299A-R25-C52,182.54,3.89,C
10,SA919X7XB05588-A98299A-R25-C55,289.03,3.87,C
10,SA919X7XB05588-A98299A-R25-C56,245.76,3.89,C
10,SA919X7XB05588-A98299A-R25-C60,234.6,4.02,C
10,SA919X7XB05588-A98299A-R25-C64,256.16,3.96,C
10,SA919X7XB05588-A98299A-R25-C65,133.7,3.91,C
10,SA919X7XB05588-A98299A-R26-C38,141.83,3.95,C
10,SA919X7XB05588-A98299A-R26-C46,258.03,3.88,C
10,SA919X7XB05588-A98299A-R26-C48,239.02,3.99,C
10,SA919X7XB05588-A98299A-R26-C49,209.41,3.94,C
10,SA919X7XB05588-A98299A-R26-C55,261.7,3.93,C
10,SA919X7XB05588-A98299A-R26-C59,240.48,3.99,C
10,SA919X7XB05588-A98299A-R26-C65,153.7,3.81,C
10,SA919X7XB05588-A98299A-R27-C07,254.11,3.93,C
10,SA919X7XB05588-A98299A-R27-C08,263.56,3.97,C
10,SA919X7XB05588-A98299A-R27-C24,284.52,3.92,C
10,SA919X7XB05588-A98299A-R27-C32,263.11,3.96,C
10,SA919X7XB05588-A98299A-R27-C44,244.89,3.96,C
10,SA919X7XB05588-A98299A-R27-C46,282.76,3.93,B
10,SA919X7XB05588-A98299A-R27-C56,283.4,3.93,C
10,SA919X7XB05588-A98299A-R27-C59,223.7,3.85,C
10,SA919X7XB05588-A98299A-R27-C61,246.44,3.87,C
10,SA919X7XB05588-A98299A-R27-C63,270.68,3.96,C
10,SA919X7XB05588-A98299A-R27-C68,220.17,3.92,C
10,SA919X7XB05588-A98299A-R28-C32,254.71,3.88,C
10,SA919X7XB05588-A98299A-R28-C40,269.49,4.03,C
10,SA919X7XB05588-A98299A-R28-C44,222.03,3.88,B
10,SA919X7XB05588-A98299A-R28-C47,260.41,4.07,C
10,SA919X7XB05588-A98299A-R28-C49,141.56,3.84,C
10,SA919X7XB05588-A98299A-R28-C51,303.02,3.91,C
10,SA919X7XB05588-A98299A-R28-C59,253.94,3.88,C
10,SA919X7XB05588-A98299A-R28-C63,299.03,3.98,C
10,SA919X7XB05588-A98299A-R28-C68,180.19,3.77,C
10,SA919X7XB05588-A98299A-R28-C69,218.92,3.84,B
10,SA919X7XB05588-A98299A-R28-C70,174.76,3.77,C
10,SA919X7XB05588-A98299A-R29-C07,270.46,3.96,C
10,SA919X7XB05588-A98299A-R29-C19,231.38,3.84,C
10,SA919X7XB05588-A98299A-R29-C21,274.51,3.96,C
10,SA919X7XB05588-A98299A-R29-C41,273.35,3.94,C
10,SA919X7XB05588-A98299A-R29-C46,271.11,3.86,C
10,SA919X7XB05588-A98299A-R29-C47,272.54,3.96,C
10,SA919X7XB05588-A98299A-R29-C51,299.06,3.9,C
10,SA919X7XB05588-A98299A-R29-C55,221.27,3.98,C
10,SA919X7XB05588-A98299A-R29-C59,261.1,4.01,C
10,SA919X7XB05588-A98299A-R29-C64,288.73,3.92,C
10,SA919X7XB05588-A98299A-R29-C65,165.86,3.83,C
10,SA919X7XB05588-A98299A-R29-C69,226.54,4,C
10,SA919X7XB05588-A98299A-R29-C70,210.54,3.88,C
10,SA919X7XB05588-A98299A-R30-C07,217.46,3.9,C
10,SA919X7XB05588-A98299A-R30-C35,213.22,3.81,C
10,SA919X7XB05588-A98299A-R30-C46,158.4,2.98,B
10,SA919X7XB05588-A98299A-R30-C48,204.14,3.9,C
10,SA919X7XB05588-A98299A-R30-C49,185.35,3.97,C
10,SA919X7XB05588-A98299A-R30-C54,201.14,4.1,C
10,SA919X7XB05588-A98299A-R30-C60,213.43,3.99,C
10,SA919X7XB05691-A96204B-R29-C07,354.49,2.92,B
10,SA919X7XB05691-A96204B-R29-C08,356,2.91,B
10,SA919X7XB05691-A96204B-R29-C12,405.79,3,B
10,SA919X7XB05691-A96204B-R29-C15,360.81,2.91,B
10,SA919X7XB05691-A96204B-R29-C16,383.17,2.93,B
10,SA919X7XB05691-A96204B-R29-C17,377.51,2.95,B
10,SA919X7XB05691-A96204B-R29-C18,237.84,2.89,B
10,SA919X7XB05691-A96204B-R29-C20,350.16,2.89,B
10,SA919X7XB05691-A96204B-R29-C22,350.22,2.96,B
10,SA919X7XB05691-A96204B-R29-C23,375.37,2.99,B
10,SA919X7XB05691-A96204B-R29-C29,312.17,2.99,B
10,SA919X7XB05691-A96204B-R29-C30,308.51,2.89,B
10,SA919X7XB05691-A96204B-R29-C32,378.24,3.01,B
10,SA919X7XB05691-A96204B-R29-C33,233.03,3.05,B
10,SA919X7XB05691-A96204B-R29-C34,216.95,2.95,B
10,SA919X7XB05691-A96204B-R29-C35,530.68,2.97,B
10,SA919X7XB05691-A96204B-R29-C36,216.06,3.03,B
10,SA919X7XB05691-A96204B-R29-C38,290.75,2.87,B
10,SA919X7XB05691-A96204B-R29-C40,337.87,2.89,B
10,SA919X7XB05691-A96204B-R29-C41,356.7,2.96,B
10,SA919X7XB05691-A96204B-R29-C43,359.78,2.9,B
10,SA919X7XB05691-A96204B-R29-C44,498,2.97,B
10,SA919X7XB05691-A96204B-R29-C45,223.75,2.87,B
10,SA919X7XB05691-A96204B-R29-C48,360.08,2.93,B
10,SA919X7XB05691-A96204B-R29-C49,316.54,2.88,B
10,SA919X7XB05691-A96204B-R29-C54,334.27,2.8,B
10,SA919X7XB05691-A96204B-R29-C57,372.48,2.98,B
10,SA919X7XB05691-A96204B-R29-C58,495.62,3,B
10,SA919X7XB05691-A96204B-R29-C63,385.27,3.01,B
10,SA919X7XB05691-A96204B-R29-C65,205.13,2.85,B
10,SA919X7XB05691-A96204B-R29-C68,304.25,2.89,B
10,SA919X7XB05691-A96204B-R29-C69,321.14,2.92,B
10,SA919X7XB05691-A96204B-R30-C07,290.32,2.88,B
10,SA919X7XB05691-A96204B-R30-C09,339.63,2.87,B
10,SA919X7XB05691-A96204B-R30-C10,200.3,2.88,B
10,SA919X7XB05691-A96204B-R30-C11,354.71,3.03,B
10,SA919X7XB05691-A96204B-R30-C12,248.05,3.18,B
10,SA919X7XB05691-A96204B-R30-C14,265.44,2.92,B
10,SA919X7XB05691-A96204B-R30-C19,241,3.05,B
10,SA919X7XB05691-A96204B-R30-C22,278.6,2.94,B
10,SA919X7XB05691-A96204B-R30-C28,391.52,2.97,B
10,SA919X7XB05691-A96204B-R30-C33,213.32,2.93,B
10,SA919X7XB05691-A96204B-R30-C35,268.13,2.93,B
10,SA919X7XB05691-A96204B-R30-C37,236,2.99,B
10,SA919X7XB05691-A96204B-R30-C41,283.46,2.92,B
10,SA919X7XB05691-A96204B-R30-C42,278.22,2.98,B
10,SA919X7XB05691-A96204B-R30-C45,146.78,2.77,B
10,SA919X7XB05691-A96204B-R30-C48,249.41,2.95,B
10,SA919X7XB05691-A96204B-R30-C49,262.37,2.92,B
10,SA919X7XB05691-A96204B-R30-C57,309.38,3,B
10,SA919X7XB05691-A96204B-R30-C58,391.11,2.93,B
10,SA919X7XB05691-A96204B-R31-C10,220.43,2.9,B
10,SA919X7XB05691-A96204B-R31-C12,289.13,2.95,B
10,SA919X7XB05691-A96204B-R31-C21,262.71,2.99,B
10,SA919X7XB05691-A96204B-R31-C22,276.52,3.04,B
10,SA919X7XB05691-A96204B-R31-C23,313.16,2.97,B
10,SA919X7XB05691-A96204B-R31-C25,290.4,2.85,B
10,SA919X7XB05691-A96204B-R31-C26,269.46,2.95,B
10,SA919X7XB05691-A96204B-R31-C33,182.6,2.91,B
10,SA919X7XB05691-A96204B-R31-C36,188.27,3.04,B
10,SA919X7XB05691-A96204B-R31-C37,263.89,2.93,B
10,SA919X7XB05691-A96204B-R31-C39,270.24,2.96,B
10,SA919X7XB05691-A96204B-R31-C41,302.37,2.91,B
10,SA919X7XB05691-A96204B-R31-C44,310.19,2.9,B
10,SA919X7XB05691-A96204B-R31-C45,185.75,3,B
10,SA919X7XB05691-A96204B-R31-C47,272.46,2.9,B
10,SA919X7XB05691-A96204B-R31-C49,288.87,2.98,B
10,SA919X7XB05691-A96204B-R31-C50,229.16,2.94,B
10,SA919X7XB05691-A96204B-R31-C51,206.65,2.92,B
10,SA919X7XB05691-A96204B-R31-C53,115.63,2.97,B
10,SA919X7XB05691-A96204B-R31-C55,231.48,3.06,B
10,SA919X7XB05691-A96204B-R31-C63,259.38,2.9,B
10,SA919X7XB05691-A96204B-R31-C65,165.75,3.08,B
10,SA919X7XB05691-A96204B-R31-C68,190.38,2.86,B
10,SA919X7XB05691-A96204B-R32-C10,230.35,2.94,B
10,SA919X7XB05691-A96204B-R32-C16,306.19,3.01,B
10,SA919X7XB05691-A96204B-R32-C17,249.05,2.94,B
10,SA919X7XB05691-A96204B-R32-C20,317.44,2.89,B
10,SA919X7XB05691-A96204B-R32-C21,152.33,3.04,B
10,SA919X7XB05691-A96204B-R32-C22,216.32,2.91,B
10,SA919X7XB05691-A96204B-R32-C25,293.98,2.95,B
10,SA919X7XB05691-A96204B-R32-C26,261.25,2.97,B
10,SA919X7XB05691-A96204B-R32-C32,337.57,2.97,B
10,SA919X7XB05691-A96204B-R32-C33,171.37,2.99,B
10,SA919X7XB05691-A96204B-R32-C34,175.97,2.94,B
10,SA919X7XB05691-A96204B-R32-C36,190.63,2.99,B
10,SA919X7XB05691-A96204B-R32-C39,307.16,3.02,B
10,SA919X7XB05691-A96204B-R32-C40,283.13,2.9,B
10,SA919X7XB05691-A96204B-R32-C41,292.57,2.94,B
10,SA919X7XB05691-A96204B-R32-C44,316.06,2.92,B
10,SA919X7XB05691-A96204B-R32-C50,264.68,2.9,B
10,SA919X7XB05691-A96204B-R32-C51,157.02,2.85,B
10,SA919X7XB05691-A96204B-R32-C54,274.76,2.92,B
10,SA919X7XB05691-A96204B-R32-C56,244.81,3.01,B
10,SA919X7XB05691-A96204B-R32-C59,291.19,2.94,B
10,SA919X7XB05691-A96204B-R32-C61,259.9,2.92,B
10,SA919X7XB05691-A96204B-R32-C62,272.9,3.07,B
10,SA919X7XB05691-A96204B-R32-C63,282.81,2.93,B
10,SA919X7XB05691-A96204B-R32-C64,329.98,3.08,B
10,SA919X7XB05691-A96204B-R33-C10,205.43,2.98,B
10,SA919X7XB05691-A96204B-R33-C12,253,2.94,B
10,SA919X7XB05691-A96204B-R33-C13,359.37,2.93,B
10,SA919X7XB05691-A96204B-R33-C16,267.97,2.88,B
10,SA919X7XB05691-A96204B-R33-C17,273.38,3.01,B
10,SA919X7XB05691-A96204B-R33-C18,262.35,3.02,B
10,SA919X7XB05691-A96204B-R33-C20,269.65,3,B
10,SA919X7XB05691-A96204B-R33-C21,389.81,3.07,B
10,SA919X7XB05691-A96204B-R33-C23,260.35,2.93,B
10,SA919X7XB05691-A96204B-R33-C26,220.08,2.99,B
10,SA919X7XB05691-A96204B-R33-C29,175.63,2.99,B
10,SA919X7XB05691-A96204B-R33-C31,274.83,2.96,B
10,SA919X7XB05691-A96204B-R33-C32,256.08,2.93,B
10,SA919X7XB05691-A96204B-R33-C34,146.7,3.01,B
10,SA919X7XB05691-A96204B-R33-C37,138.22,2.93,B
10,SA919X7XB05691-A96204B-R33-C39,354.92,2.96,B
10,SA919X7XB05691-A96204B-R33-C46,358.81,2.9,B
10,SA919X7XB05691-A96204B-R33-C47,250.32,2.93,B
10,SA919X7XB05691-A96204B-R33-C48,243.35,2.95,B
10,SA919X7XB05691-A96204B-R33-C49,236.03,3,B
10,SA919X7XB05691-A96204B-R33-C50,216.22,2.92,B
10,SA919X7XB05691-A96204B-R33-C54,223.44,2.89,B
10,SA919X7XB05691-A96204B-R33-C55,237.21,2.96,B
10,SA919X7XB05691-A96204B-R33-C58,193.13,3.01,B
10,SA919X7XB05691-A96204B-R33-C59,227.65,3.02,B
10,SA919X7XB05691-A96204B-R33-C61,231.84,2.95,B
10,SA919X7XB05691-A96204B-R33-C65,165.08,2.87,B
10,SA919X7XB05691-A96204B-R33-C67,227.97,2.9,B
10,SA919X7XB05691-A96204B-R33-C69,215.24,2.91,B
10,SA919X7XB05691-A96204B-R34-C10,221.52,2.93,B
10,SA919X7XB05691-A96204B-R34-C11,255.35,2.93,B
10,SA919X7XB05691-A96204B-R34-C12,256.06,2.89,B
10,SA919X7XB05691-A96204B-R34-C13,318.76,2.98,B
10,SA919X7XB05691-A96204B-R34-C14,261.87,2.96,B
10,SA919X7XB05691-A96204B-R34-C15,456.51,2.96,B
10,SA919X7XB05691-A96204B-R34-C16,294.44,2.97,B
10,SA919X7XB05691-A96204B-R34-C17,319.38,2.95,B
10,SA919X7XB05691-A96204B-R34-C19,225.7,2.87,B
10,SA919X7XB05691-A96204B-R34-C21,241.44,2.86,B
10,SA919X7XB05691-A96204B-R34-C24,334.44,2.96,B
10,SA919X7XB05691-A96204B-R34-C26,240.84,2.99,B
10,SA919X7XB05691-A96204B-R34-C27,215,2.87,B
10,SA919X7XB05691-A96204B-R34-C28,305.27,2.94,B
10,SA919X7XB05691-A96204B-R34-C29,232.94,2.88,B
10,SA919X7XB05691-A96204B-R34-C32,291.98,2.96,B
10,SA919X7XB05691-A96204B-R34-C33,222.57,2.91,B
10,SA919X7XB05691-A96204B-R34-C34,160.97,2.78,B
10,SA919X7XB05691-A96204B-R34-C35,256.67,2.94,B
10,SA919X7XB05691-A96204B-R34-C37,233.87,2.92,B
10,SA919X7XB05691-A96204B-R34-C39,291.68,3.06,B
10,SA919X7XB05691-A96204B-R34-C41,287.78,2.86,B
10,SA919X7XB05691-A96204B-R34-C42,382.51,2.98,B
10,SA919X7XB05691-A96204B-R34-C43,263.63,2.91,B
10,SA919X7XB05691-A96204B-R34-C45,183.51,3.02,B
10,SA919X7XB05691-A96204B-R34-C47,290.37,2.95,B
10,SA919X7XB05691-A96204B-R34-C48,289.11,2.99,B
10,SA919X7XB05691-A96204B-R34-C56,301.3,3.01,B
10,SA919X7XB05691-A96204B-R34-C57,308.25,2.98,B
10,SA919X7XB05691-A96204B-R34-C59,242.9,3.02,B
10,SA919X7XB05691-A96204B-R34-C62,240.3,2.98,B
10,SA919X7XB05691-A96204B-R34-C63,283.78,2.96,B
10,SA919X7XB05691-A96204B-R34-C66,283.17,2.96,B
10,SA919X7XB05691-A96204B-R34-C67,266.24,3.02,B
10,SA919X7XB05691-A96204B-R34-C70,252.89,2.94,B
10,SA919X7XB05691-A96204B-R35-C07,274.92,2.91,B
10,SA919X7XB05691-A96204B-R35-C09,412.68,2.94,B
10,SA919X7XB05691-A96204B-R35-C12,221.86,2.91,B
10,SA919X7XB05691-A96204B-R35-C14,239.7,2.97,B
10,SA919X7XB05691-A96204B-R35-C23,284.68,2.92,B
10,SA919X7XB05691-A96204B-R35-C24,319.05,2.88,B
10,SA919X7XB05691-A96204B-R35-C25,265,3,B
10,SA919X7XB05691-A96204B-R35-C28,305.67,2.98,B
10,SA919X7XB05691-A96204B-R35-C31,289.1,2.97,B
10,SA919X7XB05691-A96204B-R35-C33,205.43,2.95,B
10,SA919X7XB05691-A96204B-R35-C36,172,2.99,B
10,SA919X7XB05691-A96204B-R35-C37,235.4,2.93,B
10,SA919X7XB05691-A96204B-R35-C39,301.35,2.92,B
10,SA919X7XB05691-A96204B-R35-C45,175.22,2.95,B
10,SA919X7XB05691-A96204B-R35-C47,228,2.98,B
10,SA919X7XB05691-A96204B-R35-C50,210.41,2.96,B
10,SA919X7XB05691-A96204B-R35-C51,189.97,2.95,B
10,SA919X7XB05691-A96204B-R35-C58,195.83,2.93,B
10,SA919X7XB05691-A96204B-R35-C59,236.06,2.92,B
10,SA919X7XB05691-A96204B-R35-C66,248.06,2.98,B
10,SA919X7XB05691-A96204B-R36-C07,227.05,2.93,B
10,SA919X7XB05691-A96204B-R36-C10,184.67,2.9,B
10,SA919X7XB05691-A96204B-R36-C14,212.1,3.05,B
10,SA919X7XB05691-A96204B-R36-C16,246.46,2.99,B
10,SA919X7XB05691-A96204B-R36-C17,337.54,3.02,B
10,SA919X7XB05691-A96204B-R36-C25,317.87,3.05,A
10,SA919X7XB05691-A96204B-R36-C28,220.94,2.96,B
10,SA919X7XB05691-A96204B-R36-C30,191.4,2.94,B
10,SA919X7XB05691-A96204B-R36-C32,215.13,3.03,B
10,SA919X7XB05691-A96204B-R36-C37,176,2.97,B
10,SA919X7XB05691-A96204B-R36-C38,171.56,2.98,B
10,SA919X7XB05691-A96204B-R36-C39,220.83,2.92,B
10,SA919X7XB05691-A96204B-R36-C42,208.86,2.96,B
10,SA919X7XB05691-A96204B-R36-C44,235.1,2.96,B
10,SA919X7XB05691-A96204B-R36-C49,198.19,2.95,B
10,SA919X7XB05691-A96204B-R36-C52,228.3,2.97,B
10,SA919X7XB05691-A96204B-R36-C55,208.29,2.95,B
10,SA919X7XB05691-A96204B-R36-C58,180.46,2.99,B
10,SA919X7XB05691-A96204B-R36-C63,210.43,2.99,B
10,SA919X7XB05691-A96204B-R36-C64,210.76,2.96,B
10,SA919X7XB05691-A96204B-R36-C65,161.83,2.89,B
10,SA919X7XB05691-A96204B-R37-C08,344.83,2.94,B
10,SA919X7XB05691-A96204B-R37-C10,175.21,2.94,B
10,SA919X7XB05691-A96204B-R37-C12,208.59,2.96,B
10,SA919X7XB05691-A96204B-R37-C13,268.59,2.92,B
10,SA919X7XB05691-A96204B-R37-C16,360.1,2.98,B
10,SA919X7XB05691-A96204B-R37-C17,342.97,2.92,B
10,SA919X7XB05691-A96204B-R37-C20,213.48,2.92,B
10,SA919X7XB05691-A96204B-R37-C22,225.59,2.97,B
10,SA919X7XB05691-A96204B-R37-C23,261.16,2.94,B
10,SA919X7XB05691-A96204B-R37-C24,261.11,2.86,B
10,SA919X7XB05691-A96204B-R37-C26,266.78,2.97,B
10,SA919X7XB05691-A96204B-R37-C27,273.08,3.01,B
10,SA919X7XB05691-A96204B-R37-C28,364.48,3.08,B
10,SA919X7XB05691-A96204B-R37-C31,239.7,2.97,B
10,SA919X7XB05691-A96204B-R37-C32,241.73,2.93,B
10,SA919X7XB05691-A96204B-R37-C35,223.54,2.97,B
10,SA919X7XB05691-A96204B-R37-C36,223.1,3,B
10,SA919X7XB05691-A96204B-R37-C38,176.87,2.9,B
10,SA919X7XB05691-A96204B-R37-C39,258.95,2.91,B
10,SA919X7XB05691-A96204B-R37-C40,236.02,2.97,B
10,SA919X7XB05691-A96204B-R37-C41,239.63,2.83,B
10,SA919X7XB05691-A96204B-R37-C42,214.16,2.88,B
10,SA919X7XB05691-A96204B-R37-C44,256.81,2.96,B
10,SA919X7XB05691-A96204B-R37-C46,266.19,2.91,B
10,SA919X7XB05691-A96204B-R37-C47,258.41,2.91,B
10,SA919X7XB05691-A96204B-R37-C49,225.16,2.99,B
10,SA919X7XB05691-A96204B-R37-C50,194.27,2.95,B
10,SA919X7XB05691-A96204B-R37-C55,236.13,3.02,B
10,SA919X7XB05691-A96204B-R37-C57,243.37,2.95,B
10,SA919X7XB05691-A96204B-R37-C58,203.6,2.98,B
10,SA919X7XB05691-A96204B-R37-C60,223.62,2.99,B
10,SA919X7XB05691-A96204B-R37-C63,267.84,2.94,B
10,SA919X7XB05691-A96204B-R37-C64,258.68,2.92,B
10,SA919X7XB05691-A96204B-R37-C70,228.48,2.89,B
10,SA919X7XB05691-A96204B-R38-C11,325.03,2.95,B
10,SA919X7XB05691-A96204B-R38-C18,210.41,2.98,B
10,SA919X7XB05691-A96204B-R38-C19,233.25,2.95,B
10,SA919X7XB05691-A96204B-R38-C20,268.49,3.03,B
10,SA919X7XB05691-A96204B-R38-C22,263.27,2.9,B
10,SA919X7XB05691-A96204B-R38-C23,202.97,2.85,B
10,SA919X7XB05691-A96204B-R38-C25,284.13,2.87,B
10,SA919X7XB05691-A96204B-R38-C30,242.1,3.01,B
10,SA919X7XB05691-A96204B-R38-C33,204.6,2.74,B
10,SA919X7XB05691-A96204B-R38-C34,169.68,3.04,B
10,SA919X7XB05691-A96204B-R38-C36,180.59,2.96,B
10,SA919X7XB05691-A96204B-R38-C38,191.21,2.88,B
10,SA919X7XB05691-A96204B-R38-C39,279.83,2.91,B
10,SA919X7XB05691-A96204B-R38-C40,269.87,2.9,B
10,SA919X7XB05691-A96204B-R38-C42,245.32,2.86,B
10,SA919X7XB05691-A96204B-R38-C44,281.59,2.92,B
10,SA919X7XB05691-A96204B-R38-C46,269.56,2.92,B
10,SA919X7XB05691-A96204B-R38-C47,261.33,2.96,B
10,SA919X7XB05691-A96204B-R38-C51,227.33,2.99,B
10,SA919X7XB05691-A96204B-R38-C56,292.73,2.87,B
10,SA919X7XB05691-A96204B-R38-C59,274.75,2.93,B
10,SA919X7XB05691-A96204B-R38-C60,358.56,3.04,B
10,SA919X7XB05691-A96204B-R38-C61,242.73,2.97,B
10,SA919X7XB05691-A96204B-R38-C66,271.1,2.94,B
10,SA919X7XB05691-A96204B-R38-C68,201.41,2.85,B
10,SA919X7XB05691-A96204B-R38-C70,206.06,2.96,B
10,SA919X7XB05691-A96204B-R39-C07,234.86,2.97,B
10,SA919X7XB05691-A96204B-R39-C10,238.44,2.95,B
10,SA919X7XB05691-A96204B-R39-C12,209.76,2.97,B
10,SA919X7XB05691-A96204B-R39-C15,216,2.91,B
10,SA919X7XB05691-A96204B-R39-C17,236.65,3,B
10,SA919X7XB05691-A96204B-R39-C19,177.73,2.95,B
10,SA919X7XB05691-A96204B-R39-C22,204.44,2.95,B
10,SA919X7XB05691-A96204B-R39-C23,198.24,2.81,B
10,SA919X7XB05691-A96204B-R39-C24,246.75,2.89,B
10,SA919X7XB05691-A96204B-R39-C29,197.83,2.93,B
10,SA919X7XB05691-A96204B-R39-C34,142.27,2.99,B
10,SA919X7XB05691-A96204B-R39-C36,145.3,2.89,B
10,SA919X7XB05691-A96204B-R39-C44,237.63,2.93,B
10,SA919X7XB05691-A96204B-R39-C52,213.89,2.93,B
10,SA919X7XB05691-A96204B-R39-C58,180.44,2.92,B
10,SA919X7XB05691-A96204B-R39-C62,188.7,3.06,B
10,SA919X7XB05691-A96204B-R39-C64,339.62,3.05,B
10,SA919X7XB05691-A96204B-R39-C66,226.32,3,B
10,SA919X7XB05691-A96204B-R39-C68,269.84,2.96,B
10,SA919X7XB05691-A96204B-R40-C11,210.59,3.04,B
10,SA919X7XB05691-A96204B-R40-C13,266.48,2.95,B
10,SA919X7XB05691-A96204B-R40-C17,355.05,2.91,B
10,SA919X7XB05691-A96204B-R40-C37,212.87,2.99,B
10,SA919X7XB05691-A96204B-R40-C50,202.79,2.98,B
10,SA919X7XB05691-A96204B-R40-C60,248.49,2.91,B
10,SA919X7XB05691-A96204B-R40-C63,252.24,3.01,B
10,SA919X7XB05691-A96204B-R40-C64,221.48,2.97,B
10,SA919X7XB05691-A96204B-R40-C68,222.22,2.91,B
10,SA919X7XB05691-A96204B-R42-C07,243.06,2.96,B
10,SA919X7XB05691-A96204B-R42-C10,163.38,2.82,B
10,SA919X7XB05691-A96204B-R42-C12,325.24,2.97,B
10,SA919X7XB05691-A96204B-R42-C14,219.95,2.94,B
10,SA919X7XB05691-A96204B-R42-C16,278.83,2.98,B
10,SA919X7XB05691-A96204B-R42-C26,211.02,2.9,B
10,SA919X7XB05691-A96204B-R42-C31,255.52,2.98,B
10,SA919X7XB05691-A96204B-R42-C32,349.89,2.91,B
10,SA919X7XB05691-A96204B-R42-C33,176.83,2.81,B
10,SA919X7XB05691-A96204B-R42-C35,226.84,2.97,B
10,SA919X7XB05691-A96204B-R42-C36,184.29,2.98,B
10,SA919X7XB05691-A96204B-R42-C37,205.62,2.87,B
10,SA919X7XB05691-A96204B-R42-C38,201.37,2.98,B
10,SA919X7XB05691-A96204B-R42-C39,195.65,2.85,B
10,SA919X7XB05691-A96204B-R42-C42,234.32,2.92,B
10,SA919X7XB05691-A96204B-R42-C43,360.6,2.97,B
10,SA919X7XB05691-A96204B-R42-C44,279.68,2.92,B
10,SA919X7XB05691-A96204B-R42-C49,236.11,2.95,B
10,SA919X7XB05691-A96204B-R42-C51,189.22,2.93,B
10,SA919X7XB05691-A96204B-R42-C52,194.19,2.95,B
10,SA919X7XB05691-A96204B-R42-C54,225.17,2.93,B
10,SA919X7XB05691-A96204B-R42-C55,194.65,2.94,B
10,SA919X7XB05691-A96204B-R42-C56,202.14,3.04,B
10,SA919X7XB05691-A96204B-R42-C57,287.35,3.12,B
10,SA919X7XB05691-A96204B-R42-C59,228.33,2.92,B
10,SA919X7XB05691-A96204B-R42-C60,235.1,2.93,B
10,SA919X7XB05691-A96204B-R42-C61,248.62,3.01,B
10,SA919X7XB05691-A96204B-R42-C63,249.95,2.89,B
10,SA919X7XB05691-A96204B-R42-C66,241.59,2.96,B
10,SA919X7XB05691-A96204B-R42-C67,208.63,2.93,B
10,SA919X7XB05691-A96204B-R42-C69,270.16,2.96,B
10,SA919X7XB05691-A96204B-R42-C70,218.19,2.96,B
10,SA919X7XB05691-A96204B-R43-C07,183.02,3.03,B
10,SA919X7XB05691-A96204B-R43-C09,194.37,3,B
10,SA919X7XB05691-A96204B-R43-C11,138.78,2.8,B
10,SA919X7XB05691-A96204B-R43-C12,175.75,2.92,B
10,SA919X7XB05691-A96204B-R43-C13,221.52,2.99,B
10,SA919X7XB05691-A96204B-R43-C14,171.3,2.95,B
10,SA919X7XB05691-A96204B-R43-C19,165.22,2.91,B
10,SA919X7XB05691-A96204B-R43-C20,193.48,2.92,B
10,SA919X7XB05691-A96204B-R43-C21,178.52,2.96,B
10,SA919X7XB05691-A96204B-R43-C23,191.71,2.96,B
10,SA919X7XB05691-A96204B-R43-C25,208.63,2.93,B
10,SA919X7XB05691-A96204B-R43-C28,203.71,2.94,B
10,SA919X7XB05691-A96204B-R43-C31,194.92,3.02,B
10,SA919X7XB05691-A96204B-R43-C32,179.38,2.98,B
10,SA919X7XB05691-A96204B-R43-C33,144.6,2.98,B
10,SA919X7XB05691-A96204B-R43-C34,100.75,2.9,B
10,SA919X7XB05691-A96204B-R43-C35,169.87,2.94,B
10,SA919X7XB05691-A96204B-R43-C36,103.37,2.99,B
10,SA919X7XB05691-A96204B-R43-C37,166.75,2.95,B
10,SA919X7XB05691-A96204B-R43-C42,168.19,2.9,B
10,SA919X7XB05691-A96204B-R43-C43,171.27,3,B
10,SA919X7XB05691-A96204B-R43-C44,210.86,2.97,B
10,SA919X7XB05691-A96204B-R43-C45,134.33,2.98,B
10,SA919X7XB05691-A96204B-R43-C46,184.57,2.93,B
10,SA919X7XB05691-A96204B-R43-C47,197.35,2.93,B
10,SA919X7XB05691-A96204B-R43-C48,187.33,2.89,B
10,SA919X7XB05691-A96204B-R43-C49,230,2.99,B
10,SA919X7XB05691-A96204B-R43-C54,165.33,2.96,B
10,SA919X7XB05691-A96204B-R43-C55,174.22,2.94,B
10,SA919X7XB05691-A96204B-R43-C56,166.94,2.96,B
10,SA919X7XB05691-A96204B-R43-C58,136.95,2.85,B
10,SA919X7XB05691-A96204B-R43-C59,111.76,2.91,B
10,SA919X7XB05691-A96204B-R43-C60,190.19,2.93,B
10,SA919X7XB05691-A96204B-R43-C63,164.32,3,B
10,SA919X7XB05691-A96204B-R43-C66,238.35,2.98,B
10,SA919X7XB05691-A96204B-R43-C67,191.59,2.9,B
10,SA919X7XB05691-A96204B-R43-C68,110.79,2.96,B
10,SA919X7XB05691-A96204B-R43-C70,97.21,3.03,B
10,SA919X7XB05691-A96204B-R44-C10,164.02,3,B
10,SA919X7XB05691-A96204B-R44-C14,188.48,2.96,B
10,SA919X7XB05691-A96204B-R44-C17,219.63,2.93,B
10,SA919X7XB05691-A96204B-R44-C18,167.49,2.96,B
10,SA919X7XB05691-A96204B-R44-C20,199.51,2.93,B
10,SA919X7XB05691-A96204B-R44-C23,199.19,2.86,B
10,SA919X7XB05691-A96204B-R44-C27,167.7,2.97,B
10,SA919X7XB05691-A96204B-R44-C28,209.22,2.95,B
10,SA919X7XB05691-A96204B-R44-C29,164.57,2.99,B
10,SA919X7XB05691-A96204B-R44-C31,225.27,2.96,B
10,SA919X7XB05691-A96204B-R44-C32,213.43,2.94,B
10,SA919X7XB05691-A96204B-R44-C35,190.97,2.97,B
10,SA919X7XB05691-A96204B-R44-C36,125.67,3.08,B
10,SA919X7XB05691-A96204B-R44-C37,161.48,3,B
10,SA919X7XB05691-A96204B-R44-C39,200.16,2.94,B
10,SA919X7XB05691-A96204B-R44-C40,203.35,2.93,B
10,SA919X7XB05691-A96204B-R44-C42,253.4,2.96,B
10,SA919X7XB05691-A96204B-R44-C44,208.89,2.91,B
10,SA919X7XB05691-A96204B-R44-C46,198.71,2.93,B
10,SA919X7XB05691-A96204B-R44-C50,163.87,2.93,B
10,SA919X7XB05691-A96204B-R44-C52,162.54,2.84,B
10,SA919X7XB05691-A96204B-R44-C59,185.06,3.02,B
10,SA919X7XB05691-A96204B-R44-C68,147,2.8,B
10,SA919X7XB05691-A96204B-R44-C69,155.86,2.94,B
10,SA919X7XB05691-A96204B-R44-C70,219.87,3.02,B
10,SA919X7XB05691-A96204B-R45-C10,136.38,2.88,B
10,SA919X7XB05691-A96204B-R45-C12,199.14,2.88,B
10,SA919X7XB05691-A96204B-R45-C13,329.84,2.99,B
10,SA919X7XB05691-A96204B-R45-C14,268.9,2.96,B
10,SA919X7XB05691-A96204B-R45-C16,181.37,2.96,B
10,SA919X7XB05691-A96204B-R45-C17,219.63,3.01,B
10,SA919X7XB05691-A96204B-R45-C18,150.17,3.06,B
10,SA919X7XB05691-A96204B-R45-C19,222.68,3.02,B
10,SA919X7XB05691-A96204B-R45-C20,182.35,3,B
10,SA919X7XB05691-A96204B-R45-C21,136.95,2.93,B
10,SA919X7XB05691-A96204B-R45-C24,227.62,2.92,B
10,SA919X7XB05691-A96204B-R45-C25,203.29,2.96,B
10,SA919X7XB05691-A96204B-R45-C27,139.13,2.96,B
10,SA919X7XB05691-A96204B-R45-C31,194.32,2.98,B
10,SA919X7XB05691-A96204B-R45-C32,212.33,2.96,B
10,SA919X7XB05691-A96204B-R45-C33,141.87,3.02,B
10,SA919X7XB05691-A96204B-R45-C36,103.6,2.9,B
10,SA919X7XB05691-A96204B-R45-C38,160.71,2.91,B
10,SA919X7XB05691-A96204B-R45-C39,263.08,2.91,B
10,SA919X7XB05691-A96204B-R45-C40,184.59,2.82,B
10,SA919X7XB05691-A96204B-R45-C43,206.44,3.03,B
10,SA919X7XB05691-A96204B-R45-C47,198.48,2.99,B
10,SA919X7XB05691-A96204B-R45-C51,175.79,3.01,B
10,SA919X7XB05691-A96204B-R45-C61,196,3,B
10,SA919X7XB05691-A96204B-R45-C62,187.29,2.95,B
10,SA919X7XB05691-A96204B-R45-C63,219.19,2.93,B
10,SA919X7XB05691-A96204B-R45-C64,165.38,2.93,B
10,SA919X7XB05691-A96204B-R45-C66,199.29,2.93,B
10,SA919X7XB05691-A96204B-R45-C67,166.73,2.92,B
10,SA919X7XB05691-A96204B-R45-C69,152.89,2.85,B
10,SA919X7XB05691-A96204B-R46-C30,207.83,2.74,B
10,SA919X7XB05691-A96204B-R46-C31,251.06,2.99,B
10,SA919X7XB05691-A96204B-R46-C33,156.92,3.13,B
10,SA919X7XB05691-A96204B-R46-C36,148.79,2.95,B
10,SA919X7XB05691-A96204B-R46-C38,207.49,2.96,B
10,SA919X7XB05691-A96204B-R46-C41,254.17,2.9,B
10,SA919X7XB05691-A96204B-R46-C47,235.94,2.92,B
10,SA919X7XB05691-A96204B-R46-C49,207.25,2.94,B
10,SA919X7XB05691-A96204B-R46-C52,206.4,2.94,B
10,SA919X7XB05691-A96204B-R46-C56,255.79,2.91,B
10,SA919X7XB05691-A96204B-R46-C57,254.71,2.97,B
10,SA919X7XB05691-A96204B-R46-C59,238.38,3.02,B
10,SA919X7XB05691-A96204B-R46-C62,179.19,2.89,B
10,SA919X7XB05691-A96204B-R46-C66,244.21,2.95,B
10,SA919X7XB05691-A96204B-R46-C67,189.7,3,B
10,SA919X7XB05691-A96204B-R46-C68,236.24,2.97,B
10,SA919X7XB05691-A96204B-R46-C70,233.71,2.96,B
10,SA919X7XB05691-A96204B-R47-C08,161.49,2.95,B
10,SA919X7XB05691-A96204B-R47-C11,168.27,2.96,B
10,SA919X7XB05691-A96204B-R47-C13,264.49,2.96,B
10,SA919X7XB05691-A96204B-R47-C14,170.68,3.04,B
10,SA919X7XB05691-A96204B-R47-C17,189.27,2.92,B
10,SA919X7XB05691-A96204B-R47-C20,179.4,2.9,B
10,SA919X7XB05691-A96204B-R47-C21,140.71,2.96,B
10,SA919X7XB05691-A96204B-R47-C22,172.05,2.91,B
10,SA919X7XB05691-A96204B-R47-C24,272.76,2.84,B
10,SA919X7XB05691-A96204B-R47-C28,172.67,2.87,B
10,SA919X7XB05691-A96204B-R47-C30,157.83,2.94,B
10,SA919X7XB05691-A96204B-R47-C31,176.32,2.95,B
10,SA919X7XB05691-A96204B-R47-C32,174.6,2.95,B
10,SA919X7XB05691-A96204B-R47-C33,151.97,3,B
10,SA919X7XB05691-A96204B-R47-C35,155.46,2.89,B
10,SA919X7XB05691-A96204B-R47-C40,158.52,2.97,B
10,SA919X7XB05691-A96204B-R47-C41,154.51,2.93,B
10,SA919X7XB05691-A96204B-R47-C42,179.38,2.98,B
10,SA919X7XB05691-A96204B-R47-C45,119.02,2.92,B
10,SA919X7XB05691-A96204B-R47-C46,181.03,2.84,B
10,SA919X7XB05691-A96204B-R47-C47,174.06,2.96,B
10,SA919X7XB05691-A96204B-R47-C48,161.98,2.82,B
10,SA919X7XB05691-A96204B-R47-C49,211.49,2.91,B
10,SA919X7XB05691-A96204B-R47-C50,149.51,2.92,B
10,SA919X7XB05691-A96204B-R47-C52,102.62,2.96,B
10,SA919X7XB05691-A96204B-R47-C59,178.76,2.95,B
10,SA919X7XB05691-A96204B-R47-C64,136.81,2.67,B
10,SA919X7XB05691-A96204B-R47-C65,118.49,2.95,B
10,SA919X7XB05691-A96204B-R47-C66,116.11,2.95,B
10,SA919X7XB05691-A96204B-R47-C67,163.98,3.08,B
10,SA919X7XB05691-A96204B-R47-C69,119.52,2.86,B
10,SA919X7XB05691-A96204B-R47-C70,239.81,2.96,B
10,SA919X7XB05691-A96204B-R48-C09,213.24,2.89,B
10,SA919X7XB05691-A96204B-R48-C10,177.6,2.97,B
10,SA919X7XB05691-A96204B-R48-C11,191.9,2.86,B
10,SA919X7XB05691-A96204B-R48-C12,195.27,2.82,B
10,SA919X7XB05691-A96204B-R48-C14,198.4,2.8,B
10,SA919X7XB05691-A96204B-R48-C15,237.68,2.98,B
10,SA919X7XB05691-A96204B-R48-C19,260.87,2.99,B
10,SA919X7XB05691-A96204B-R48-C21,212.7,2.98,B
10,SA919X7XB05691-A96204B-R48-C22,223.76,2.97,B
10,SA919X7XB05691-A96204B-R48-C23,251.16,2.94,B
10,SA919X7XB05691-A96204B-R48-C28,216.54,2.81,B
10,SA919X7XB05691-A96204B-R48-C30,188.97,2.86,B
10,SA919X7XB05691-A96204B-R48-C34,125.49,2.93,B
10,SA919X7XB05691-A96204B-R48-C35,209.4,2.93,B
10,SA919X7XB05691-A96204B-R48-C38,177,2.95,B
10,SA919X7XB05691-A96204B-R48-C43,226.05,2.96,B
10,SA919X7XB05691-A96204B-R48-C48,222.67,2.97,B
10,SA919X7XB05691-A96204B-R48-C51,237.65,2.99,B
10,SA919X7XB05691-A96204B-R48-C55,203.75,2.91,B
10,SA919X7XB05691-A96204B-R48-C56,213.6,2.86,B
10,SA919X7XB05691-A96204B-R48-C57,225.92,2.89,B
10,SA919X7XB05691-A96204B-R48-C58,165.08,2.88,B
10,SA919X7XB05691-A96204B-R48-C60,263.98,2.95,B
10,SA919X7XB05691-A96204B-R49-C12,171.97,2.96,B
10,SA919X7XB05691-A96204B-R49-C17,212.03,3,B
10,SA919X7XB05691-A96204B-R49-C21,145.57,2.64,B
10,SA919X7XB05691-A96204B-R49-C24,250.06,2.95,B
10,SA919X7XB05691-A96204B-R49-C25,141.63,2.87,B
10,SA919X7XB05691-A96204B-R49-C28,191.73,2.9,B
10,SA919X7XB05691-A96204B-R49-C31,211.44,2.94,B
10,SA919X7XB05691-A96204B-R49-C32,193.63,2.88,B
10,SA919X7XB05691-A96204B-R49-C33,127.14,2.89,B
10,SA919X7XB05691-A96204B-R49-C35,198.83,3.04,B
10,SA919X7XB05691-A96204B-R49-C36,96.89,2.98,B
10,SA919X7XB05691-A96204B-R49-C37,164.19,3.01,B
10,SA919X7XB05691-A96204B-R49-C40,241.37,2.97,B
10,SA919X7XB05691-A96204B-R49-C42,169.3,2.87,B
10,SA919X7XB05691-A96204B-R49-C44,190.35,2.79,B
10,SA919X7XB05691-A96204B-R49-C46,167.03,3,B
10,SA919X7XB05691-A96204B-R49-C48,185.02,2.91,B
10,SA919X7XB05691-A96204B-R49-C50,155.02,2.91,B
10,SA919X7XB05691-A96204B-R49-C51,170.78,2.98,B
10,SA919X7XB05691-A96204B-R49-C69,194.27,3,B
10,SA919X7XB05691-A96204B-R50-C07,235.73,2.92,B
10,SA919X7XB05691-A96204B-R50-C08,185.76,2.95,B
10,SA919X7XB05691-A96204B-R50-C12,180.59,2.95,B
10,SA919X7XB05691-A96204B-R50-C17,202.29,2.9,B
10,SA919X7XB05691-A96204B-R50-C18,124.1,2.86,B
10,SA919X7XB05691-A96204B-R50-C20,146.44,2.73,B
10,SA919X7XB05691-A96204B-R50-C24,266.84,3.04,B
10,SA919X7XB05691-A96204B-R50-C26,160.94,3.07,B
10,SA919X7XB05691-A96204B-R50-C27,116.46,2.83,B
10,SA919X7XB05691-A96204B-R50-C28,182.14,2.95,B
10,SA919X7XB05691-A96204B-R50-C29,180.24,3.02,B
10,SA919X7XB05691-A96204B-R50-C31,168.11,2.87,B
10,SA919X7XB05691-A96204B-R50-C32,173.97,3,B
10,SA919X7XB05691-A96204B-R50-C35,179.48,3.01,B
10,SA919X7XB05691-A96204B-R50-C37,130.9,2.83,B
10,SA919X7XB05691-A96204B-R50-C38,132.79,2.87,B
10,SA919X7XB05691-A96204B-R50-C41,162.41,3,B
10,SA919X7XB05691-A96204B-R50-C46,185.9,2.94,B
10,SA919X7XB05691-A96204B-R50-C48,150.73,2.89,B
10,SA919X7XB05691-A96204B-R50-C54,155.05,2.78,B
10,SA919X7XB05691-A96204B-R50-C60,184.02,2.76,B
10,SA919X7XB05691-A96204B-R50-C67,103.76,2.89,B
10,SA919X7XB05691-A96204B-R50-C68,135.3,3.07,B
10,SA919X7XB05691-A96204B-R51-C13,257.24,2.96,B
10,SA919X7XB05691-A96204B-R51-C15,199.19,2.95,B
10,SA919X7XB05691-A96204B-R51-C18,137.33,2.93,B
10,SA919X7XB05691-A96204B-R51-C19,123.65,2.8,B
10,SA919X7XB05691-A96204B-R51-C21,150.57,2.96,B
10,SA919X7XB05691-A96204B-R51-C24,206.03,2.98,B
10,SA919X7XB05691-A96204B-R51-C25,201.59,3.02,B
10,SA919X7XB05691-A96204B-R51-C26,172.37,2.8,B
10,SA919X7XB05691-A96204B-R51-C27,117.78,2.97,B
10,SA919X7XB05691-A96204B-R51-C28,176.43,2.9,B
10,SA919X7XB05691-A96204B-R51-C29,153.75,3.07,B
10,SA919X7XB05691-A96204B-R51-C30,151.92,2.95,B
10,SA919X7XB05691-A96204B-R51-C35,177.94,2.97,B
10,SA919X7XB05691-A96204B-R51-C38,98.95,2.92,B
10,SA919X7XB05691-A96204B-R51-C39,167.46,2.97,B
10,SA919X7XB05691-A96204B-R51-C40,173.73,2.95,B
10,SA919X7XB05691-A96204B-R51-C41,172.67,2.87,B
10,SA919X7XB05691-A96204B-R51-C42,159.95,2.94,B
10,SA919X7XB05691-A96204B-R51-C43,159.84,2.89,B
10,SA919X7XB05691-A96204B-R51-C45,93.06,2.83,B
10,SA919X7XB05691-A96204B-R51-C47,162.06,2.92,B
10,SA919X7XB05691-A96204B-R51-C50,118.59,2.88,B
10,SA919X7XB05691-A96204B-R51-C52,116.54,2.89,B
10,SA919X7XB05691-A96204B-R51-C57,161.38,3.06,B
10,SA919X7XB05691-A96204B-R51-C58,115.71,2.87,B
10,SA919X7XB05691-A96204B-R51-C59,139.19,2.98,B
10,SA919X7XB05691-A96204B-R51-C65,109.76,3,B
10,SA919X7XB05691-A96204B-R51-C66,98.13,3,B
10,SA919X7XB05691-A96204B-R51-C70,144,2.88,B
10,SA919X7XB05691-A96204B-R52-C12,204.68,3.05,B
10,SA919X7XB05691-A96204B-R52-C14,206.3,3,B
10,SA919X7XB05691-A96204B-R52-C15,211,3.01,B
10,SA919X7XB05691-A96204B-R52-C16,212.92,3.01,B
10,SA919X7XB05691-A96204B-R52-C19,158.02,2.9,B
10,SA919X7XB05691-A96204B-R52-C22,174.02,2.84,B
10,SA919X7XB05691-A96204B-R52-C24,231.05,2.91,B
10,SA919X7XB05691-A96204B-R52-C27,137.3,2.9,B
10,SA919X7XB05691-A96204B-R52-C29,197.35,3.03,B
10,SA919X7XB05691-A96204B-R52-C30,175.06,2.92,B
10,SA919X7XB05691-A96204B-R52-C31,219.08,2.85,B
10,SA919X7XB05691-A96204B-R52-C32,201.22,2.91,B
10,SA919X7XB05691-A96204B-R52-C35,194.35,2.86,B
10,SA919X7XB05691-A96204B-R52-C38,172.1,3.06,B
10,SA919X7XB05691-A96204B-R52-C39,199.38,2.86,B
10,SA919X7XB05691-A96204B-R52-C40,176.17,2.78,B
10,SA919X7XB05691-A96204B-R52-C41,205.03,2.93,B
10,SA919X7XB05691-A96204B-R52-C42,185.94,2.91,B
10,SA919X7XB05691-A96204B-R52-C47,200.78,2.89,B
10,SA919X7XB05691-A96204B-R52-C48,200.65,3.01,B
10,SA919X7XB05691-A96204B-R52-C49,179.73,3,B
10,SA919X7XB05691-A96204B-R52-C51,174.59,2.86,B
10,SA919X7XB05691-A96204B-R52-C52,150.27,2.98,B
10,SA919X7XB05691-A96204B-R52-C54,214.24,3.03,B
10,SA919X7XB05691-A96204B-R52-C56,215.92,2.87,B
10,SA919X7XB05691-A96204B-R52-C57,189.7,2.92,B
10,SA919X7XB05691-A96204B-R52-C59,256.71,3.05,B
10,SA919X7XB05691-A96204B-R52-C61,192.46,2.97,B
10,SA919X7XB05691-A96204B-R52-C64,165.03,2.88,B
10,SA919X7XB05691-A96204B-R52-C68,95.08,2.9,B
10,SA919X7XB05691-A96204B-R52-C69,171.57,3,B
10,SA919X7XB05691-A96204B-R53-C08,206.37,2.95,B
10,SA919X7XB05691-A96204B-R53-C11,200.24,2.81,B
10,SA919X7XB05691-A96204B-R53-C12,159.3,2.9,B
10,SA919X7XB05691-A96204B-R53-C14,255.16,2.97,B
10,SA919X7XB05691-A96204B-R53-C16,263.3,2.91,B
10,SA919X7XB05691-A96204B-R53-C17,262.35,3.02,B
10,SA919X7XB05691-A96204B-R53-C18,211.89,2.9,B
10,SA919X7XB05691-A96204B-R53-C19,197.71,2.98,B
10,SA919X7XB05691-A96204B-R53-C20,199.17,2.91,B
10,SA919X7XB05691-A96204B-R53-C21,232.57,2.94,B
10,SA919X7XB05691-A96204B-R53-C24,231.05,2.93,B
10,SA919X7XB05691-A96204B-R53-C26,199.6,2.93,B
10,SA919X7XB05691-A96204B-R53-C28,299.7,2.93,B
10,SA919X7XB05691-A96204B-R53-C29,224.79,2.88,B
10,SA919X7XB05691-A96204B-R53-C30,235.03,2.94,B
10,SA919X7XB05691-A96204B-R53-C31,279.56,3.02,B
10,SA919X7XB05691-A96204B-R53-C34,148.71,2.83,B
10,SA919X7XB05691-A96204B-R53-C35,233.16,2.97,B
10,SA919X7XB05691-A96204B-R53-C36,128.65,2.84,B
10,SA919X7XB05691-A96204B-R53-C37,199.32,2.9,B
10,SA919X7XB05691-A96204B-R53-C39,229.94,2.89,B
10,SA919X7XB05691-A96204B-R53-C40,216.33,2.96,B
10,SA919X7XB05691-A96204B-R53-C41,225.86,2.85,B
10,SA919X7XB05691-A96204B-R53-C43,233.11,2.93,B
10,SA919X7XB05691-A96204B-R53-C47,234.9,2.93,B
10,SA919X7XB05691-A96204B-R53-C50,199.52,2.89,B
10,SA919X7XB05691-A96204B-R53-C54,200.83,2.92,B
10,SA919X7XB05691-A96204B-R53-C59,159.25,2.97,B
10,SA919X7XB05691-A96204B-R53-C67,158.67,2.93,B
10,SA919X7XB05691-A96204B-R53-C68,186.38,3.05,B
10,SA919X7XB05691-A96204B-R53-C69,177.67,3,B
10,SA919X7XB05691-A96204B-R54-C09,184.83,2.97,B
10,SA919X7XB05691-A96204B-R54-C10,126.92,2.87,B
10,SA919X7XB05691-A96204B-R54-C12,181.7,2.88,B
10,SA919X7XB05691-A96204B-R54-C14,188.98,2.97,B
10,SA919X7XB05691-A96204B-R54-C15,206.29,2.91,B
10,SA919X7XB05691-A96204B-R54-C18,137.94,3.05,B
10,SA919X7XB05691-A96204B-R54-C19,152.56,2.95,B
10,SA919X7XB05691-A96204B-R54-C22,150.3,2.75,B
10,SA919X7XB05691-A96204B-R54-C27,113.16,2.82,B
10,SA919X7XB05691-A96204B-R54-C28,209.6,2.93,B
10,SA919X7XB05691-A96204B-R54-C31,188.71,2.83,B
10,SA919X7XB05691-A96204B-R54-C32,206.79,2.98,B
10,SA919X7XB05691-A96204B-R54-C33,128.52,2.94,B
10,SA919X7XB05691-A96204B-R54-C35,186.03,2.92,B
10,SA919X7XB05691-A96204B-R54-C36,98.92,2.99,B
10,SA919X7XB05691-A96204B-R54-C37,153.22,2.8,B
10,SA919X7XB05691-A96204B-R54-C38,149.29,2.81,B
10,SA919X7XB05691-A96204B-R54-C39,198.68,3,B
10,SA919X7XB05691-A96204B-R54-C41,180.49,2.87,B
10,SA919X7XB05691-A96204B-R54-C42,197.79,2.96,B
10,SA919X7XB05691-A96204B-R54-C44,204.38,2.92,B
10,SA919X7XB05691-A96204B-R54-C46,170.59,2.99,B
10,SA919X7XB05691-A96204B-R54-C47,220.73,2.95,B
10,SA919X7XB05691-A96204B-R54-C55,145.44,2.86,B
10,SA919X7XB05691-A96204B-R54-C59,157.73,2.83,B
10,SA919X7XB05691-A96204B-R54-C60,140.79,2.79,B
10,SA919X7XB05691-A96204B-R54-C61,176.17,2.96,B
10,SA919X7XB05691-A96204B-R54-C63,178.92,2.94,B
10,SA919X7XB05691-A96204B-R54-C64,178.57,2.84,B
10,SA919X7XB05691-A96204B-R54-C69,158.63,2.97,B
10,SA919X7XB05691-A96204B-R55-C08,197.9,2.94,B
10,SA919X7XB05691-A96204B-R55-C09,137.29,2.25,B
10,SA919X7XB05691-A96204B-R55-C11,154.81,2.96,B
10,SA919X7XB05691-A96204B-R55-C13,233.73,2.99,B
10,SA919X7XB05691-A96204B-R55-C15,177.19,2.86,B
10,SA919X7XB05691-A96204B-R55-C20,180,2.94,B
10,SA919X7XB05691-A96204B-R55-C21,168.14,2.92,B
10,SA919X7XB05691-A96204B-R55-C27,134.3,3.15,B
10,SA919X7XB05691-A96204B-R55-C31,187.38,2.91,B
10,SA919X7XB05691-A96204B-R55-C32,183.13,2.77,B
10,SA919X7XB05691-A96204B-R55-C35,187.38,2.95,B
10,SA919X7XB05691-A96204B-R55-C37,165.6,2.95,B
10,SA919X7XB05691-A96204B-R55-C39,213.57,2.93,B
10,SA919X7XB05691-A96204B-R55-C41,191.3,3.01,B
10,SA919X7XB05691-A96204B-R55-C43,200.06,2.99,B
10,SA919X7XB05691-A96204B-R55-C46,166.59,2.95,B
10,SA919X7XB05691-A96204B-R55-C51,150.63,2.87,B
10,SA919X7XB05691-A96204B-R55-C52,118.02,2.88,B
10,SA919X7XB05691-A96204B-R55-C57,159.44,2.98,B
10,SA919X7XB05691-A96204B-R55-C58,129.1,2.88,B
10,SA919X7XB05691-A96204B-R55-C59,152.95,2.78,B
10,SA919X7XB05691-A96204B-R55-C61,161.51,2.89,B
10,SA919X7XB05691-A96204B-R55-C66,126.52,2.99,B
10,SA919X7XB05691-A96204B-R56-C12,181.83,2.9,B
10,SA919X7XB05691-A96204B-R56-C14,192.08,2.8,B
10,SA919X7XB05691-A96204B-R56-C15,186.87,2.87,B
10,SA919X7XB05691-A96204B-R56-C16,207.73,2.92,B
10,SA919X7XB05691-A96204B-R56-C22,173.6,3.08,B
10,SA919X7XB05691-A96204B-R56-C26,161.76,3.05,B
10,SA919X7XB05691-A96204B-R56-C27,142.6,2.84,B
10,SA919X7XB05691-A96204B-R56-C28,190.98,2.91,B
10,SA919X7XB05691-A96204B-R56-C29,182.7,2.99,B
10,SA919X7XB05691-A96204B-R56-C30,165.19,2.91,B
10,SA919X7XB05691-A96204B-R56-C31,204.49,2.87,B
10,SA919X7XB05691-A96204B-R56-C32,196.87,2.93,B
10,SA919X7XB05691-A96204B-R56-C40,184.3,2.83,B
10,SA919X7XB05691-A96204B-R56-C43,193.29,2.98,B
10,SA919X7XB05691-A96204B-R56-C44,214.86,2.97,B
10,SA919X7XB05691-A96204B-R56-C48,188.86,2.93,B
10,SA919X7XB05691-A96204B-R56-C49,156.92,2.81,B
10,SA919X7XB05691-A96204B-R56-C51,160.19,2.95,B
10,SA919X7XB05691-A96204B-R56-C54,111.19,3.03,B
10,SA919X7XB05691-A96204B-R56-C55,156.06,2.85,B
10,SA919X7XB05691-A96204B-R56-C57,129.49,2.98,B
10,SA919X7XB05691-A96204B-R56-C64,179.03,2.86,B
10,SA919X7XB05691-A96204B-R57-C08,193.59,2.94,B
10,SA919X7XB05691-A96204B-R57-C09,199.7,2.88,B
10,SA919X7XB05691-A96204B-R57-C11,148.94,2.92,B
10,SA919X7XB05691-A96204B-R57-C13,228.49,2.88,B
10,SA919X7XB05691-A96204B-R57-C24,264.4,2.85,B
10,SA919X7XB05691-A96204B-R57-C26,165.51,2.99,A
10,SA919X7XB05691-A96204B-R57-C29,162.87,2.89,B
10,SA919X7XB05691-A96204B-R57-C31,201.21,2.84,B
10,SA919X7XB05691-A96204B-R57-C33,131.35,2.95,B
10,SA919X7XB05691-A96204B-R57-C41,170.48,2.89,B
10,SA919X7XB05691-A96204B-R57-C42,188.83,2.91,B
10,SA919X7XB05691-A96204B-R57-C43,199.32,2.94,B
10,SA919X7XB05691-A96204B-R57-C50,127.22,2.9,B
10,SA919X7XB05691-A96204B-R57-C55,177.94,2.89,B
10,SA919X7XB05691-A96204B-R57-C56,184.19,3.04,B
10,SA919X7XB05691-A96204B-R57-C59,167.49,2.9,B
10,SA919X7XB05691-A96204B-R57-C60,188.98,2.96,B
10,SA919X7XB05691-A96204B-R57-C63,166.11,2.76,B
10,SA919X7XB05691-A96204B-R57-C64,195.4,2.94,B
10,SA919X7XB05691-A96204B-R57-C69,158.75,3.01,B
10,SA919X7XB05691-A96204B-R58-C08,153.41,2.98,B
10,SA919X7XB05691-A96204B-R58-C10,103.92,3.09,B
10,SA919X7XB05691-A96204B-R58-C11,123.43,2.97,B
10,SA919X7XB05691-A96204B-R58-C16,153.97,3,B
10,SA919X7XB05691-A96204B-R58-C17,135.03,2.81,B
10,SA919X7XB05691-A96204B-R58-C19,116.68,3,B
10,SA919X7XB05691-A96204B-R58-C25,156.46,2.92,B
10,SA919X7XB05691-A96204B-R58-C26,120.52,3.2,B
10,SA919X7XB05691-A96204B-R58-C27,93.9,2.87,B
10,SA919X7XB05691-A96204B-R58-C28,149.81,2.92,B
10,SA919X7XB05691-A96204B-R58-C30,121.94,2.88,B
10,SA919X7XB05691-A96204B-R58-C40,122.48,2.92,B
10,SA919X7XB05691-A96204B-R58-C46,161.27,2.95,B
10,SA919X7XB05691-A96204B-R58-C49,113.95,3.04,B
10,SA919X7XB05691-A96204B-R58-C54,134.13,2.86,B
10,SA919X7XB05691-A96204B-R58-C58,115.46,3.03,B
10,SA919X7XB05691-A96204B-R58-C63,112.4,2.89,B
10,SA919X7XB05691-A96204B-R58-C64,125.24,2.78,B
10,SA919X7XB05691-A96204B-R59-C13,159.9,2.93,B
10,SA919X7XB05691-A96204B-R59-C14,148.1,2.88,B
10,SA919X7XB05691-A96204B-R59-C19,127.38,2.99,B
10,SA919X7XB05691-A96204B-R59-C22,121.14,2.92,B
10,SA919X7XB05691-A96204B-R59-C26,126.41,2.9,B
10,SA919X7XB05691-A96204B-R59-C31,156.83,3.05,B
10,SA919X7XB05691-A96204B-R59-C39,154.81,2.86,B
10,SA919X7XB05691-A96204B-R59-C40,139.17,2.9,B
10,SA919X7XB05691-A96204B-R59-C46,142.4,2.75,B
10,SA919X7XB05691-A96204B-R59-C47,136.48,2.85,B
10,SA919X7XB05691-A96204B-R59-C50,121.43,2.95,B
10,SA919X7XB05691-A96204B-R59-C57,158.97,3.02,B
10,SA919X7XB05691-A96204B-R59-C58,117.89,2.81,B
10,SA919X7XB05691-A96204B-R59-C59,126.21,2.9,B
10,SA919X7XB05691-A96204B-R59-C69,189.7,3.04,B
10,SA919X7XB05691-A96204B-R60-C09,170.71,3.02,B
10,SA919X7XB05691-A96204B-R60-C11,119.51,2.85,B
10,SA919X7XB05691-A96204B-R60-C15,159.37,3,B
10,SA919X7XB05691-A96204B-R60-C23,152.63,2.95,B
10,SA919X7XB05691-A96204B-R60-C25,172.11,3.03,A
10,SA919X7XB05691-A96204B-R60-C26,127.35,2.89,B
10,SA919X7XB05691-A96204B-R60-C27,136.75,3.01,B
10,SA919X7XB05691-A96204B-R60-C30,129.46,2.91,B
10,SA919X7XB05691-A96204B-R60-C32,144.62,2.85,B
10,SA919X7XB05691-A96204B-R60-C38,122.76,2.96,B
10,SA919X7XB05691-A96204B-R60-C42,161.29,2.88,B
10,SA919X7XB05691-A96204B-R60-C46,169.78,2.93,B
10,SA919X7XB05691-A96204B-R60-C63,123.25,2.94,B
5,SA919X4XB40509-A98217A-R03-C08,162.94,2.97,A
5,SA919X4XB40509-A98217A-R03-C09,125.71,3,A
5,SA919X4XB40509-A98217A-R03-C11,135.03,3.15,A
5,SA919X4XB40509-A98217A-R03-C13,167.33,2.74,A
5,SA919X4XB40509-A98217A-R03-C17,134.29,3.05,A
5,SA919X4XB40509-A98217A-R03-C19,140.31,3.07,A
5,SA919X4XB40509-A98217A-R03-C22,100.63,2.98,A
5,SA919X4XB40509-A98217A-R03-C23,163.77,3.11,A
5,SA919X4XB40509-A98217A-R03-C24,141.54,3.06,A
5,SA919X4XB40509-A98217A-R03-C30,171.29,3.05,A
5,SA919X4XB40509-A98217A-R03-C34,93.56,3.09,A
5,SA919X4XB40509-A98217A-R03-C35,143.99,3.07,A
5,SA919X4XB40509-A98217A-R03-C41,120.21,2.99,A
5,SA919X4XB40509-A98217A-R03-C43,169.99,2.94,A
5,SA919X4XB40509-A98217A-R03-C54,134.84,2.88,A
5,SA919X4XB40509-A98217A-R03-C55,119.94,2.93,A
5,SA919X4XB40509-A98217A-R03-C56,159.07,2.98,A
5,SA919X4XB40509-A98217A-R03-C63,155.89,3.03,A
5,SA919X4XB40509-A98217A-R03-C66,158.13,2.97,A
5,SA919X4XB40509-A98217A-R03-C67,141.77,3.04,A
5,SA919X4XB40509-A98217A-R04-C11,132.94,3.02,A
5,SA919X4XB40509-A98217A-R04-C12,131.04,3.02,A
5,SA919X4XB40509-A98217A-R04-C13,158.59,3.02,A
5,SA919X4XB40509-A98217A-R04-C14,148.69,3.06,A
5,SA919X4XB40509-A98217A-R04-C16,153.3,3.01,A
5,SA919X4XB40509-A98217A-R04-C17,158.6,3.05,A
5,SA919X4XB40509-A98217A-R04-C18,123.54,3.06,A
5,SA919X4XB40509-A98217A-R04-C19,131.41,3.04,A
5,SA919X4XB40509-A98217A-R04-C23,135.93,3.04,A
5,SA919X4XB40509-A98217A-R04-C26,143.77,3.07,A
5,SA919X4XB40509-A98217A-R04-C28,136.04,2.94,A
5,SA919X4XB40509-A98217A-R04-C29,115.16,3.12,A
5,SA919X4XB40509-A98217A-R04-C30,135.93,3.06,A
5,SA919X4XB40509-A98217A-R04-C31,149.97,3.02,A
5,SA919X4XB40509-A98217A-R04-C33,104.43,3.14,A
5,SA919X4XB40509-A98217A-R04-C34,110.29,3.11,A
5,SA919X4XB40509-A98217A-R04-C35,155.46,3.14,A
5,SA919X4XB40509-A98217A-R04-C37,133.06,3,A
5,SA919X4XB40509-A98217A-R04-C38,139.94,3.01,A
5,SA919X4XB40509-A98217A-R04-C40,137.4,3.01,A
5,SA919X4XB40509-A98217A-R04-C42,150.64,3.04,A
5,SA919X4XB40509-A98217A-R04-C43,156.03,3.07,A
5,SA919X4XB40509-A98217A-R04-C47,202.76,2.97,A
5,SA919X4XB40509-A98217A-R04-C48,144.23,2.96,A
5,SA919X4XB40509-A98217A-R04-C52,139.61,3.04,A
5,SA919X4XB40509-A98217A-R04-C54,131.36,2.93,A
5,SA919X4XB40509-A98217A-R04-C55,105.11,2.91,A
5,SA919X4XB40509-A98217A-R04-C56,154.84,3.1,A
5,SA919X4XB40509-A98217A-R04-C57,147.59,3.01,A
5,SA919X4XB40509-A98217A-R04-C58,136.16,3.06,A
5,SA919X4XB40509-A98217A-R04-C59,138.61,2.99,A
5,SA919X4XB40509-A98217A-R04-C61,137.3,3.02,A
5,SA919X4XB40509-A98217A-R04-C64,162.06,3.08,A
5,SA919X4XB40509-A98217A-R04-C66,145.26,3.03,A
5,SA919X4XB40509-A98217A-R04-C68,108.57,3.03,A
5,SA919X4XB40509-A98217A-R05-C07,172.46,2.98,A
5,SA919X4XB40509-A98217A-R05-C09,155.44,3.07,A
5,SA919X4XB40509-A98217A-R05-C12,129.54,2.99,A
5,SA919X4XB40509-A98217A-R05-C13,162.7,3,A
5,SA919X4XB40509-A98217A-R05-C15,156,3.1,A
5,SA919X4XB40509-A98217A-R05-C16,162.11,3.01,A
5,SA919X4XB40509-A98217A-R05-C17,166.97,3.03,A
5,SA919X4XB40509-A98217A-R05-C18,137.16,3.1,A
5,SA919X4XB40509-A98217A-R05-C21,114.36,3.19,A
5,SA919X4XB40509-A98217A-R05-C23,153.3,3.06,A
5,SA919X4XB40509-A98217A-R05-C24,175.43,2.98,A
5,SA919X4XB40509-A98217A-R05-C26,149.41,2.96,A
5,SA919X4XB40509-A98217A-R05-C31,161.71,3,A
5,SA919X4XB40509-A98217A-R05-C32,158.34,3.03,A
5,SA919X4XB40509-A98217A-R05-C33,111.17,2.98,A
5,SA919X4XB40509-A98217A-R05-C35,170.81,3.02,A
5,SA919X4XB40509-A98217A-R05-C38,155.53,3.05,A
5,SA919X4XB40509-A98217A-R05-C40,157.26,3.13,A
5,SA919X4XB40509-A98217A-R05-C41,152.04,3.08,A
5,SA919X4XB40509-A98217A-R05-C44,147.07,3.01,A
5,SA919X4XB40509-A98217A-R05-C46,149.11,2.98,A
5,SA919X4XB40509-A98217A-R05-C48,142.5,3.04,A
5,SA919X4XB40509-A98217A-R05-C50,142.73,3.04,A
5,SA919X4XB40509-A98217A-R05-C51,147.44,2.99,A
5,SA919X4XB40509-A98217A-R05-C54,142.5,3.02,A
5,SA919X4XB40509-A98217A-R05-C55,157.73,3.04,A
5,SA919X4XB40509-A98217A-R05-C58,140.97,3.03,A
5,SA919X4XB40509-A98217A-R05-C59,148.36,3.08,A
5,SA919X4XB40509-A98217A-R05-C60,138.6,3.09,A
5,SA919X4XB40509-A98217A-R05-C61,153.87,2.95,A
5,SA919X4XB40509-A98217A-R05-C62,145.6,3.16,A
5,SA919X4XB40509-A98217A-R05-C63,160.09,2.94,A
5,SA919X4XB40509-A98217A-R05-C64,154.14,2.93,A
5,SA919X4XB40509-A98217A-R05-C66,154.96,3.04,A
5,SA919X4XB40509-A98217A-R05-C67,142.49,3.01,A
5,SA919X4XB40509-A98217A-R05-C69,128.33,3.15,A
5,SA919X4XB40509-A98217A-R06-C08,222.26,3.04,A
5,SA919X4XB40509-A98217A-R06-C09,166.9,3.06,A
5,SA919X4XB40509-A98217A-R06-C11,148.94,3.16,A
5,SA919X4XB40509-A98217A-R06-C12,139.29,3.04,A
5,SA919X4XB40509-A98217A-R06-C14,153.7,2.94,A
5,SA919X4XB40509-A98217A-R06-C15,150.51,2.98,A
5,SA919X4XB40509-A98217A-R06-C17,170.19,3.04,A
5,SA919X4XB40509-A98217A-R06-C18,142.73,3.04,A
5,SA919X4XB40509-A98217A-R06-C19,144.36,2.98,A
5,SA919X4XB40509-A98217A-R06-C22,144.73,3.06,A
5,SA919X4XB40509-A98217A-R06-C23,141.03,3,A
5,SA919X4XB40509-A98217A-R06-C24,184.54,3.03,A
5,SA919X4XB40509-A98217A-R06-C26,160.51,3.04,A
5,SA919X4XB40509-A98217A-R06-C27,115.01,3.08,A
5,SA919X4XB40509-A98217A-R06-C28,148.51,2.97,A
5,SA919X4XB40509-A98217A-R06-C30,160.57,3.11,A
5,SA919X4XB40509-A98217A-R06-C32,161.79,2.96,A
5,SA919X4XB40509-A98217A-R06-C33,112.83,3.02,A
5,SA919X4XB40509-A98217A-R06-C37,184.74,2.94,A
5,SA919X4XB40509-A98217A-R06-C41,161.31,2.96,A
5,SA919X4XB40509-A98217A-R06-C42,169.36,2.99,A
5,SA919X4XB40509-A98217A-R06-C46,119.53,3.06,A
5,SA919X4XB40509-A98217A-R06-C47,153.56,2.98,A
5,SA919X4XB40509-A98217A-R06-C48,159.81,3.1,A
5,SA919X4XB40509-A98217A-R06-C49,138.91,3.01,A
5,SA919X4XB40509-A98217A-R06-C50,139.56,3.06,A
5,SA919X4XB40509-A98217A-R06-C51,176.21,2.99,A
5,SA919X4XB40509-A98217A-R06-C54,147.89,3.1,A
5,SA919X4XB40509-A98217A-R06-C55,141.79,3.11,A
5,SA919X4XB40509-A98217A-R06-C56,164.76,3,A
5,SA919X4XB40509-A98217A-R06-C58,137.5,2.91,A
5,SA919X4XB40509-A98217A-R06-C59,143.27,3.05,A
5,SA919X4XB40509-A98217A-R06-C60,143.24,3.02,A
5,SA919X4XB40509-A98217A-R06-C61,165.37,3.07,A
5,SA919X4XB40509-A98217A-R06-C63,153.2,2.96,A
5,SA919X4XB40509-A98217A-R06-C64,160.89,2.95,A
5,SA919X4XB40509-A98217A-R06-C68,101.23,2.94,A
5,SA919X4XB40509-A98217A-R06-C69,138.13,3.03,A
5,SA919X4XB40509-A98217A-R06-C70,132.59,3.17,A
5,SA919X4XB40509-A98217A-R07-C07,179.16,3.08,A
5,SA919X4XB40509-A98217A-R07-C08,205.71,2.88,A
5,SA919X4XB40509-A98217A-R07-C11,174.63,2.99,A
5,SA919X4XB40509-A98217A-R07-C12,142.81,3.24,A
5,SA919X4XB40509-A98217A-R07-C14,150.56,3,A
5,SA919X4XB40509-A98217A-R07-C15,149.89,3.08,A
5,SA919X4XB40509-A98217A-R07-C16,165.47,2.99,A
5,SA919X4XB40509-A98217A-R07-C18,143.47,3.05,A
5,SA919X4XB40509-A98217A-R07-C19,144.97,3.06,A
5,SA919X4XB40509-A98217A-R07-C24,249.79,3.04,A
5,SA919X4XB40509-A98217A-R07-C25,164.66,3.1,A
5,SA919X4XB40509-A98217A-R07-C26,147.16,2.91,A
5,SA919X4XB40509-A98217A-R07-C27,119.4,2.84,A
5,SA919X4XB40509-A98217A-R07-C34,113.86,3.05,A
5,SA919X4XB40509-A98217A-R07-C37,142.64,2.99,A
5,SA919X4XB40509-A98217A-R07-C39,170.16,3.09,A
5,SA919X4XB40509-A98217A-R07-C44,120.79,2.87,A
5,SA919X4XB40509-A98217A-R07-C46,160.07,3.17,A
5,SA919X4XB40509-A98217A-R07-C48,148.21,3.05,A
5,SA919X4XB40509-A98217A-R07-C49,137.96,3.02,A
5,SA919X4XB40509-A98217A-R07-C51,144.07,3,A
5,SA919X4XB40509-A98217A-R07-C52,131.67,2.95,A
5,SA919X4XB40509-A98217A-R07-C54,148.66,2.99,A
5,SA919X4XB40509-A98217A-R07-C57,170.34,3.08,A
5,SA919X4XB40509-A98217A-R07-C58,137.74,3.04,A
5,SA919X4XB40509-A98217A-R07-C59,145.89,3.13,A
5,SA919X4XB40509-A98217A-R07-C62,119.29,2.95,A
5,SA919X4XB40509-A98217A-R07-C66,158.47,2.96,A
5,SA919X4XB40509-A98217A-R07-C68,159.46,3.13,A
5,SA919X4XB40509-A98217A-R08-C08,161.39,2.97,A
5,SA919X4XB40509-A98217A-R08-C09,161.17,2.91,A
5,SA919X4XB40509-A98217A-R08-C10,151.93,3.04,A
5,SA919X4XB40509-A98217A-R08-C11,154.47,2.99,A
5,SA919X4XB40509-A98217A-R08-C12,150.29,3.08,A
5,SA919X4XB40509-A98217A-R08-C14,163.91,3.04,A
5,SA919X4XB40509-A98217A-R08-C15,159.76,3.01,A
5,SA919X4XB40509-A98217A-R08-C16,188.26,3.1,A
5,SA919X4XB40509-A98217A-R08-C17,186.33,3.08,A
5,SA919X4XB40509-A98217A-R08-C18,151.49,3.09,A
5,SA919X4XB40509-A98217A-R08-C21,150.49,3.04,A
5,SA919X4XB40509-A98217A-R08-C22,151.81,3.04,A
5,SA919X4XB40509-A98217A-R08-C23,165.11,2.98,A
5,SA919X4XB40509-A98217A-R08-C24,196.76,2.95,A
5,SA919X4XB40509-A98217A-R08-C28,156,3.05,A
5,SA919X4XB40509-A98217A-R08-C30,166.13,3.01,A
5,SA919X4XB40509-A98217A-R08-C31,189.96,3.05,A
5,SA919X4XB40509-A98217A-R08-C32,186.14,3.06,A
5,SA919X4XB40509-A98217A-R08-C34,162.7,3.16,A
5,SA919X4XB40509-A98217A-R08-C35,183.77,3.03,A
5,SA919X4XB40509-A98217A-R08-C36,94.84,3.06,A
5,SA919X4XB40509-A98217A-R08-C37,212.47,3.09,A
5,SA919X4XB40509-A98217A-R08-C38,193.01,3.02,A
5,SA919X4XB40509-A98217A-R08-C39,166.6,2.98,A
5,SA919X4XB40509-A98217A-R08-C41,221.47,2.9,A
5,SA919X4XB40509-A98217A-R08-C45,118.34,3.07,A
5,SA919X4XB40509-A98217A-R08-C46,166.06,3.08,A
5,SA919X4XB40509-A98217A-R08-C47,174.1,3.07,A
5,SA919X4XB40509-A98217A-R08-C51,156.33,2.95,A
5,SA919X4XB40509-A98217A-R08-C54,157.24,3.08,A
5,SA919X4XB40509-A98217A-R08-C55,175.1,3,A
5,SA919X4XB40509-A98217A-R08-C57,181.61,3.12,A
5,SA919X4XB40509-A98217A-R08-C59,133.36,3.1,A
5,SA919X4XB40509-A98217A-R08-C60,148.34,2.98,A
5,SA919X4XB40509-A98217A-R08-C61,171.59,3,A
5,SA919X4XB40509-A98217A-R08-C64,191.03,3.03,A
5,SA919X4XB40509-A98217A-R08-C65,136.53,3.05,A
5,SA919X4XB40509-A98217A-R08-C67,135.5,3.05,A
5,SA919X4XB40509-A98217A-R08-C69,153.9,3,A
5,SA919X4XB40509-A98217A-R08-C70,146.31,3.02,A
5,SA919X4XB40509-A98217A-R09-C07,160.3,3.04,A
5,SA919X4XB40509-A98217A-R09-C08,139.91,2.91,A
5,SA919X4XB40509-A98217A-R09-C10,130.46,3.07,A
5,SA919X4XB40509-A98217A-R09-C14,144.97,3.03,A
5,SA919X4XB40509-A98217A-R09-C15,53.23,1.09,A
5,SA919X4XB40509-A98217A-R09-C16,155.37,3.06,A
5,SA919X4XB40509-A98217A-R09-C18,130.67,3.09,A
5,SA919X4XB40509-A98217A-R09-C19,122.57,3.02,A
5,SA919X4XB40509-A98217A-R09-C25,137.31,3.07,A
5,SA919X4XB40509-A98217A-R09-C29,106.76,2.97,A
5,SA919X4XB40509-A98217A-R09-C31,152.74,2.98,A
5,SA919X4XB40509-A98217A-R09-C32,142.1,3,A
5,SA919X4XB40509-A98217A-R09-C34,105.09,3,A
5,SA919X4XB40509-A98217A-R09-C37,122.31,3.09,A
5,SA919X4XB40509-A98217A-R09-C39,146.8,3.11,A
5,SA919X4XB40509-A98217A-R09-C40,135.3,3.04,A
5,SA919X4XB40509-A98217A-R09-C41,140.96,3.01,A
5,SA919X4XB40509-A98217A-R09-C42,146.07,2.99,A
5,SA919X4XB40509-A98217A-R09-C47,146.3,3.09,A
5,SA919X4XB40509-A98217A-R09-C48,130.96,3.12,A
5,SA919X4XB40509-A98217A-R09-C51,129.21,2.99,A
5,SA919X4XB40509-A98217A-R09-C52,120.34,2.95,A
5,SA919X4XB40509-A98217A-R09-C54,140.7,3.02,A
5,SA919X4XB40509-A98217A-R09-C55,151.53,3.05,A
5,SA919X4XB40509-A98217A-R09-C56,160.74,3.06,A
5,SA919X4XB40509-A98217A-R09-C59,128.71,3.02,A
5,SA919X4XB40509-A98217A-R09-C63,145.04,3.04,A
5,SA919X4XB40509-A98217A-R09-C65,103.03,2.67,A
5,SA919X4XB40509-A98217A-R09-C67,103.83,3.04,A
5,SA919X4XB40509-A98217A-R10-C07,164.89,3.06,A
5,SA919X4XB40509-A98217A-R10-C10,135.81,3.02,A
5,SA919X4XB40509-A98217A-R10-C15,143.47,3.04,A
5,SA919X4XB40509-A98217A-R10-C16,154.3,3.03,A
5,SA919X4XB40509-A98217A-R10-C17,154.87,3.03,A
5,SA919X4XB40509-A98217A-R10-C18,135.09,3.12,A
5,SA919X4XB40509-A98217A-R10-C19,134.6,3.06,A
5,SA919X4XB40509-A98217A-R10-C25,151.71,3.03,A
5,SA919X4XB40509-A98217A-R10-C26,150.04,2.98,A
5,SA919X4XB40509-A98217A-R10-C27,131.96,3.02,A
5,SA919X4XB40509-A98217A-R10-C32,152.07,3.1,A
5,SA919X4XB40509-A98217A-R10-C33,101.06,2.97,A
5,SA919X4XB40509-A98217A-R10-C34,110.61,3.08,A
5,SA919X4XB40509-A98217A-R10-C35,160.14,3.08,A
5,SA919X4XB40509-A98217A-R10-C37,130.09,3.01,A
5,SA919X4XB40509-A98217A-R10-C38,135.43,3.11,A
5,SA919X4XB40509-A98217A-R10-C40,145.87,3.11,A
5,SA919X4XB40509-A98217A-R10-C42,159.7,3.07,A
5,SA919X4XB40509-A98217A-R10-C43,144.5,2.99,A
5,SA919X4XB40509-A98217A-R10-C44,118.21,3.07,A
5,SA919X4XB40509-A98217A-R10-C48,188.66,3.05,A
5,SA919X4XB40509-A98217A-R10-C49,135.1,3.05,A
5,SA919X4XB40509-A98217A-R10-C50,118.86,2.84,A
5,SA919X4XB40509-A98217A-R10-C51,139.3,2.98,A
5,SA919X4XB40509-A98217A-R10-C55,138.54,2.94,A
5,SA919X4XB40509-A98217A-R10-C56,154.81,3.03,A
5,SA919X4XB40509-A98217A-R10-C57,156.11,3.01,A
5,SA919X4XB40509-A98217A-R10-C59,137.61,3.01,A
5,SA919X4XB40509-A98217A-R10-C60,136.69,3.06,A
5,SA919X4XB40509-A98217A-R10-C61,151.56,3.08,A
5,SA919X4XB40509-A98217A-R10-C65,111.13,2.91,A
5,SA919X4XB40509-A98217A-R10-C70,125.84,3.02,A
5,SA919X4XB40509-A98217A-R11-C09,141.46,2.92,A
5,SA919X4XB40509-A98217A-R11-C11,126.36,2.95,A
5,SA919X4XB40509-A98217A-R11-C12,109.19,2.97,A
5,SA919X4XB40509-A98217A-R11-C19,132.86,3.04,A
5,SA919X4XB40509-A98217A-R11-C25,136.17,3.03,A
5,SA919X4XB40509-A98217A-R11-C28,133.14,2.94,A
5,SA919X4XB40509-A98217A-R11-C29,125.53,3.14,A
5,SA919X4XB40509-A98217A-R11-C31,159.16,2.96,A
5,SA919X4XB40509-A98217A-R11-C48,134.3,3,A
5,SA919X4XB40509-A98217A-R11-C54,132.26,3.04,A
5,SA919X4XB40509-A98217A-R11-C58,141.37,3.12,A
5,SA919X4XB40509-A98217A-R11-C59,132.14,2.92,A
5,SA919X4XB40509-A98217A-R11-C63,149.56,3.02,A
5,SA919X4XB40509-A98217A-R11-C66,164.56,3.19,A
5,SA919X4XB40509-A98217A-R11-C67,147.69,3.03,A
5,SA919X4XB40509-A98217A-R12-C10,139,2.94,A
5,SA919X4XB40509-A98217A-R12-C21,138.1,3.02,A
5,SA919X4XB40509-A98217A-R12-C26,153.66,2.98,A
5,SA919X4XB40509-A98217A-R12-C28,148.53,3.02,A
5,SA919X4XB40509-A98217A-R12-C30,155.66,3.16,A
5,SA919X4XB40509-A98217A-R12-C31,158.96,3.03,A
5,SA919X4XB40509-A98217A-R12-C41,158.96,3.04,A
5,SA919X4XB40509-A98217A-R12-C43,173.37,3.06,A
5,SA919X4XB40509-A98217A-R12-C48,119.57,3.08,A
5,SA919X4XB40509-A98217A-R12-C59,148.91,2.99,A
5,SA919X4XB40509-A98217A-R12-C66,168.67,3,A
5,SA919X4XB40509-A98217A-R12-C69,107.13,2.99,A
5,SA919X4XB40509-A98217A-R13-C15,151.14,3.05,A
5,SA919X4XB40509-A98217A-R13-C44,144.76,3.04,A
5,SA919X4XB40509-A98217A-R13-C55,141.59,3,A
5,SA919X4XB40509-A98217A-R13-C59,153.97,3.04,A
5,SA919X4XB40509-A98217A-R13-C63,162.3,3.02,A
5,SA919X4XB40509-A98217A-R13-C65,133.04,3.12,A
5,SA919X4XB40509-A98217A-R14-C13,187.24,3.03,A
5,SA919X4XB40509-A98217A-R14-C17,171.16,3.06,A
5,SA919X4XB40509-A98217A-R14-C19,142.63,2.95,A
5,SA919X4XB40509-A98217A-R14-C20,147.66,3.07,A
5,SA919X4XB40509-A98217A-R14-C24,188.63,3.04,A
5,SA919X4XB40509-A98217A-R14-C25,164.61,3,A
5,SA919X4XB40509-A98217A-R14-C36,96.8,3.02,A
5,SA919X4XB40509-A98217A-R15-C10,124.69,3.04,A
5,SA919X4XB40509-A98217A-R15-C12,141.03,3,A
5,SA919X4XB40509-A98217A-R15-C13,184.31,3.08,A
5,SA919X4XB40509-A98217A-R15-C14,165.44,3.02,A
5,SA919X4XB40509-A98217A-R15-C17,170.99,3.04,A
5,SA919X4XB40509-A98217A-R15-C18,130.04,2.96,A
5,SA919X4XB40509-A98217A-R15-C19,144.71,3.02,A
5,SA919X4XB40509-A98217A-R15-C20,148,3.01,A
5,SA919X4XB40509-A98217A-R15-C22,106.5,2.02,A
5,SA919X4XB40509-A98217A-R15-C23,153.1,3.1,A
5,SA919X4XB40509-A98217A-R15-C24,185.8,3.13,A
5,SA919X4XB40509-A98217A-R15-C25,152.44,2.94,A
5,SA919X4XB40509-A98217A-R15-C26,148.1,3.01,A
5,SA919X4XB40509-A98217A-R15-C28,148.2,3.12,A
5,SA919X4XB40509-A98217A-R15-C32,162.7,3,A
5,SA919X4XB40509-A98217A-R15-C35,173.1,3.15,A
5,SA919X4XB40509-A98217A-R15-C37,136.27,3.01,A
5,SA919X4XB40509-A98217A-R15-C38,140.4,2.98,A
5,SA919X4XB40509-A98217A-R15-C39,156.76,2.92,A
5,SA919X4XB40509-A98217A-R15-C40,152.9,3.09,A
5,SA919X4XB40509-A98217A-R15-C42,167.93,3,A
5,SA919X4XB40509-A98217A-R15-C43,169.23,3,A
5,SA919X4XB40509-A98217A-R15-C46,149.96,3.04,A
5,SA919X4XB40509-A98217A-R15-C49,139.96,3.11,A
5,SA919X4XB40509-A98217A-R15-C50,138.13,3.08,A
5,SA919X4XB40509-A98217A-R15-C52,135.24,3.22,A
5,SA919X4XB40509-A98217A-R15-C58,144.99,2.97,A
5,SA919X4XB40509-A98217A-R15-C62,152.24,3.12,A
5,SA919X4XB40509-A98217A-R15-C65,123.91,2.97,A
5,SA919X4XB40509-A98217A-R15-C66,154.61,2.91,A
5,SA919X4XB40509-A98217A-R15-C67,135.66,3.05,A
5,SA919X4XB40509-A98217A-R15-C68,162.67,3.1,A
5,SA919X4XB40509-A98217A-R15-C70,138.21,3.09,A
5,SA919X4XB40509-A98217A-R16-C07,148.71,3.09,A
5,SA919X4XB40509-A98217A-R16-C08,139.66,2.96,A
5,SA919X4XB40509-A98217A-R16-C09,138.39,3.07,A
5,SA919X4XB40509-A98217A-R16-C10,117.14,2.98,A
5,SA919X4XB40509-A98217A-R16-C13,141.69,2.99,A
5,SA919X4XB40509-A98217A-R16-C19,109.59,2.9,A
5,SA919X4XB40509-A98217A-R16-C20,126.93,3.02,A
5,SA919X4XB40509-A98217A-R16-C24,159.23,3.07,A
5,SA919X4XB40509-A98217A-R16-C25,134.76,2.98,A
5,SA919X4XB40509-A98217A-R16-C26,130.53,3.05,A
5,SA919X4XB40509-A98217A-R16-C27,140.93,3.04,A
5,SA919X4XB40509-A98217A-R16-C28,100.2,3.1,A
5,SA919X4XB40509-A98217A-R16-C29,92.53,3.08,A
5,SA919X4XB40509-A98217A-R16-C33,94.94,2.93,A
5,SA919X4XB40509-A98217A-R16-C38,107.33,2.91,A
5,SA919X4XB40509-A98217A-R16-C39,136.3,3.06,A
5,SA919X4XB40509-A98217A-R16-C41,134.43,3.02,A
5,SA919X4XB40509-A98217A-R16-C44,124.31,3.12,A
5,SA919X4XB40509-A98217A-R16-C46,142.14,3.06,A
5,SA919X4XB40509-A98217A-R16-C47,130.94,2.94,A
5,SA919X4XB40509-A98217A-R16-C48,120.93,3.03,A
5,SA919X4XB40509-A98217A-R16-C49,122.3,3.04,A
5,SA919X4XB40509-A98217A-R16-C50,117.03,3.14,A
5,SA919X4XB40509-A98217A-R16-C51,126.64,2.99,A
5,SA919X4XB40509-A98217A-R16-C52,121.57,3.02,A
5,SA919X4XB40509-A98217A-R16-C54,121.79,3.11,A
5,SA919X4XB40509-A98217A-R16-C55,166.31,3.04,A
5,SA919X4XB40509-A98217A-R16-C56,135.24,2.99,A
5,SA919X4XB40509-A98217A-R16-C58,122.69,3.05,A
5,SA919X4XB40509-A98217A-R16-C63,152.31,3.07,A
5,SA919X4XB40509-A98217A-R16-C64,133.07,3.02,A
5,SA919X4XB40509-A98217A-R16-C66,129.86,3.01,A
5,SA919X4XB40509-A98217A-R16-C68,134.04,3.01,A
5,SA919X4XB40509-A98217A-R17-C12,123.57,3.04,A
5,SA919X4XB40509-A98217A-R17-C13,154.47,3.04,A
5,SA919X4XB40509-A98217A-R17-C15,133.3,3.05,A
5,SA919X4XB40509-A98217A-R17-C19,128.7,3.07,A
5,SA919X4XB40509-A98217A-R17-C20,128,2.97,A
5,SA919X4XB40509-A98217A-R17-C23,139.26,3.04,A
5,SA919X4XB40509-A98217A-R17-C25,147.51,3.04,A
5,SA919X4XB40509-A98217A-R17-C27,126.46,3.13,A
5,SA919X4XB40509-A98217A-R17-C29,117.24,3.07,A
5,SA919X4XB40509-A98217A-R17-C35,185.79,3.07,A
5,SA919X4XB40509-A98217A-R17-C38,124.91,3.13,A
5,SA919X4XB40509-A98217A-R17-C39,141.8,3.12,A
5,SA919X4XB40509-A98217A-R17-C40,130.9,3.01,A
5,SA919X4XB40509-A98217A-R17-C42,181.97,2.93,A
5,SA919X4XB40509-A98217A-R17-C46,137.9,3.02,A
5,SA919X4XB40509-A98217A-R17-C47,143.23,3.12,A
5,SA919X4XB40509-A98217A-R17-C48,133.56,3.13,A
5,SA919X4XB40509-A98217A-R17-C49,127.87,2.98,A
5,SA919X4XB40509-A98217A-R17-C51,143.14,3,A
5,SA919X4XB40509-A98217A-R17-C52,123.71,3.08,A
5,SA919X4XB40509-A98217A-R17-C55,130.4,2.97,A
5,SA919X4XB40509-A98217A-R17-C57,146.71,3.15,A
5,SA919X4XB40509-A98217A-R17-C60,127.19,3.09,A
5,SA919X4XB40509-A98217A-R17-C61,107.64,2.98,A
5,SA919X4XB40509-A98217A-R17-C63,151.63,3.05,A
5,SA919X4XB40509-A98217A-R17-C64,120.09,3.04,A
5,SA919X4XB40509-A98217A-R17-C67,129.17,3.13,A
5,SA919X4XB40509-A98217A-R17-C69,143.14,3.16,A
5,SA919X4XB40509-A98217A-R17-C70,124.41,3.03,A
5,SA919X4XB40509-A98217A-R18-C08,136.13,2.88,A
5,SA919X4XB40509-A98217A-R18-C09,139,2.98,A
5,SA919X4XB40509-A98217A-R18-C11,124.86,2.9,A
5,SA919X4XB40509-A98217A-R18-C13,165.4,3,A
5,SA919X4XB40509-A98217A-R18-C14,148.19,3.21,A
5,SA919X4XB40509-A98217A-R18-C15,121.19,2.82,A
5,SA919X4XB40509-A98217A-R18-C16,136.73,2.9,A
5,SA919X4XB40509-A98217A-R18-C18,120.79,3.11,A
5,SA919X4XB40509-A98217A-R18-C19,128.66,3.04,A
5,SA919X4XB40509-A98217A-R18-C20,132.03,2.99,A
5,SA919X4XB40509-A98217A-R18-C22,133.16,3.08,A
5,SA919X4XB40509-A98217A-R18-C24,157.73,3.11,A
5,SA919X4XB40509-A98217A-R18-C28,125.54,3.02,A
5,SA919X4XB40509-A98217A-R18-C29,124.9,2.99,A
5,SA919X4XB40509-A98217A-R18-C31,154.1,3.13,A
5,SA919X4XB40509-A98217A-R18-C32,132.66,3.02,A
5,SA919X4XB40509-A98217A-R18-C34,95.63,2.94,A
5,SA919X4XB40509-A98217A-R18-C35,152.33,3.08,A
5,SA919X4XB40509-A98217A-R18-C37,129.07,3.12,A
5,SA919X4XB40509-A98217A-R18-C40,136.14,3.02,A
5,SA919X4XB40509-A98217A-R18-C41,137.43,2.98,A
5,SA919X4XB40509-A98217A-R18-C44,139.56,2.95,A
5,SA919X4XB40509-A98217A-R18-C46,135.93,2.87,A
5,SA919X4XB40509-A98217A-R18-C48,140.53,3.05,A
5,SA919X4XB40509-A98217A-R18-C50,119.56,3.04,A
5,SA919X4XB40509-A98217A-R18-C51,140.33,3.1,A
5,SA919X4XB40509-A98217A-R18-C54,132.14,3.04,A
5,SA919X4XB40509-A98217A-R18-C58,133.34,3.02,A
5,SA919X4XB40509-A98217A-R18-C59,144.36,3.07,A
5,SA919X4XB40509-A98217A-R18-C61,151.63,3.05,A
5,SA919X4XB40509-A98217A-R18-C62,114.56,2.93,A
5,SA919X4XB40509-A98217A-R18-C64,151.73,3.11,A
5,SA919X4XB40509-A98217A-R18-C65,99.54,5.45,A
5,SA919X4XB40509-A98217A-R18-C66,148.39,3.09,A
5,SA919X4XB40509-A98217A-R18-C67,121.76,3.03,A
5,SA919X4XB40509-A98217A-R18-C68,124.7,3.05,A
5,SA919X4XB40509-A98217A-R18-C70,102.51,3.07,A
5,SA919X4XB40509-A98217A-R19-C07,109.06,3.13,A
5,SA919X4XB40509-A98217A-R19-C09,100.47,3.21,A
5,SA919X4XB40509-A98217A-R19-C18,93.74,2.96,A
5,SA919X4XB40509-A98217A-R19-C25,89.81,3.02,A
5,SA919X4XB40509-A98217A-R19-C28,94.57,3.14,A
5,SA919X4XB40509-A98217A-R19-C31,114.7,3.11,A
5,SA919X4XB40509-A98217A-R19-C41,96.63,2.93,A
5,SA919X4XB40509-A98217A-R19-C43,106.83,3.1,A
5,SA919X4XB40509-A98217A-R19-C57,103.1,3.12,A
5,SA919X4XB40509-A98217A-R19-C60,94.64,3.09,A
5,SA919X4XB40509-A98217A-R19-C61,106.19,3.08,A
5,SA919X4XB40509-A98217A-R19-C63,114.26,3.22,A
5,SA919X4XB40509-A98217A-R20-C10,149.03,3.11,A
5,SA919X4XB40509-A98217A-R20-C11,124.23,3.09,A
5,SA919X4XB40509-A98217A-R20-C13,151.1,2.89,A
5,SA919X4XB40509-A98217A-R20-C14,148.84,3.14,A
5,SA919X4XB40509-A98217A-R20-C15,132.84,2.98,A
5,SA919X4XB40509-A98217A-R20-C16,147.36,3.17,A
5,SA919X4XB40509-A98217A-R20-C17,148.16,2.92,A
5,SA919X4XB40509-A98217A-R20-C19,128.84,3.02,A
5,SA919X4XB40509-A98217A-R20-C20,139.99,3.09,A
5,SA919X4XB40509-A98217A-R20-C21,128.39,3.07,A
5,SA919X4XB40509-A98217A-R20-C22,141.74,3.01,A
5,SA919X4XB40509-A98217A-R20-C23,144.91,3.15,A
5,SA919X4XB40509-A98217A-R20-C24,164.24,3.16,A
5,SA919X4XB40509-A98217A-R20-C30,130.84,2.98,A
5,SA919X4XB40509-A98217A-R20-C32,138.74,3.05,A
5,SA919X4XB40509-A98217A-R20-C35,167.91,3.06,A
5,SA919X4XB40509-A98217A-R20-C37,134.24,3.1,A
5,SA919X4XB40509-A98217A-R20-C39,147.49,2.95,A
5,SA919X4XB40509-A98217A-R20-C40,135.94,3.09,A
5,SA919X4XB40509-A98217A-R20-C42,148.51,3,A
5,SA919X4XB40509-A98217A-R20-C43,160.59,3.04,A
5,SA919X4XB40509-A98217A-R20-C44,132.74,2.98,A
5,SA919X4XB40509-A98217A-R20-C45,106.27,3.06,A
5,SA919X4XB40509-A98217A-R20-C47,138.8,2.92,A
5,SA919X4XB40509-A98217A-R20-C48,129.09,2.88,A
5,SA919X4XB40509-A98217A-R20-C49,129.61,2.95,A
5,SA919X4XB40509-A98217A-R20-C52,110.3,3.04,A
5,SA919X4XB40509-A98217A-R20-C54,143.37,2.99,A
5,SA919X4XB40509-A98217A-R20-C55,160.84,3.05,A
5,SA919X4XB40509-A98217A-R20-C56,151.34,3.16,A
5,SA919X4XB40509-A98217A-R20-C57,156.69,3.08,A
5,SA919X4XB40509-A98217A-R20-C59,140.86,3.15,A
5,SA919X4XB40509-A98217A-R20-C61,146.03,2.93,A
5,SA919X4XB40509-A98217A-R20-C62,126.56,3,A
5,SA919X4XB40509-A98217A-R20-C63,156.49,2.99,A
5,SA919X4XB40509-A98217A-R20-C64,136.27,2.97,A
5,SA919X4XB40509-A98217A-R20-C68,125.04,2.9,A
5,SA919X4XB40509-A98217A-R21-C07,130.79,2.98,A
5,SA919X4XB40509-A98217A-R21-C08,123.3,2.9,A
5,SA919X4XB40509-A98217A-R21-C12,107.09,2.87,A
5,SA919X4XB40509-A98217A-R21-C13,146.71,3.14,A
5,SA919X4XB40509-A98217A-R21-C16,147.49,3.07,A
5,SA919X4XB40509-A98217A-R21-C17,137.3,3.12,A
5,SA919X4XB40509-A98217A-R21-C18,102.07,3.04,A
5,SA919X4XB40509-A98217A-R21-C21,115.29,3.04,A
5,SA919X4XB40509-A98217A-R21-C26,118.3,3.02,A
5,SA919X4XB40509-A98217A-R21-C32,122.1,2.94,A
5,SA919X4XB40509-A98217A-R21-C35,121.04,2.92,A
5,SA919X4XB40509-A98217A-R21-C37,119.1,3.08,A
5,SA919X4XB40509-A98217A-R21-C38,111.59,3.16,A
5,SA919X4XB40509-A98217A-R21-C39,120.79,2.97,A
5,SA919X4XB40509-A98217A-R21-C40,125.43,2.97,A
5,SA919X4XB40509-A98217A-R21-C43,138.01,3.14,A
5,SA919X4XB40509-A98217A-R21-C44,126.49,3.07,A
5,SA919X4XB40509-A98217A-R21-C56,120.93,2.85,A
5,SA919X4XB40509-A98217A-R21-C57,138.33,3.04,A
5,SA919X4XB40509-A98217A-R21-C59,127.6,3.1,A
5,SA919X4XB40509-A98217A-R21-C61,132.71,3.13,A
5,SA919X4XB40509-A98217A-R21-C64,127.41,3.06,A
5,SA919X4XB40509-A98217A-R21-C67,109.3,3.01,A
5,SA919X4XB40509-A98217A-R21-C68,93.01,3.02,A
5,SA919X4XB40509-A98217A-R21-C70,108.56,2.98,A
5,SA919X4XB40509-A98217A-R22-C11,112.59,3.16,A
5,SA919X4XB40509-A98217A-R22-C12,99.07,3.08,A
5,SA919X4XB40509-A98217A-R22-C14,117.64,2.99,A
5,SA919X4XB40509-A98217A-R22-C16,131.84,3.12,A
5,SA919X4XB40509-A98217A-R22-C17,131.4,3.08,A
5,SA919X4XB40509-A98217A-R22-C19,98.96,2.82,A
5,SA919X4XB40509-A98217A-R22-C24,133.13,3.02,A
5,SA919X4XB40509-A98217A-R22-C31,130.66,3.01,A
5,SA919X4XB40509-A98217A-R22-C35,125.96,3,A
5,SA919X4XB40509-A98217A-R22-C37,105.8,3.14,A
5,SA919X4XB40509-A98217A-R22-C40,99.77,3.02,A
5,SA919X4XB40509-A98217A-R22-C41,119.6,2.98,A
5,SA919X4XB40509-A98217A-R22-C43,135.66,3.1,A
5,SA919X4XB40509-A98217A-R22-C44,113.11,3.09,A
5,SA919X4XB40509-A98217A-R22-C48,111.96,3.01,A
5,SA919X4XB40509-A98217A-R22-C49,121.77,3.05,A
5,SA919X4XB40509-A98217A-R22-C51,106.17,2.96,A
5,SA919X4XB40509-A98217A-R22-C52,106.96,3.12,A
5,SA919X4XB40509-A98217A-R22-C55,117.46,3.04,A
5,SA919X4XB40509-A98217A-R22-C57,122.83,3.02,A
5,SA919X4XB40509-A98217A-R22-C59,111.96,2.98,A
5,SA919X4XB40509-A98217A-R22-C67,105.5,3.04,A
5,SA919X4XB40509-A98217A-R22-C69,91.17,2.87,A
5,SA919X4XB40509-A98217A-R22-C70,109.7,3.04,A
5,SA919X4XB40509-A98217A-R23-C09,138.51,3.09,A
5,SA919X4XB40509-A98217A-R23-C13,150.93,3.05,A
5,SA919X4XB40509-A98217A-R23-C14,127.59,2.88,A
5,SA919X4XB40509-A98217A-R23-C15,143.81,3.12,A
5,SA919X4XB40509-A98217A-R23-C16,176.39,3.21,A
5,SA919X4XB40509-A98217A-R23-C18,113.5,2.96,A
5,SA919X4XB40509-A98217A-R23-C19,112.39,2.87,A
5,SA919X4XB40509-A98217A-R23-C20,125.91,3.1,A
5,SA919X4XB40509-A98217A-R23-C22,122.9,3,A
5,SA919X4XB40509-A98217A-R23-C23,141.94,3.12,A
5,SA919X4XB40509-A98217A-R23-C29,124.3,3.08,A
5,SA919X4XB40509-A98217A-R23-C32,133.2,3.15,A
5,SA919X4XB40509-A98217A-R23-C41,130.64,2.88,A
5,SA919X4XB40509-A98217A-R23-C42,153.2,3.01,A
5,SA919X4XB40509-A98217A-R23-C43,171.33,3.03,A
5,SA919X4XB40509-A98217A-R23-C46,152.74,3.09,A
5,SA919X4XB40509-A98217A-R23-C47,138,2.97,A
5,SA919X4XB40509-A98217A-R23-C48,140.7,3.08,A
5,SA919X4XB40509-A98217A-R23-C49,124.9,2.97,A
5,SA919X4XB40509-A98217A-R23-C51,138.89,3.11,A
5,SA919X4XB40509-A98217A-R23-C54,129.84,2.98,A
5,SA919X4XB40509-A98217A-R23-C56,143.24,2.99,A
5,SA919X4XB40509-A98217A-R23-C59,134.44,2.97,A
5,SA919X4XB40509-A98217A-R23-C61,145.03,3.14,A
5,SA919X4XB40509-A98217A-R23-C63,153.09,3.05,A
5,SA919X4XB40509-A98217A-R23-C67,132.6,3.01,A
5,SA919X4XB40509-A98217A-R23-C68,102.36,3,A
5,SA919X4XB40509-A98217A-R23-C69,107.59,3,A
5,SA919X4XB40509-A98217A-R24-C08,137.87,2.95,A
5,SA919X4XB40509-A98217A-R24-C09,133.23,2.87,A
5,SA919X4XB40509-A98217A-R24-C11,116.89,2.98,A
5,SA919X4XB40509-A98217A-R24-C13,154.83,2.99,A
5,SA919X4XB40509-A98217A-R24-C14,137.54,3.12,A
5,SA919X4XB40509-A98217A-R24-C16,153.04,3.04,A
5,SA919X4XB40509-A98217A-R24-C17,137.23,2.99,A
5,SA919X4XB40509-A98217A-R24-C18,132,3.08,A
5,SA919X4XB40509-A98217A-R24-C20,134.33,3.09,A
5,SA919X4XB40509-A98217A-R24-C21,124.73,2.96,A
5,SA919X4XB40509-A98217A-R24-C22,133.91,3.01,A
5,SA919X4XB40509-A98217A-R24-C26,129.01,3,A
5,SA919X4XB40509-A98217A-R24-C27,111.23,2.92,A
5,SA919X4XB40509-A98217A-R24-C28,127.5,3.24,A
5,SA919X4XB40509-A98217A-R24-C31,152.61,3.09,A
5,SA919X4XB40509-A98217A-R24-C37,118.14,2.93,A
5,SA919X4XB40509-A98217A-R24-C38,126.19,3.25,A
5,SA919X4XB40509-A98217A-R24-C39,143.07,3.04,A
5,SA919X4XB40509-A98217A-R24-C40,141.97,3.13,A
5,SA919X4XB40509-A98217A-R24-C42,153.26,3.11,A
5,SA919X4XB40509-A98217A-R24-C44,129.1,2.97,A
5,SA919X4XB40509-A98217A-R24-C47,140.3,2.92,A
5,SA919X4XB40509-A98217A-R24-C49,125.63,3,A
5,SA919X4XB40509-A98217A-R24-C50,130.43,2.95,A
5,SA919X4XB40509-A98217A-R24-C54,127.04,3.02,A
5,SA919X4XB40509-A98217A-R24-C56,160.76,3.04,A
5,SA919X4XB40509-A98217A-R24-C61,134.23,3.04,A
5,SA919X4XB40509-A98217A-R24-C62,130.29,3.06,A
5,SA919X4XB40509-A98217A-R24-C63,155.67,3.02,A
5,SA919X4XB40509-A98217A-R24-C66,143.01,2.91,A
5,SA919X4XB40509-A98217A-R24-C67,119.11,3.05,A
5,SA919X4XB40509-A98217A-R25-C14,119.37,2.98,A
5,SA919X4XB40509-A98217A-R25-C16,131.49,3.15,A
5,SA919X4XB40509-A98217A-R25-C17,133.27,3.15,A
5,SA919X4XB40509-A98217A-R25-C19,98.83,2.92,A
5,SA919X4XB40509-A98217A-R25-C23,117.23,2.93,A
5,SA919X4XB40509-A98217A-R25-C25,130.09,2.98,A
5,SA919X4XB40509-A98217A-R25-C26,120.66,3.12,A
5,SA919X4XB40509-A98217A-R25-C27,117.27,3,A
5,SA919X4XB40509-A98217A-R25-C28,119.21,3,A
5,SA919X4XB40509-A98217A-R25-C35,140.27,3,A
5,SA919X4XB40509-A98217A-R25-C39,131.79,3.03,A
5,SA919X4XB40509-A98217A-R25-C40,115.6,2.94,A
5,SA919X4XB40509-A98217A-R25-C41,122.21,3.02,A
5,SA919X4XB40509-A98217A-R25-C44,119.16,3.1,A
5,SA919X4XB40509-A98217A-R25-C48,124.03,3.15,A
5,SA919X4XB40509-A98217A-R25-C50,109.57,3.1,A
5,SA919X4XB40509-A98217A-R25-C51,121.31,2.97,A
5,SA919X4XB40509-A98217A-R25-C54,127.13,3.06,A
5,SA919X4XB40509-A98217A-R25-C55,134.41,2.89,A
5,SA919X4XB40509-A98217A-R25-C59,123.53,2.94,A
5,SA919X4XB40509-A98217A-R25-C61,134.87,3.1,A
5,SA919X4XB40509-A98217A-R25-C64,131.34,2.95,A
5,SA919X4XB40509-A98217A-R25-C65,101.51,8.74,A
5,SA919X4XB40509-A98217A-R25-C66,119.07,3.18,A
5,SA919X4XB40509-A98217A-R25-C67,104.24,3.15,A
5,SA919X4XB40509-A98217A-R25-C69,105,3.19,A
5,SA919X4XB40509-A98217A-R25-C70,113.87,3.05,A
5,SA919X4XB40509-A98217A-R26-C08,116.43,3.15,A
5,SA919X4XB40509-A98217A-R26-C12,102.41,2.94,A
5,SA919X4XB40509-A98217A-R26-C13,142.23,3,A
5,SA919X4XB40509-A98217A-R26-C17,133.11,2.98,A
5,SA919X4XB40509-A98217A-R26-C18,97.83,2.98,A
5,SA919X4XB40509-A98217A-R26-C21,104.91,3.02,A
5,SA919X4XB40509-A98217A-R26-C23,111.51,2.98,A
5,SA919X4XB40509-A98217A-R26-C25,113.81,2.9,A
5,SA919X4XB40509-A98217A-R26-C27,98.89,2.98,A
5,SA919X4XB40509-A98217A-R26-C29,99.89,3.19,A
5,SA919X4XB40509-A98217A-R26-C31,126.11,3.02,A
5,SA919X4XB40509-A98217A-R26-C38,98.4,3.06,A
5,SA919X4XB40509-A98217A-R26-C39,123.07,3.04,A
5,SA919X4XB40509-A98217A-R26-C44,106.29,2.93,A
5,SA919X4XB40509-A98217A-R26-C46,124.19,3.02,A
5,SA919X4XB40509-A98217A-R26-C50,98.19,3,A
5,SA919X4XB40509-A98217A-R26-C55,118.36,2.98,A
5,SA919X4XB40509-A98217A-R26-C56,136.76,3.02,A
5,SA919X4XB40509-A98217A-R26-C57,121.11,2.98,A
5,SA919X4XB40509-A98217A-R26-C61,111.59,3.03,A
5,SA919X4XB40509-A98217A-R26-C63,121.4,3.11,A
5,SA919X4XB40509-A98217A-R26-C66,110.76,3.12,A
5,SA919X4XB40509-A98217A-R26-C68,103.93,3.03,A
5,SA919X4XB40509-A98217A-R27-C09,129.56,3.01,A
5,SA919X4XB40509-A98217A-R27-C10,104.51,3.01,A
5,SA919X4XB40509-A98217A-R27-C12,118.57,3.16,A
5,SA919X4XB40509-A98217A-R27-C14,106.29,3.11,A
5,SA919X4XB40509-A98217A-R27-C16,125.97,2.93,A
5,SA919X4XB40509-A98217A-R27-C19,111.83,3.03,A
5,SA919X4XB40509-A98217A-R27-C24,148.51,2.99,A
5,SA919X4XB40509-A98217A-R27-C26,123.33,2.9,A
5,SA919X4XB40509-A98217A-R27-C31,132.31,3.18,A
5,SA919X4XB40509-A98217A-R27-C35,134.54,3.07,A
5,SA919X4XB40509-A98217A-R27-C38,115.94,3.1,A
5,SA919X4XB40509-A98217A-R27-C39,123.4,3,A
5,SA919X4XB40509-A98217A-R27-C41,130.54,3.03,A
5,SA919X4XB40509-A98217A-R27-C43,152.01,3.06,A
5,SA919X4XB40509-A98217A-R27-C48,132.47,3.03,A
5,SA919X4XB40509-A98217A-R27-C50,98.8,2.86,A
5,SA919X4XB40509-A98217A-R27-C51,144.51,3.27,A
5,SA919X4XB40509-A98217A-R27-C60,108.26,3.34,A
5,SA919X4XB40509-A98217A-R27-C61,124.06,3.04,A
5,SA919X4XB40509-A98217A-R27-C66,127.27,3.09,A
5,SA919X4XB40509-A98217A-R27-C67,98.19,2.9,A
5,SA919X4XB40509-A98217A-R27-C68,106,3,A
5,SA919X4XB40509-A98217A-R28-C13,136.39,3.06,A
5,SA919X4XB40509-A98217A-R28-C14,134.33,3.02,A
5,SA919X4XB40509-A98217A-R28-C17,127.84,3.06,A
5,SA919X4XB40509-A98217A-R28-C18,109.36,3.08,A
5,SA919X4XB40509-A98217A-R28-C20,114.53,3.06,A
5,SA919X4XB40509-A98217A-R28-C21,102.09,2.81,A
5,SA919X4XB40509-A98217A-R28-C23,92.61,3.03,A
5,SA919X4XB40509-A98217A-R28-C24,150.21,3.39,A
5,SA919X4XB40509-A98217A-R28-C28,100.14,3.02,A
5,SA919X4XB40509-A98217A-R28-C29,99.33,2.94,A
5,SA919X4XB40509-A98217A-R28-C31,132.07,3.08,A
5,SA919X4XB40509-A98217A-R28-C32,110.4,2.99,A
5,SA919X4XB40509-A98217A-R28-C37,106.01,3.05,A
5,SA919X4XB40509-A98217A-R28-C38,108.77,2.98,A
5,SA919X4XB40509-A98217A-R28-C44,105.34,2.99,A
5,SA919X4XB40509-A98217A-R28-C46,116.61,2.97,A
5,SA919X4XB40509-A98217A-R28-C50,109.67,3.04,A
5,SA919X4XB40509-A98217A-R28-C57,106.94,3.23,A
5,SA919X4XB40509-A98217A-R28-C60,111.7,3.19,A
5,SA919X4XB40509-A98217A-R28-C66,106.37,2.98,A
5,SA919X4XB40509-A98217A-R28-C68,94.93,2.98,A
5,SA919X4XB40509-A98217A-R29-C08,126.87,2.92,A
5,SA919X4XB40509-A98217A-R29-C09,122.96,2.94,A
5,SA919X4XB40509-A98217A-R29-C14,123.81,2.97,A
5,SA919X4XB40509-A98217A-R29-C15,117.53,3.03,A
5,SA919X4XB40509-A98217A-R29-C18,117.89,3.09,A
5,SA919X4XB40509-A98217A-R29-C19,109.24,2.96,A
5,SA919X4XB40509-A98217A-R29-C21,114.59,3,A
5,SA919X4XB40509-A98217A-R29-C23,135.36,3.13,A
5,SA919X4XB40509-A98217A-R29-C28,129.49,3.04,A
5,SA919X4XB40509-A98217A-R29-C30,115.41,3.05,A
5,SA919X4XB40509-A98217A-R29-C31,123.43,2.91,A
5,SA919X4XB40509-A98217A-R29-C32,124.57,3,A
5,SA919X4XB40509-A98217A-R29-C40,128.53,3.24,A
5,SA919X4XB40509-A98217A-R29-C43,151.41,3.11,A
5,SA919X4XB40509-A98217A-R29-C46,128.56,2.91,A
5,SA919X4XB40509-A98217A-R29-C52,112.13,3,A
5,SA919X4XB40509-A98217A-R29-C57,137.7,2.99,A
5,SA919X4XB40509-A98217A-R29-C59,130.46,3.02,A
5,SA919X4XB40509-A98217A-R29-C60,120.49,3.06,A
5,SA919X4XB40509-A98217A-R29-C66,112.19,3.1,A
5,SA919X4XB40509-A98217A-R29-C68,105.64,3.08,A
5,SA919X4XB40509-A98217A-R30-C12,102.77,3.05,A
5,SA919X4XB40509-A98217A-R30-C21,94.8,2.97,A
5,SA919X4XB40509-A98217A-R30-C35,116.51,2.89,A
5,SA919X4XB40509-A98217A-R30-C37,100.94,3,A
5,SA919X4XB40509-A98217A-R30-C38,101.03,3.1,A
5,SA919X4XB40509-A98217A-R30-C39,116.63,3.02,A
5,SA919X4XB40509-A98217A-R30-C40,110.73,3.08,A
5,SA919X4XB40509-A98217A-R30-C41,125.47,3.08,A
5,SA919X4XB40509-A98217A-R30-C42,111.71,3,A
5,SA919X7XB05588-A98299A-R03-C07,202.57,3.92,C
5,SA919X7XB05588-A98299A-R03-C09,192.33,3.99,C
5,SA919X7XB05588-A98299A-R03-C15,214.93,4.03,C
5,SA919X7XB05588-A98299A-R03-C17,239.49,3.95,C
5,SA919X7XB05588-A98299A-R03-C19,189.03,3.98,B
5,SA919X7XB05588-A98299A-R03-C24,231.27,4.13,C
5,SA919X7XB05588-A98299A-R03-C25,256.2,4.01,C
5,SA919X7XB05588-A98299A-R03-C27,226.31,4.02,C
5,SA919X7XB05588-A98299A-R03-C31,109.93,3.86,C
5,SA919X7XB05588-A98299A-R03-C39,241.67,4,C
5,SA919X7XB05588-A98299A-R03-C46,270.03,3.9,C
5,SA919X7XB05588-A98299A-R03-C47,154.13,2.94,B
5,SA919X7XB05588-A98299A-R03-C48,159.01,4.07,C
5,SA919X7XB05588-A98299A-R03-C49,231.8,4.06,C
5,SA919X7XB05588-A98299A-R03-C52,166.23,3.88,C
5,SA919X7XB05588-A98299A-R03-C56,275.24,4.03,C
5,SA919X7XB05588-A98299A-R03-C59,185.97,3.97,C
5,SA919X7XB05588-A98299A-R03-C60,232.43,3.8,C
5,SA919X7XB05588-A98299A-R03-C67,267.31,4.03,C
5,SA919X7XB05588-A98299A-R03-C68,265.2,3.96,C
5,SA919X7XB05588-A98299A-R03-C70,226.77,3.95,C
5,SA919X7XB05588-A98299A-R04-C08,268.01,3.96,C
5,SA919X7XB05588-A98299A-R04-C09,282.71,3.98,C
5,SA919X7XB05588-A98299A-R04-C13,434.54,4,C
5,SA919X7XB05588-A98299A-R04-C14,280.74,3.95,C
5,SA919X7XB05588-A98299A-R04-C15,254.91,3.91,C
5,SA919X7XB05588-A98299A-R04-C17,228.11,4.04,C
5,SA919X7XB05588-A98299A-R04-C22,207.96,3.92,C
5,SA919X7XB05588-A98299A-R04-C25,271.6,3.93,C
5,SA919X7XB05588-A98299A-R04-C39,254.54,3.91,C
5,SA919X7XB05588-A98299A-R04-C40,251.66,3.92,C
5,SA919X7XB05588-A98299A-R04-C41,279.43,3.95,C
5,SA919X7XB05588-A98299A-R04-C44,274.77,3.95,C
5,SA919X7XB05588-A98299A-R04-C48,260.46,3.89,A
5,SA919X7XB05588-A98299A-R04-C49,242.79,4.08,C
5,SA919X7XB05588-A98299A-R04-C56,262.11,3.94,C
5,SA919X7XB05588-A98299A-R04-C57,284.8,3.97,C
5,SA919X7XB05588-A98299A-R04-C60,280.99,3.87,C
5,SA919X7XB05588-A98299A-R04-C61,295.7,3.94,C
5,SA919X7XB05588-A98299A-R04-C63,271.9,3.98,C
5,SA919X7XB05588-A98299A-R05-C08,261.74,3.9,C
5,SA919X7XB05588-A98299A-R05-C11,244.16,3.96,C
5,SA919X7XB05588-A98299A-R05-C14,264.81,3.91,C
5,SA919X7XB05588-A98299A-R05-C15,272.99,4,C
5,SA919X7XB05588-A98299A-R05-C19,262.2,3.87,C
5,SA919X7XB05588-A98299A-R05-C21,275.83,3.97,C
5,SA919X7XB05588-A98299A-R05-C22,261.56,4.01,C
5,SA919X7XB05588-A98299A-R05-C24,287.21,3.89,C
5,SA919X7XB05588-A98299A-R05-C33,193.3,3.99,C
5,SA919X7XB05588-A98299A-R05-C35,316.43,4.01,C
5,SA919X7XB05588-A98299A-R05-C36,284.71,4.01,C
5,SA919X7XB05588-A98299A-R05-C39,299.71,4,C
5,SA919X7XB05588-A98299A-R05-C40,252.33,3.96,C
5,SA919X7XB05588-A98299A-R05-C48,256.69,3.89,C
5,SA919X7XB05588-A98299A-R05-C49,236.51,4,C
5,SA919X7XB05588-A98299A-R05-C51,292.51,4,C
5,SA919X7XB05588-A98299A-R05-C52,239.04,4,C
5,SA919X7XB05588-A98299A-R05-C57,277.54,3.88,C
5,SA919X7XB05588-A98299A-R05-C60,426.61,4.1,C
5,SA919X7XB05588-A98299A-R05-C67,285.83,3.88,C
5,SA919X7XB05588-A98299A-R05-C69,276.39,3.89,C
5,SA919X7XB05588-A98299A-R06-C16,250.19,3.94,C
5,SA919X7XB05588-A98299A-R06-C21,238.16,3.99,C
5,SA919X7XB05588-A98299A-R06-C25,268.01,3.95,C
5,SA919X7XB05588-A98299A-R06-C29,238.87,4.03,C
5,SA919X7XB05588-A98299A-R06-C35,236.21,3.98,C
5,SA919X7XB05588-A98299A-R06-C37,235.56,3.97,C
5,SA919X7XB05588-A98299A-R06-C38,125.21,3.94,C
5,SA919X7XB05588-A98299A-R06-C51,262.27,3.93,C
5,SA919X7XB05588-A98299A-R06-C59,237.97,3.93,C
5,SA919X7XB05588-A98299A-R06-C60,251.33,3.98,C
5,SA919X7XB05588-A98299A-R06-C61,261.41,3.93,C
5,SA919X7XB05588-A98299A-R06-C64,249.31,3.87,C
5,SA919X7XB05588-A98299A-R07-C14,266.67,3.99,C
5,SA919X7XB05588-A98299A-R07-C19,215.83,3.93,C
5,SA919X7XB05588-A98299A-R07-C25,273.46,3.92,C
5,SA919X7XB05588-A98299A-R07-C28,246.59,3.93,C
5,SA919X7XB05588-A98299A-R07-C31,248.97,3.87,C
5,SA919X7XB05588-A98299A-R07-C32,245.63,3.99,C
5,SA919X7XB05588-A98299A-R07-C36,185.46,3.88,C
5,SA919X7XB05588-A98299A-R07-C39,252.19,3.92,B
5,SA919X7XB05588-A98299A-R07-C46,255.11,3.85,C
5,SA919X7XB05588-A98299A-R07-C48,254.17,4.03,C
5,SA919X7XB05588-A98299A-R07-C54,262.69,4.13,C
5,SA919X7XB05588-A98299A-R07-C61,327.3,3.98,C
5,SA919X7XB05588-A98299A-R07-C63,280.2,4.05,C
5,SA919X7XB05588-A98299A-R08-C07,255.64,4,C
5,SA919X7XB05588-A98299A-R08-C09,270.4,4.02,C
5,SA919X7XB05588-A98299A-R08-C13,311.11,3.99,C
5,SA919X7XB05588-A98299A-R08-C17,265.11,3.95,C
5,SA919X7XB05588-A98299A-R08-C19,229.06,3.95,C
5,SA919X7XB05588-A98299A-R08-C23,242.46,4.15,C
5,SA919X7XB05588-A98299A-R08-C24,286.73,3.99,C
5,SA919X7XB05588-A98299A-R08-C28,260.77,4.06,C
5,SA919X7XB05588-A98299A-R08-C30,283.43,3.98,C
5,SA919X7XB05588-A98299A-R08-C31,272.64,4.04,C
5,SA919X7XB05588-A98299A-R08-C33,196.97,4.01,C
5,SA919X7XB05588-A98299A-R08-C36,231.24,4.03,C
5,SA919X7XB05588-A98299A-R08-C37,275.5,4.06,C
5,SA919X7XB05588-A98299A-R08-C39,273.17,3.94,C
5,SA919X7XB05588-A98299A-R08-C41,257.49,4,C
5,SA919X7XB05588-A98299A-R08-C46,265.3,4,C
5,SA919X7XB05588-A98299A-R08-C51,287.97,3.96,C
5,SA919X7XB05588-A98299A-R08-C52,205.93,3.93,C
5,SA919X7XB05588-A98299A-R08-C63,285.94,4,C
5,SA919X7XB05588-A98299A-R09-C08,205.76,4.04,C
5,SA919X7XB05588-A98299A-R09-C09,222.66,4.01,C
5,SA919X7XB05588-A98299A-R09-C11,204.39,3.91,C
5,SA919X7XB05588-A98299A-R09-C12,184.34,3.98,C
5,SA919X7XB05588-A98299A-R09-C13,285.56,4.01,C
5,SA919X7XB05588-A98299A-R09-C15,181.24,3.89,C
5,SA919X7XB05588-A98299A-R09-C19,200.63,3.97,C
5,SA919X7XB05588-A98299A-R09-C20,150.91,3.88,C
5,SA919X7XB05588-A98299A-R09-C23,214.04,3.9,C
5,SA919X7XB05588-A98299A-R09-C25,243.93,3.94,C
5,SA919X7XB05588-A98299A-R09-C30,210.39,3.96,C
5,SA919X7XB05588-A98299A-R09-C40,209.24,4,C
5,SA919X7XB05588-A98299A-R09-C43,345.44,4.01,C
5,SA919X7XB05588-A98299A-R09-C44,223.2,3.89,C
5,SA919X7XB05588-A98299A-R09-C48,272.89,3.94,C
5,SA919X7XB05588-A98299A-R09-C52,229.59,4.03,C
5,SA919X7XB05588-A98299A-R09-C59,209.93,3.92,C
5,SA919X7XB05588-A98299A-R09-C61,258.47,3.92,C
5,SA919X7XB05588-A98299A-R09-C67,253.89,4,C
5,SA919X7XB05588-A98299A-R09-C68,116.67,3.76,C
5,SA919X7XB05588-A98299A-R09-C69,208.44,4.03,C
5,SA919X7XB05588-A98299A-R10-C20,190.86,3.94,C
5,SA919X7XB05588-A98299A-R10-C22,208.86,3.89,C
5,SA919X7XB05588-A98299A-R10-C24,279.4,3.9,C
5,SA919X7XB05588-A98299A-R10-C33,170.96,4.05,C
5,SA919X7XB05588-A98299A-R10-C35,288.14,3.98,C
5,SA919X7XB05588-A98299A-R10-C36,236.79,3.98,C
5,SA919X7XB05588-A98299A-R10-C38,145.43,4.07,C
5,SA919X7XB05588-A98299A-R10-C40,269.33,3.98,C
5,SA919X7XB05588-A98299A-R10-C43,312.93,3.91,C
5,SA919X7XB05588-A98299A-R10-C44,258.16,3.89,C
5,SA919X7XB05588-A98299A-R10-C48,248.3,3.94,C
5,SA919X7XB05588-A98299A-R10-C49,228.3,3.99,C
5,SA919X7XB05588-A98299A-R10-C51,294.86,3.97,C
5,SA919X7XB05588-A98299A-R10-C59,246.13,3.68,B
5,SA919X7XB05588-A98299A-R10-C61,302.53,3.98,C
5,SA919X7XB05588-A98299A-R10-C63,303.06,4.05,C
5,SA919X7XB05588-A98299A-R10-C64,249.47,3.91,B
5,SA919X7XB05588-A98299A-R10-C68,269.34,3.96,B
5,SA919X7XB05588-A98299A-R10-C70,217.27,3.04,B
5,SA919X7XB05588-A98299A-R11-C09,249.4,4.01,C
5,SA919X7XB05588-A98299A-R11-C13,305.77,4,C
5,SA919X7XB05588-A98299A-R11-C21,256.74,3.93,C
5,SA919X7XB05588-A98299A-R11-C24,282.27,4.02,C
5,SA919X7XB05588-A98299A-R11-C30,265.2,3.93,C
5,SA919X7XB05588-A98299A-R11-C31,264.14,3.91,C
5,SA919X7XB05588-A98299A-R11-C32,239.53,3.91,C
5,SA919X7XB05588-A98299A-R11-C33,172.13,4.07,C
5,SA919X7XB05588-A98299A-R11-C40,261.59,4,C
5,SA919X7XB05588-A98299A-R11-C48,253.3,3.99,C
5,SA919X7XB05588-A98299A-R11-C68,170.7,3.89,C
5,SA919X7XB05588-A98299A-R12-C17,278.19,3.95,C
5,SA919X7XB05588-A98299A-R12-C19,228.87,3.98,C
5,SA919X7XB05588-A98299A-R12-C22,213.79,4.01,C
5,SA919X7XB05588-A98299A-R12-C23,287.41,3.88,C
5,SA919X7XB05588-A98299A-R12-C25,401.59,3.98,C
5,SA919X7XB05588-A98299A-R12-C28,257.56,3.98,C
5,SA919X7XB05588-A98299A-R12-C30,199.2,9.15,B
5,SA919X7XB05588-A98299A-R12-C35,385.73,4.09,C
5,SA919X7XB05588-A98299A-R12-C36,328.61,3.97,C
5,SA919X7XB05588-A98299A-R12-C41,276.13,3.91,C
5,SA919X7XB05588-A98299A-R12-C45,134.37,4.12,C
5,SA919X7XB05588-A98299A-R12-C46,289.1,3.92,C
5,SA919X7XB05588-A98299A-R12-C47,299.1,3.99,C
5,SA919X7XB05588-A98299A-R12-C51,294.5,3.95,C
5,SA919X7XB05588-A98299A-R12-C55,267.1,3.8,C
5,SA919X7XB05588-A98299A-R12-C57,282.19,3.89,C
5,SA919X7XB05588-A98299A-R12-C60,285.29,3.81,C
5,SA919X7XB05588-A98299A-R12-C67,305.99,4.05,C
5,SA919X7XB05588-A98299A-R12-C69,275.24,4.15,C
5,SA919X7XB05588-A98299A-R12-C70,255.11,3.96,C
5,SA919X7XB05588-A98299A-R13-C13,272.81,4.05,C
5,SA919X7XB05588-A98299A-R13-C14,244.29,3.95,C
5,SA919X7XB05588-A98299A-R13-C23,152.1,3.91,C
5,SA919X7XB05588-A98299A-R13-C27,192.46,4.06,C
5,SA919X7XB05588-A98299A-R13-C30,231.19,4,C
5,SA919X7XB05588-A98299A-R13-C31,229.29,3.78,C
5,SA919X7XB05588-A98299A-R13-C36,199.51,3.98,C
5,SA919X7XB05588-A98299A-R13-C49,251.3,4.02,C
5,SA919X7XB05588-A98299A-R13-C51,235.49,3.95,C
5,SA919X7XB05588-A98299A-R13-C56,232.9,3.92,C
5,SA919X7XB05588-A98299A-R13-C60,240.6,3.81,C
5,SA919X7XB05588-A98299A-R13-C67,213.84,3.93,C
5,SA919X7XB05588-A98299A-R14-C11,227.36,3.99,C
5,SA919X7XB05588-A98299A-R14-C13,315.47,4.08,C
5,SA919X7XB05588-A98299A-R14-C14,268.61,3.87,C
5,SA919X7XB05588-A98299A-R14-C16,266.84,3.92,C
5,SA919X7XB05588-A98299A-R14-C17,232.89,4,C
5,SA919X7XB05588-A98299A-R14-C19,181.57,3.95,C
5,SA919X7XB05588-A98299A-R14-C21,239.37,3.99,C
5,SA919X7XB05588-A98299A-R14-C22,210.34,3.95,C
5,SA919X7XB05588-A98299A-R14-C23,211.44,2.93,B
5,SA919X7XB05588-A98299A-R14-C24,290.64,3.96,C
5,SA919X7XB05588-A98299A-R14-C25,297.7,3.97,C
5,SA919X7XB05588-A98299A-R14-C27,217.14,3.92,C
5,SA919X7XB05588-A98299A-R14-C28,264.57,3.94,C
5,SA919X7XB05588-A98299A-R14-C31,286.91,3.89,C
5,SA919X7XB05588-A98299A-R14-C35,319.47,4.05,C
5,SA919X7XB05588-A98299A-R14-C37,261.63,4.06,B
5,SA919X7XB05588-A98299A-R14-C38,121.7,3.05,B
5,SA919X7XB05588-A98299A-R14-C41,265.7,3.06,B
5,SA919X7XB05588-A98299A-R14-C51,298.5,3.92,C
5,SA919X7XB05588-A98299A-R14-C54,249.94,3.99,C
5,SA919X7XB05588-A98299A-R14-C59,264.9,3.97,C
5,SA919X7XB05588-A98299A-R14-C64,264.9,3.91,C
5,SA919X7XB05588-A98299A-R14-C67,294.86,3.99,C
5,SA919X7XB05588-A98299A-R14-C70,226.37,4.1,C
5,SA919X7XB05588-A98299A-R15-C12,244.17,3.9,C
5,SA919X7XB05588-A98299A-R15-C14,293.47,3.86,C
5,SA919X7XB05588-A98299A-R15-C16,295.47,3.96,C
5,SA919X7XB05588-A98299A-R15-C37,256.74,3.89,C
5,SA919X7XB05588-A98299A-R15-C38,171.27,4.07,C
5,SA919X7XB05588-A98299A-R15-C39,278.13,3.86,C
5,SA919X7XB05588-A98299A-R15-C46,259.11,3.93,C
5,SA919X7XB05588-A98299A-R15-C52,209.3,3.95,C
5,SA919X7XB05588-A98299A-R15-C56,287.27,3.82,C
5,SA919X7XB05588-A98299A-R15-C70,259.33,3.91,C
5,SA919X7XB05588-A98299A-R16-C07,236.93,3.94,C
5,SA919X7XB05588-A98299A-R16-C09,297.89,4.02,C
5,SA919X7XB05588-A98299A-R16-C14,302.91,4.04,C
5,SA919X7XB05588-A98299A-R16-C16,228.81,3.87,C
5,SA919X7XB05588-A98299A-R16-C22,166.41,3.95,B
5,SA919X7XB05588-A98299A-R16-C24,245.26,3.95,C
5,SA919X7XB05588-A98299A-R16-C25,238.29,3.9,C
5,SA919X7XB05588-A98299A-R16-C29,211.8,3.86,C
5,SA919X7XB05588-A98299A-R16-C32,235.34,4.03,C
5,SA919X7XB05588-A98299A-R16-C36,203.31,4.06,C
5,SA919X7XB05588-A98299A-R16-C38,125.91,4.08,C
5,SA919X7XB05588-A98299A-R16-C39,249.37,3.99,C
5,SA919X7XB05588-A98299A-R16-C47,246.61,4.02,C
5,SA919X7XB05588-A98299A-R16-C48,224.34,3.94,C
5,SA919X7XB05588-A98299A-R16-C49,200.8,4.04,C
5,SA919X7XB05588-A98299A-R16-C64,199.99,3.67,C
5,SA919X7XB05588-A98299A-R16-C65,168.04,3.92,C
5,SA919X7XB05588-A98299A-R16-C70,207.6,3.92,C
5,SA919X7XB05588-A98299A-R17-C13,263.03,3.83,C
5,SA919X7XB05588-A98299A-R17-C14,258.17,3.96,C
5,SA919X7XB05588-A98299A-R17-C17,257.74,3.96,C
5,SA919X7XB05588-A98299A-R17-C21,258.03,3.96,C
5,SA919X7XB05588-A98299A-R17-C24,284.6,4,C
5,SA919X7XB05588-A98299A-R17-C27,228.37,4.03,C
5,SA919X7XB05588-A98299A-R17-C31,234.97,3.95,C
5,SA919X7XB05588-A98299A-R17-C32,251.76,3.97,C
5,SA919X7XB05588-A98299A-R17-C33,158.51,4.06,C
5,SA919X7XB05588-A98299A-R17-C35,285.99,3.94,C
5,SA919X7XB05588-A98299A-R17-C36,207,3.98,C
5,SA919X7XB05588-A98299A-R17-C37,245.64,3.89,C
5,SA919X7XB05588-A98299A-R17-C39,267.01,3.93,C
5,SA919X7XB05588-A98299A-R17-C41,257.14,3.96,C
5,SA919X7XB05588-A98299A-R17-C44,292.47,4.13,C
5,SA919X7XB05588-A98299A-R17-C48,263.94,3.99,B
5,SA919X7XB05588-A98299A-R17-C51,290.8,3.86,C
5,SA919X7XB05588-A98299A-R17-C54,240.53,3.97,C
5,SA919X7XB05588-A98299A-R17-C57,266.46,4.05,C
5,SA919X7XB05588-A98299A-R17-C60,272.69,3.97,C
5,SA919X7XB05588-A98299A-R17-C67,274.41,3.94,C
5,SA919X7XB05588-A98299A-R17-C69,217,4.08,C
5,SA919X7XB05588-A98299A-R18-C08,252.16,3.95,C
5,SA919X7XB05588-A98299A-R18-C09,253.57,3.95,C
5,SA919X7XB05588-A98299A-R18-C14,275.39,4.06,C
5,SA919X7XB05588-A98299A-R18-C15,231.46,3.92,C
5,SA919X7XB05588-A98299A-R18-C21,237.43,3.86,C
5,SA919X7XB05588-A98299A-R18-C27,122.26,3.81,C
5,SA919X7XB05588-A98299A-R18-C28,234.46,3.87,C
5,SA919X7XB05588-A98299A-R18-C29,180.66,3.04,B
5,SA919X7XB05588-A98299A-R18-C30,295.07,3.96,C
5,SA919X7XB05588-A98299A-R18-C32,242.53,4,C
5,SA919X7XB05588-A98299A-R18-C36,202.8,4.1,C
5,SA919X7XB05588-A98299A-R18-C37,228.39,4.03,C
5,SA919X7XB05588-A98299A-R18-C38,127.1,3.95,C
5,SA919X7XB05588-A98299A-R18-C39,231.23,4.08,C
5,SA919X7XB05588-A98299A-R18-C40,237.8,3.95,C
5,SA919X7XB05588-A98299A-R18-C48,234.77,3.93,C
5,SA919X7XB05588-A98299A-R18-C52,204.74,4.04,C
5,SA919X7XB05588-A98299A-R18-C59,250.74,4.04,C
5,SA919X7XB05588-A98299A-R18-C60,238.97,3.94,C
5,SA919X7XB05588-A98299A-R18-C67,258.67,4.01,C
5,SA919X7XB05588-A98299A-R19-C09,136.41,4.05,C
5,SA919X7XB05588-A98299A-R19-C12,127.21,4.03,C
5,SA919X7XB05588-A98299A-R19-C15,117.4,3.91,C
5,SA919X7XB05588-A98299A-R19-C21,128.99,4.09,C
5,SA919X7XB05588-A98299A-R19-C31,136.49,4.01,C
5,SA919X7XB05588-A98299A-R19-C32,128.27,4.12,C
5,SA919X7XB05588-A98299A-R19-C41,122.16,4.06,C
5,SA919X7XB05588-A98299A-R19-C51,144.5,4.05,C
5,SA919X7XB05588-A98299A-R19-C54,122.37,3.95,C
5,SA919X7XB05588-A98299A-R19-C55,123.53,4,C
5,SA919X7XB05588-A98299A-R19-C57,130.37,4.06,C
5,SA919X7XB05588-A98299A-R19-C63,131.46,4.02,C
5,SA919X7XB05588-A98299A-R19-C64,126.69,3.92,C
5,SA919X7XB05588-A98299A-R19-C67,133.83,3.82,C
5,SA919X7XB05588-A98299A-R19-C68,111.7,3.85,C
5,SA919X7XB05588-A98299A-R20-C13,211.96,4.03,C
5,SA919X7XB05588-A98299A-R20-C27,300.86,4.11,C
5,SA919X7XB05588-A98299A-R20-C29,260.81,4.05,C
5,SA919X7XB05588-A98299A-R20-C31,267.51,3.97,C
5,SA919X7XB05588-A98299A-R20-C33,142.54,4.05,C
5,SA919X7XB05588-A98299A-R20-C36,233.84,3.98,C
5,SA919X7XB05588-A98299A-R20-C37,253.14,4.01,C
5,SA919X7XB05588-A98299A-R20-C38,151.37,3.87,C
5,SA919X7XB05588-A98299A-R20-C40,299.04,3.91,C
5,SA919X7XB05588-A98299A-R20-C43,319.76,3.91,C
5,SA919X7XB05588-A98299A-R20-C44,252,3.91,C
5,SA919X7XB05588-A98299A-R20-C46,232.43,3.83,C
5,SA919X7XB05588-A98299A-R20-C49,207.14,3.92,C
5,SA919X7XB05588-A98299A-R20-C52,170.43,3.89,C
5,SA919X7XB05588-A98299A-R20-C55,320.84,4.04,C
5,SA919X7XB05588-A98299A-R20-C57,264.43,4.03,C
5,SA919X7XB05588-A98299A-R20-C59,270.1,3.96,C
5,SA919X7XB05588-A98299A-R20-C68,260.41,4.02,C
5,SA919X7XB05588-A98299A-R20-C69,236.87,4.1,C
5,SA919X7XB05588-A98299A-R20-C70,267.3,3.97,C
5,SA919X7XB05588-A98299A-R21-C09,169.27,4.06,C
5,SA919X7XB05588-A98299A-R21-C15,200.74,3.98,C
5,SA919X7XB05588-A98299A-R21-C16,211.57,4,C
5,SA919X7XB05588-A98299A-R21-C22,169.56,4.03,C
5,SA919X7XB05588-A98299A-R21-C27,174.86,4.06,C
5,SA919X7XB05588-A98299A-R21-C28,196.84,3.91,C
5,SA919X7XB05588-A98299A-R21-C31,178.2,4.02,C
5,SA919X7XB05588-A98299A-R21-C35,129.37,3.79,C
5,SA919X7XB05588-A98299A-R21-C37,193.37,4.03,B
5,SA919X7XB05588-A98299A-R21-C39,189.57,3.96,C
5,SA919X7XB05588-A98299A-R21-C46,155.84,4.02,C
5,SA919X7XB05588-A98299A-R21-C47,178.49,4,C
5,SA919X7XB05588-A98299A-R21-C49,176.1,4.05,C
5,SA919X7XB05588-A98299A-R21-C54,178.29,3.93,C
5,SA919X7XB05588-A98299A-R21-C61,214.19,3.95,C
5,SA919X7XB05588-A98299A-R21-C64,187.66,3.97,C
5,SA919X7XB05588-A98299A-R21-C65,127.33,3.95,C
5,SA919X7XB05588-A98299A-R21-C68,152.67,3.99,C
5,SA919X7XB05588-A98299A-R22-C09,200.01,3.95,C
5,SA919X7XB05588-A98299A-R22-C14,210.09,3.93,C
5,SA919X7XB05588-A98299A-R22-C22,129.79,3.83,C
5,SA919X7XB05588-A98299A-R22-C27,184.3,4.02,C
5,SA919X7XB05588-A98299A-R22-C28,159.3,2.97,B
5,SA919X7XB05588-A98299A-R22-C31,206.73,3.87,C
5,SA919X7XB05588-A98299A-R22-C38,118.83,3.92,C
5,SA919X7XB05588-A98299A-R22-C40,173.03,4.01,C
5,SA919X7XB05588-A98299A-R22-C43,230.61,3.93,C
5,SA919X7XB05588-A98299A-R22-C46,249.4,4.12,C
5,SA919X7XB05588-A98299A-R22-C48,181.43,4,C
5,SA919X7XB05588-A98299A-R22-C51,216.99,4,C
5,SA919X7XB05588-A98299A-R22-C55,229.6,4.16,C
5,SA919X7XB05588-A98299A-R22-C57,180.7,3.86,C
5,SA919X7XB05588-A98299A-R22-C61,209.36,3.91,C
5,SA919X7XB05588-A98299A-R22-C64,180.99,4.03,C
5,SA919X7XB05588-A98299A-R22-C67,213.9,4.05,C
5,SA919X7XB05588-A98299A-R22-C70,199.43,3.88,B
5,SA919X7XB05588-A98299A-R23-C09,331.16,3.98,C
5,SA919X7XB05588-A98299A-R23-C13,210.79,3.65,C
5,SA919X7XB05588-A98299A-R23-C16,282.03,3.94,C
5,SA919X7XB05588-A98299A-R23-C23,275.1,3.96,C
5,SA919X7XB05588-A98299A-R23-C27,232.96,3.95,C
5,SA919X7XB05588-A98299A-R23-C28,149.47,3.96,C
5,SA919X7XB05588-A98299A-R23-C30,203.3,3.95,C
5,SA919X7XB05588-A98299A-R23-C33,159.29,4.01,C
5,SA919X7XB05588-A98299A-R23-C47,266.17,4.13,C
5,SA919X7XB05588-A98299A-R23-C48,283.5,4.02,C
5,SA919X7XB05588-A98299A-R23-C49,217.21,4.02,C
5,SA919X7XB05588-A98299A-R23-C69,195.93,3.88,C
5,SA919X7XB05588-A98299A-R24-C17,284.97,4,C
5,SA919X7XB05588-A98299A-R24-C55,286.03,4.01,C
5,SA919X7XB05588-A98299A-R24-C57,270.36,3.89,C
5,SA919X7XB05588-A98299A-R24-C59,239.09,3.71,C
5,SA919X7XB05588-A98299A-R24-C61,291.97,4.02,C
5,SA919X7XB05588-A98299A-R24-C70,251.2,4.09,C
5,SA919X7XB05588-A98299A-R25-C22,166.59,4.07,C
5,SA919X7XB05588-A98299A-R25-C32,221.83,3.85,C
5,SA919X7XB05588-A98299A-R25-C51,242.33,3.98,C
5,SA919X7XB05588-A98299A-R25-C52,161.2,3.74,C
5,SA919X7XB05588-A98299A-R25-C55,278.7,4.07,C
5,SA919X7XB05588-A98299A-R25-C56,222.29,3.88,C
5,SA919X7XB05588-A98299A-R25-C60,213.49,3.99,C
5,SA919X7XB05588-A98299A-R25-C64,242.09,4.04,C
5,SA919X7XB05588-A98299A-R25-C65,126.54,3.94,C
5,SA919X7XB05588-A98299A-R26-C38,131.99,3.96,C
5,SA919X7XB05588-A98299A-R26-C46,246.43,4.05,C
5,SA919X7XB05588-A98299A-R26-C48,219.06,4.02,C
5,SA919X7XB05588-A98299A-R26-C49,193.21,3.99,C
5,SA919X7XB05588-A98299A-R26-C55,238.16,3.92,C
5,SA919X7XB05588-A98299A-R26-C59,226.16,4.11,C
5,SA919X7XB05588-A98299A-R26-C65,150.7,4,C
5,SA919X7XB05588-A98299A-R27-C07,232.34,3.94,C
5,SA919X7XB05588-A98299A-R27-C08,255.06,4.17,C
5,SA919X7XB05588-A98299A-R27-C24,264.49,3.97,C
5,SA919X7XB05588-A98299A-R27-C32,242,3.94,C
5,SA919X7XB05588-A98299A-R27-C44,232.67,4.05,C
5,SA919X7XB05588-A98299A-R27-C46,258.64,3.91,B
5,SA919X7XB05588-A98299A-R27-C56,263.79,4.01,C
5,SA919X7XB05588-A98299A-R27-C59,213.91,4.04,C
5,SA919X7XB05588-A98299A-R27-C61,223.91,3.85,C
5,SA919X7XB05588-A98299A-R27-C63,255.83,4.11,C
5,SA919X7XB05588-A98299A-R27-C68,202.56,3.92,C
5,SA919X7XB05588-A98299A-R28-C32,240.74,4,C
5,SA919X7XB05588-A98299A-R28-C40,241.69,4.01,C
5,SA919X7XB05588-A98299A-R28-C44,206.66,3.92,B
5,SA919X7XB05588-A98299A-R28-C47,229.01,3.95,C
5,SA919X7XB05588-A98299A-R28-C49,135.5,3.96,C
5,SA919X7XB05588-A98299A-R28-C51,276.03,3.95,C
5,SA919X7XB05588-A98299A-R28-C59,229.33,3.86,C
5,SA919X7XB05588-A98299A-R28-C63,277.93,4.05,C
5,SA919X7XB05588-A98299A-R28-C68,173.31,3.91,C
5,SA919X7XB05588-A98299A-R28-C69,215.06,4.11,B
5,SA919X7XB05588-A98299A-R28-C70,173.76,4.01,C
5,SA919X7XB05588-A98299A-R29-C07,248.2,3.98,C
5,SA919X7XB05588-A98299A-R29-C19,217.99,3.96,C
5,SA919X7XB05588-A98299A-R29-C21,258.2,4.03,C
5,SA919X7XB05588-A98299A-R29-C41,251.84,3.99,C
5,SA919X7XB05588-A98299A-R29-C46,253.73,3.97,C
5,SA919X7XB05588-A98299A-R29-C47,248.74,4,C
5,SA919X7XB05588-A98299A-R29-C51,283.4,4.08,C
5,SA919X7XB05588-A98299A-R29-C55,207.93,4.01,C
5,SA919X7XB05588-A98299A-R29-C59,245.06,4.13,C
5,SA919X7XB05588-A98299A-R29-C64,266.24,3.97,C
5,SA919X7XB05588-A98299A-R29-C65,160.96,3.99,C
5,SA919X7XB05588-A98299A-R29-C69,209.36,4.02,C
5,SA919X7XB05588-A98299A-R29-C70,190.77,3.78,C
5,SA919X7XB05588-A98299A-R30-C07,204.73,4.01,C
5,SA919X7XB05588-A98299A-R30-C35,200.23,3.93,C
5,SA919X7XB05588-A98299A-R30-C46,146.37,2.98,B
5,SA919X7XB05588-A98299A-R30-C48,183.23,3.88,C
5,SA919X7XB05588-A98299A-R30-C49,170.63,3.99,C
5,SA919X7XB05588-A98299A-R30-C54,180.26,3.97,C
5,SA919X7XB05588-A98299A-R30-C60,196.7,3.98,C
5,SA919X7XB05691-A96204B-R29-C07,313.56,2.92,B
5,SA919X7XB05691-A96204B-R29-C08,313.01,2.9,B
5,SA919X7XB05691-A96204B-R29-C12,376.99,3.07,B
5,SA919X7XB05691-A96204B-R29-C15,323.7,2.95,B
5,SA919X7XB05691-A96204B-R29-C16,336.36,2.89,B
5,SA919X7XB05691-A96204B-R29-C17,327.33,2.89,B
5,SA919X7XB05691-A96204B-R29-C18,218.5,2.97,B
5,SA919X7XB05691-A96204B-R29-C20,320.47,2.96,B
5,SA919X7XB05691-A96204B-R29-C22,310.63,2.95,B
5,SA919X7XB05691-A96204B-R29-C23,325.9,2.93,B
5,SA919X7XB05691-A96204B-R29-C29,269.73,2.9,B
5,SA919X7XB05691-A96204B-R29-C30,278.21,2.96,B
5,SA919X7XB05691-A96204B-R29-C32,328.26,2.95,B
5,SA919X7XB05691-A96204B-R29-C33,211.44,3.06,B
5,SA919X7XB05691-A96204B-R29-C34,193.03,2.95,B
5,SA919X7XB05691-A96204B-R29-C35,487.27,3.02,B
5,SA919X7XB05691-A96204B-R29-C36,187.29,2.99,B
5,SA919X7XB05691-A96204B-R29-C38,264.5,2.93,B
5,SA919X7XB05691-A96204B-R29-C40,305.61,2.95,B
5,SA919X7XB05691-A96204B-R29-C41,318.37,2.98,B
5,SA919X7XB05691-A96204B-R29-C43,320.83,2.9,B
5,SA919X7XB05691-A96204B-R29-C44,438.21,2.91,B
5,SA919X7XB05691-A96204B-R29-C45,219.7,3.11,B
5,SA919X7XB05691-A96204B-R29-C48,324.87,2.96,B
5,SA919X7XB05691-A96204B-R29-C49,291.19,2.98,B
5,SA919X7XB05691-A96204B-R29-C54,308.64,2.87,B
5,SA919X7XB05691-A96204B-R29-C57,331.16,2.98,B
5,SA919X7XB05691-A96204B-R29-C58,446.51,3,B
5,SA919X7XB05691-A96204B-R29-C63,338.93,2.96,B
5,SA919X7XB05691-A96204B-R29-C65,192.64,2.97,B
5,SA919X7XB05691-A96204B-R29-C68,287.19,3.02,B
5,SA919X7XB05691-A96204B-R29-C69,290.64,2.97,B
5,SA919X7XB05691-A96204B-R30-C07,263.66,2.97,B
5,SA919X7XB05691-A96204B-R30-C09,325.5,3.07,B
5,SA919X7XB05691-A96204B-R30-C10,183.66,2.94,B
5,SA919X7XB05691-A96204B-R30-C11,324.5,3.1,B
5,SA919X7XB05691-A96204B-R30-C12,214.51,3.07,B
5,SA919X7XB05691-A96204B-R30-C14,236.27,2.94,B
5,SA919X7XB05691-A96204B-R30-C19,209.66,2.96,B
5,SA919X7XB05691-A96204B-R30-C22,253.71,3,B
5,SA919X7XB05691-A96204B-R30-C28,354.27,2.96,B
5,SA919X7XB05691-A96204B-R30-C33,194.79,2.98,B
5,SA919X7XB05691-A96204B-R30-C35,241,2.95,B
5,SA919X7XB05691-A96204B-R30-C37,210.8,3.01,B
5,SA919X7XB05691-A96204B-R30-C41,252.53,2.95,B
5,SA919X7XB05691-A96204B-R30-C42,245.51,2.95,B
5,SA919X7XB05691-A96204B-R30-C45,142.84,2.96,B
5,SA919X7XB05691-A96204B-R30-C48,228.44,3.01,B
5,SA919X7XB05691-A96204B-R30-C49,231.74,2.88,B
5,SA919X7XB05691-A96204B-R30-C57,270.7,2.95,B
5,SA919X7XB05691-A96204B-R30-C58,351.8,2.91,B
5,SA919X7XB05691-A96204B-R31-C10,207.69,3.02,B
5,SA919X7XB05691-A96204B-R31-C12,258.23,2.94,B
5,SA919X7XB05691-A96204B-R31-C21,225.81,2.83,B
5,SA919X7XB05691-A96204B-R31-C22,241.01,2.95,B
5,SA919X7XB05691-A96204B-R31-C23,283.46,2.98,B
5,SA919X7XB05691-A96204B-R31-C25,280.7,3.05,B
5,SA919X7XB05691-A96204B-R31-C26,246.87,3.02,B
5,SA919X7XB05691-A96204B-R31-C33,173.97,3.03,B
5,SA919X7XB05691-A96204B-R31-C36,169.81,3.04,B
5,SA919X7XB05691-A96204B-R31-C37,241.33,2.99,B
5,SA919X7XB05691-A96204B-R31-C39,256.34,3.08,B
5,SA919X7XB05691-A96204B-R31-C41,282.01,3.02,B
5,SA919X7XB05691-A96204B-R31-C44,290.5,3.03,B
5,SA919X7XB05691-A96204B-R31-C45,162.86,2.95,B
5,SA919X7XB05691-A96204B-R31-C47,254.11,3.03,B
5,SA919X7XB05691-A96204B-R31-C49,254.47,2.95,B
5,SA919X7XB05691-A96204B-R31-C50,202.73,2.97,B
5,SA919X7XB05691-A96204B-R31-C51,187.43,3.06,B
5,SA919X7XB05691-A96204B-R31-C53,106.64,3.05,B
5,SA919X7XB05691-A96204B-R31-C55,201.69,2.99,B
5,SA919X7XB05691-A96204B-R31-C63,233.49,2.94,B
5,SA919X7XB05691-A96204B-R31-C65,143.6,3.1,B
5,SA919X7XB05691-A96204B-R31-C68,171.24,2.96,B
5,SA919X7XB05691-A96204B-R32-C10,199.41,2.92,B
5,SA919X7XB05691-A96204B-R32-C16,267.56,3.01,B
5,SA919X7XB05691-A96204B-R32-C17,221.93,2.97,B
5,SA919X7XB05691-A96204B-R32-C20,287.24,2.93,B
5,SA919X7XB05691-A96204B-R32-C21,140.31,3.07,B
5,SA919X7XB05691-A96204B-R32-C22,207.46,3.03,B
5,SA919X7XB05691-A96204B-R32-C25,269.73,3.04,B
5,SA919X7XB05691-A96204B-R32-C26,232.61,2.98,B
5,SA919X7XB05691-A96204B-R32-C32,299.17,2.96,B
5,SA919X7XB05691-A96204B-R32-C33,157.59,3.03,B
5,SA919X7XB05691-A96204B-R32-C34,163.37,3.02,B
5,SA919X7XB05691-A96204B-R32-C36,170.71,3,B
5,SA919X7XB05691-A96204B-R32-C39,274.47,3.05,B
5,SA919X7XB05691-A96204B-R32-C40,255.53,2.95,B
5,SA919X7XB05691-A96204B-R32-C41,261.26,2.95,B
5,SA919X7XB05691-A96204B-R32-C44,289.51,3,B
5,SA919X7XB05691-A96204B-R32-C50,241.19,2.99,B
5,SA919X7XB05691-A96204B-R32-C51,146.96,3,B
5,SA919X7XB05691-A96204B-R32-C54,251.6,2.99,B
5,SA919X7XB05691-A96204B-R32-C56,210.17,2.99,B
5,SA919X7XB05691-A96204B-R32-C59,259.51,2.95,B
5,SA919X7XB05691-A96204B-R32-C61,226.51,2.9,B
5,SA919X7XB05691-A96204B-R32-C62,239.3,3.05,B
5,SA919X7XB05691-A96204B-R32-C63,260.44,3.03,B
5,SA919X7XB05691-A96204B-R32-C64,278.81,2.93,B
5,SA919X7XB05691-A96204B-R33-C10,182.6,2.98,B
5,SA919X7XB05691-A96204B-R33-C12,222.63,2.94,B
5,SA919X7XB05691-A96204B-R33-C13,330.14,2.99,B
5,SA919X7XB05691-A96204B-R33-C16,240.56,2.93,B
5,SA919X7XB05691-A96204B-R33-C17,243.13,3.03,B
5,SA919X7XB05691-A96204B-R33-C18,243.19,3.1,B
5,SA919X7XB05691-A96204B-R33-C20,238.21,2.99,B
5,SA919X7XB05691-A96204B-R33-C21,345.27,3.03,B
5,SA919X7XB05691-A96204B-R33-C23,227.81,2.89,B
5,SA919X7XB05691-A96204B-R33-C26,191.81,2.95,B
5,SA919X7XB05691-A96204B-R33-C29,147.66,2.83,B
5,SA919X7XB05691-A96204B-R33-C31,242.14,2.93,B
5,SA919X7XB05691-A96204B-R33-C32,229.3,2.99,B
5,SA919X7XB05691-A96204B-R33-C34,128.67,3,B
5,SA919X7XB05691-A96204B-R33-C37,125.66,3.07,B
5,SA919X7XB05691-A96204B-R33-C39,328.37,3.01,B
5,SA919X7XB05691-A96204B-R33-C46,322.31,2.93,B
5,SA919X7XB05691-A96204B-R33-C47,218.89,2.87,B
5,SA919X7XB05691-A96204B-R33-C48,219.89,3.01,B
5,SA919X7XB05691-A96204B-R33-C49,209.53,2.99,B
5,SA919X7XB05691-A96204B-R33-C50,191.47,2.92,B
5,SA919X7XB05691-A96204B-R33-C54,198.4,2.89,B
5,SA919X7XB05691-A96204B-R33-C55,212.49,2.96,B
5,SA919X7XB05691-A96204B-R33-C58,168.27,2.91,B
5,SA919X7XB05691-A96204B-R33-C59,202.2,2.99,B
5,SA919X7XB05691-A96204B-R33-C61,211.66,3,B
5,SA919X7XB05691-A96204B-R33-C65,153.09,3.01,B
5,SA919X7XB05691-A96204B-R33-C67,206.44,2.95,B
5,SA919X7XB05691-A96204B-R33-C69,193.94,2.95,B
5,SA919X7XB05691-A96204B-R34-C10,193.76,2.89,B
5,SA919X7XB05691-A96204B-R34-C11,231.46,2.98,B
5,SA919X7XB05691-A96204B-R34-C12,236.27,3.01,B
5,SA919X7XB05691-A96204B-R34-C13,275.54,2.93,B
5,SA919X7XB05691-A96204B-R34-C14,228.19,2.94,B
5,SA919X7XB05691-A96204B-R34-C15,419.34,3.05,B
5,SA919X7XB05691-A96204B-R34-C16,259.34,2.96,B
5,SA919X7XB05691-A96204B-R34-C17,283.31,2.97,B
5,SA919X7XB05691-A96204B-R34-C19,201.51,2.86,B
5,SA919X7XB05691-A96204B-R34-C21,223.16,2.97,B
5,SA919X7XB05691-A96204B-R34-C24,295.94,2.96,B
5,SA919X7XB05691-A96204B-R34-C26,206.3,2.91,B
5,SA919X7XB05691-A96204B-R34-C27,192.93,2.92,B
5,SA919X7XB05691-A96204B-R34-C28,272.91,2.98,B
5,SA919X7XB05691-A96204B-R34-C29,208.44,2.9,B
5,SA919X7XB05691-A96204B-R34-C32,259.94,2.98,B
5,SA919X7XB05691-A96204B-R34-C33,201.34,2.93,B
5,SA919X7XB05691-A96204B-R34-C34,153.66,3.01,B
5,SA919X7XB05691-A96204B-R34-C35,225.11,2.91,B
5,SA919X7XB05691-A96204B-R34-C37,211.07,2.98,B
5,SA919X7XB05691-A96204B-R34-C39,252.04,2.98,B
5,SA919X7XB05691-A96204B-R34-C41,264.06,2.93,B
5,SA919X7XB05691-A96204B-R34-C42,349.19,3.03,B
5,SA919X7XB05691-A96204B-R34-C43,244.84,3.05,B
5,SA919X7XB05691-A96204B-R34-C45,159.53,2.92,B
5,SA919X7XB05691-A96204B-R34-C47,261.24,3.01,B
5,SA919X7XB05691-A96204B-R34-C48,260.21,3.05,B
5,SA919X7XB05691-A96204B-R34-C56,271.27,3.01,B
5,SA919X7XB05691-A96204B-R34-C57,277.04,3.02,B
5,SA919X7XB05691-A96204B-R34-C59,210.16,2.94,B
5,SA919X7XB05691-A96204B-R34-C62,215.24,2.97,B
5,SA919X7XB05691-A96204B-R34-C63,254.9,2.98,B
5,SA919X7XB05691-A96204B-R34-C66,249.99,2.95,B
5,SA919X7XB05691-A96204B-R34-C67,229.23,2.91,B
5,SA919X7XB05691-A96204B-R34-C70,232.43,3,B
5,SA919X7XB05691-A96204B-R35-C07,244.06,2.93,B
5,SA919X7XB05691-A96204B-R35-C09,370.81,2.94,B
5,SA919X7XB05691-A96204B-R35-C12,208.23,3.06,B
5,SA919X7XB05691-A96204B-R35-C14,219.89,3.08,B
5,SA919X7XB05691-A96204B-R35-C23,256.29,2.98,B
5,SA919X7XB05691-A96204B-R35-C24,286.71,2.93,B
5,SA919X7XB05691-A96204B-R35-C25,235.29,3.01,B
5,SA919X7XB05691-A96204B-R35-C28,264.21,2.93,B
5,SA919X7XB05691-A96204B-R35-C31,252.79,2.95,B
5,SA919X7XB05691-A96204B-R35-C33,186.74,3,B
5,SA919X7XB05691-A96204B-R35-C36,153.13,3,B
5,SA919X7XB05691-A96204B-R35-C37,209,2.94,B
5,SA919X7XB05691-A96204B-R35-C39,271.24,2.97,B
5,SA919X7XB05691-A96204B-R35-C45,157.84,2.95,B
5,SA919X7XB05691-A96204B-R35-C47,191.13,2.87,B
5,SA919X7XB05691-A96204B-R35-C50,183.23,2.94,B
5,SA919X7XB05691-A96204B-R35-C51,165.83,2.89,B
5,SA919X7XB05691-A96204B-R35-C58,174.11,3.01,B
5,SA919X7XB05691-A96204B-R35-C59,211.53,2.99,B
5,SA919X7XB05691-A96204B-R35-C66,212.26,2.92,B
5,SA919X7XB05691-A96204B-R36-C07,203.2,3.02,B
5,SA919X7XB05691-A96204B-R36-C10,168.93,2.98,B
5,SA919X7XB05691-A96204B-R36-C14,185.5,3.05,B
5,SA919X7XB05691-A96204B-R36-C16,220,3.07,B
5,SA919X7XB05691-A96204B-R36-C17,299.07,2.99,B
5,SA919X7XB05691-A96204B-R36-C25,279.1,3,A
5,SA919X7XB05691-A96204B-R36-C28,194.79,2.96,B
5,SA919X7XB05691-A96204B-R36-C30,166.6,2.94,B
5,SA919X7XB05691-A96204B-R36-C32,185.34,3.02,B
5,SA919X7XB05691-A96204B-R36-C37,157.44,3.04,B
5,SA919X7XB05691-A96204B-R36-C38,151.94,2.97,B
5,SA919X7XB05691-A96204B-R36-C39,193.37,2.91,B
5,SA919X7XB05691-A96204B-R36-C42,185.94,3.02,B
5,SA919X7XB05691-A96204B-R36-C44,202.46,2.92,B
5,SA919X7XB05691-A96204B-R36-C49,174.54,2.99,B
5,SA919X7XB05691-A96204B-R36-C52,194.8,2.9,B
5,SA919X7XB05691-A96204B-R36-C55,181.24,2.89,B
5,SA919X7XB05691-A96204B-R36-C58,154.03,2.91,B
5,SA919X7XB05691-A96204B-R36-C63,181.1,2.93,B
5,SA919X7XB05691-A96204B-R36-C64,184.86,2.97,B
5,SA919X7XB05691-A96204B-R36-C65,153.47,3.11,B
5,SA919X7XB05691-A96204B-R37-C08,306.81,2.99,B
5,SA919X7XB05691-A96204B-R37-C10,159.8,3.02,B
5,SA919X7XB05691-A96204B-R37-C12,188.31,3.04,B
5,SA919X7XB05691-A96204B-R37-C13,236.07,2.97,B
5,SA919X7XB05691-A96204B-R37-C16,316.71,2.98,B
5,SA919X7XB05691-A96204B-R37-C17,301.91,2.95,B
5,SA919X7XB05691-A96204B-R37-C20,184.29,2.85,B
5,SA919X7XB05691-A96204B-R37-C22,200.57,3,B
5,SA919X7XB05691-A96204B-R37-C23,228.49,2.94,B
5,SA919X7XB05691-A96204B-R37-C24,229.64,2.87,B
5,SA919X7XB05691-A96204B-R37-C26,227.84,2.84,B
5,SA919X7XB05691-A96204B-R37-C27,239.13,2.99,B
5,SA919X7XB05691-A96204B-R37-C28,315.27,3.02,B
5,SA919X7XB05691-A96204B-R37-C31,207.59,2.92,B
5,SA919X7XB05691-A96204B-R37-C32,215.31,2.98,B
5,SA919X7XB05691-A96204B-R37-C35,196.37,2.96,B
5,SA919X7XB05691-A96204B-R37-C36,191.03,2.92,B
5,SA919X7XB05691-A96204B-R37-C38,164.74,3.1,B
5,SA919X7XB05691-A96204B-R37-C39,228.41,2.94,B
5,SA919X7XB05691-A96204B-R37-C40,204.19,2.96,B
5,SA919X7XB05691-A96204B-R37-C41,216.93,2.91,B
5,SA919X7XB05691-A96204B-R37-C42,191.27,2.96,B
5,SA919X7XB05691-A96204B-R37-C44,223.54,2.93,B
5,SA919X7XB05691-A96204B-R37-C46,235.29,2.95,B
5,SA919X7XB05691-A96204B-R37-C47,231.56,2.94,B
5,SA919X7XB05691-A96204B-R37-C49,196.51,2.95,B
5,SA919X7XB05691-A96204B-R37-C50,172.13,3,B
5,SA919X7XB05691-A96204B-R37-C55,206.07,2.98,B
5,SA919X7XB05691-A96204B-R37-C57,210.96,2.91,B
5,SA919X7XB05691-A96204B-R37-C58,179.26,3,B
5,SA919X7XB05691-A96204B-R37-C60,196.13,3.02,B
5,SA919X7XB05691-A96204B-R37-C63,242.49,3.03,B
5,SA919X7XB05691-A96204B-R37-C64,226.23,2.92,B
5,SA919X7XB05691-A96204B-R37-C70,211.1,3,B
5,SA919X7XB05691-A96204B-R38-C11,293,3.02,B
5,SA919X7XB05691-A96204B-R38-C18,181.21,2.95,B
5,SA919X7XB05691-A96204B-R38-C19,201.43,2.91,B
5,SA919X7XB05691-A96204B-R38-C20,228.59,2.94,B
5,SA919X7XB05691-A96204B-R38-C22,230.86,2.89,B
5,SA919X7XB05691-A96204B-R38-C23,192.44,3.07,B
5,SA919X7XB05691-A96204B-R38-C25,257.94,2.93,B
5,SA919X7XB05691-A96204B-R38-C30,202.61,2.88,B
5,SA919X7XB05691-A96204B-R38-C33,202.37,3.02,B
5,SA919X7XB05691-A96204B-R38-C34,148.8,3.07,B
5,SA919X7XB05691-A96204B-R38-C36,155.96,2.92,B
5,SA919X7XB05691-A96204B-R38-C38,167.6,2.93,B
5,SA919X7XB05691-A96204B-R38-C39,247.29,2.95,B
5,SA919X7XB05691-A96204B-R38-C40,238.2,2.91,B
5,SA919X7XB05691-A96204B-R38-C42,228.79,3.03,B
5,SA919X7XB05691-A96204B-R38-C44,250.91,3.01,B
5,SA919X7XB05691-A96204B-R38-C46,241.31,2.98,B
5,SA919X7XB05691-A96204B-R38-C47,225.69,2.91,B
5,SA919X7XB05691-A96204B-R38-C51,201.03,3.01,B
5,SA919X7XB05691-A96204B-R38-C56,269.36,3,B
5,SA919X7XB05691-A96204B-R38-C59,244.5,2.98,B
5,SA919X7XB05691-A96204B-R38-C60,315.37,3.02,B
5,SA919X7XB05691-A96204B-R38-C61,217.97,3.04,B
5,SA919X7XB05691-A96204B-R38-C66,241.37,3,B
5,SA919X7XB05691-A96204B-R38-C68,188.83,2.99,B
5,SA919X7XB05691-A96204B-R38-C70,189.3,3.05,B
5,SA919X7XB05691-A96204B-R39-C07,206.74,3.03,B
5,SA919X7XB05691-A96204B-R39-C10,216.2,3.07,B
5,SA919X7XB05691-A96204B-R39-C12,181.11,2.9,B
5,SA919X7XB05691-A96204B-R39-C15,186.89,2.85,B
5,SA919X7XB05691-A96204B-R39-C17,206.14,2.97,B
5,SA919X7XB05691-A96204B-R39-C19,154.97,2.98,B
5,SA919X7XB05691-A96204B-R39-C22,178.49,2.92,B
5,SA919X7XB05691-A96204B-R39-C23,178.13,2.85,B
5,SA919X7XB05691-A96204B-R39-C24,219.36,2.92,B
5,SA919X7XB05691-A96204B-R39-C29,179.39,3.01,B
5,SA919X7XB05691-A96204B-R39-C34,119.46,2.86,B
5,SA919X7XB05691-A96204B-R39-C36,133.11,3.01,B
5,SA919X7XB05691-A96204B-R39-C44,211.09,2.95,B
5,SA919X7XB05691-A96204B-R39-C52,191.34,2.96,B
5,SA919X7XB05691-A96204B-R39-C58,163.2,3,B
5,SA919X7XB05691-A96204B-R39-C62,170.23,3.05,B
5,SA919X7XB05691-A96204B-R39-C64,297.69,2.99,B
5,SA919X7XB05691-A96204B-R39-C66,198.27,2.97,B
5,SA919X7XB05691-A96204B-R39-C68,239.41,2.93,B
5,SA919X7XB05691-A96204B-R40-C11,184.97,2.99,B
5,SA919X7XB05691-A96204B-R40-C13,231.27,2.94,B
5,SA919X7XB05691-A96204B-R40-C17,318.4,2.97,B
5,SA919X7XB05691-A96204B-R40-C37,179.39,2.89,B
5,SA919X7XB05691-A96204B-R40-C50,180.54,2.97,B
5,SA919X7XB05691-A96204B-R40-C60,224.94,2.99,B
5,SA919X7XB05691-A96204B-R40-C63,226.54,3.05,B
5,SA919X7XB05691-A96204B-R40-C64,203.24,3.07,B
5,SA919X7XB05691-A96204B-R40-C68,211.7,3.04,B
5,SA919X7XB05691-A96204B-R42-C07,214.84,3.01,B
5,SA919X7XB05691-A96204B-R42-C10,152.99,3.03,B
5,SA919X7XB05691-A96204B-R42-C12,296.57,3.12,B
5,SA919X7XB05691-A96204B-R42-C14,195.09,2.97,B
5,SA919X7XB05691-A96204B-R42-C16,240.84,2.95,B
5,SA919X7XB05691-A96204B-R42-C26,190.31,3,B
5,SA919X7XB05691-A96204B-R42-C31,222.94,2.99,B
5,SA919X7XB05691-A96204B-R42-C32,315.56,2.97,B
5,SA919X7XB05691-A96204B-R42-C33,163.91,2.98,B
5,SA919X7XB05691-A96204B-R42-C35,191.56,2.89,B
5,SA919X7XB05691-A96204B-R42-C36,168.43,3.02,B
5,SA919X7XB05691-A96204B-R42-C37,176.81,2.82,B
5,SA919X7XB05691-A96204B-R42-C38,180.89,3.03,B
5,SA919X7XB05691-A96204B-R42-C39,174.6,2.87,B
5,SA919X7XB05691-A96204B-R42-C42,207.57,2.96,B
5,SA919X7XB05691-A96204B-R42-C43,318.36,2.99,B
5,SA919X7XB05691-A96204B-R42-C44,247.2,2.91,B
5,SA919X7XB05691-A96204B-R42-C49,207.71,2.93,B
5,SA919X7XB05691-A96204B-R42-C51,175.04,3.08,B
5,SA919X7XB05691-A96204B-R42-C52,176.19,2.99,B
5,SA919X7XB05691-A96204B-R42-C54,202.36,3.01,B
5,SA919X7XB05691-A96204B-R42-C55,172.19,2.97,B
5,SA919X7XB05691-A96204B-R42-C56,190.44,3.14,B
5,SA919X7XB05691-A96204B-R42-C57,235.46,2.9,B
5,SA919X7XB05691-A96204B-R42-C59,206.4,2.98,B
5,SA919X7XB05691-A96204B-R42-C60,205.36,2.91,B
5,SA919X7XB05691-A96204B-R42-C61,214.89,2.99,B
5,SA919X7XB05691-A96204B-R42-C63,226.51,2.95,B
5,SA919X7XB05691-A96204B-R42-C66,214.66,3.02,B
5,SA919X7XB05691-A96204B-R42-C67,183.2,2.92,B
5,SA919X7XB05691-A96204B-R42-C69,241.06,2.97,B
5,SA919X7XB05691-A96204B-R42-C70,200.51,3.06,B
5,SA919X7XB05691-A96204B-R43-C07,154.56,2.94,B
5,SA919X7XB05691-A96204B-R43-C09,170.4,2.99,B
5,SA919X7XB05691-A96204B-R43-C11,126.24,2.9,B
5,SA919X7XB05691-A96204B-R43-C12,159.06,3.02,B
5,SA919X7XB05691-A96204B-R43-C13,198.49,3.08,B
5,SA919X7XB05691-A96204B-R43-C14,148.6,2.92,B
5,SA919X7XB05691-A96204B-R43-C19,147.69,2.99,B
5,SA919X7XB05691-A96204B-R43-C20,172.8,2.98,B
5,SA919X7XB05691-A96204B-R43-C21,163.13,3.08,B
5,SA919X7XB05691-A96204B-R43-C23,164.93,2.97,B
5,SA919X7XB05691-A96204B-R43-C25,188.57,3.03,B
5,SA919X7XB05691-A96204B-R43-C28,182.43,3.03,B
5,SA919X7XB05691-A96204B-R43-C31,173.13,3.08,B
5,SA919X7XB05691-A96204B-R43-C32,157.41,3.02,B
5,SA919X7XB05691-A96204B-R43-C33,127.66,2.96,B
5,SA919X7XB05691-A96204B-R43-C34,90.1,2.97,B
5,SA919X7XB05691-A96204B-R43-C35,149.36,2.96,B
5,SA919X7XB05691-A96204B-R43-C36,92.07,3.04,B
5,SA919X7XB05691-A96204B-R43-C37,148.79,3.01,B
5,SA919X7XB05691-A96204B-R43-C42,151.94,2.97,B
5,SA919X7XB05691-A96204B-R43-C43,149.86,3.01,B
5,SA919X7XB05691-A96204B-R43-C44,184.11,2.98,B
5,SA919X7XB05691-A96204B-R43-C45,119.74,3.02,B
5,SA919X7XB05691-A96204B-R43-C46,166.9,2.99,B
5,SA919X7XB05691-A96204B-R43-C47,177.03,3.01,B
5,SA919X7XB05691-A96204B-R43-C48,166.36,2.95,B
5,SA919X7XB05691-A96204B-R43-C49,206.57,3,B
5,SA919X7XB05691-A96204B-R43-C54,150.94,3.09,B
5,SA919X7XB05691-A96204B-R43-C55,156.01,2.93,B
5,SA919X7XB05691-A96204B-R43-C56,155.23,3.04,B
5,SA919X7XB05691-A96204B-R43-C58,131.1,3.06,B
5,SA919X7XB05691-A96204B-R43-C59,101.1,3.02,B
5,SA919X7XB05691-A96204B-R43-C60,169.6,2.97,B
5,SA919X7XB05691-A96204B-R43-C63,145.11,3.05,B
5,SA919X7XB05691-A96204B-R43-C66,213.81,3,B
5,SA919X7XB05691-A96204B-R43-C67,173.11,2.92,B
5,SA919X7XB05691-A96204B-R43-C68,105.13,3.09,B
5,SA919X7XB05691-A96204B-R43-C70,90.87,3.09,B
5,SA919X7XB05691-A96204B-R44-C10,142.63,2.96,B
5,SA919X7XB05691-A96204B-R44-C14,166.57,3.03,B
5,SA919X7XB05691-A96204B-R44-C17,189.89,2.92,B
5,SA919X7XB05691-A96204B-R44-C18,147.61,3,B
5,SA919X7XB05691-A96204B-R44-C20,175.39,2.95,B
5,SA919X7XB05691-A96204B-R44-C23,184.44,3,B
5,SA919X7XB05691-A96204B-R44-C27,143.94,2.93,B
5,SA919X7XB05691-A96204B-R44-C28,182.77,2.97,B
5,SA919X7XB05691-A96204B-R44-C29,143.4,2.97,B
5,SA919X7XB05691-A96204B-R44-C31,197.26,2.97,B
5,SA919X7XB05691-A96204B-R44-C32,193.2,3.06,B
5,SA919X7XB05691-A96204B-R44-C35,167.39,2.98,B
5,SA919X7XB05691-A96204B-R44-C36,105.84,2.93,B
5,SA919X7XB05691-A96204B-R44-C37,143.84,3.07,B
5,SA919X7XB05691-A96204B-R44-C39,174.99,2.9,B
5,SA919X7XB05691-A96204B-R44-C40,187.2,3.08,B
5,SA919X7XB05691-A96204B-R44-C42,235.84,3.11,B
5,SA919X7XB05691-A96204B-R44-C44,187.29,2.98,B
5,SA919X7XB05691-A96204B-R44-C46,177.2,2.94,B
5,SA919X7XB05691-A96204B-R44-C50,144.13,2.95,B
5,SA919X7XB05691-A96204B-R44-C52,150.54,2.93,B
5,SA919X7XB05691-A96204B-R44-C59,164.64,3.06,B
5,SA919X7XB05691-A96204B-R44-C68,126.59,2.75,B
5,SA919X7XB05691-A96204B-R44-C69,138.29,2.95,B
5,SA919X7XB05691-A96204B-R44-C70,197.96,3.04,B
5,SA919X7XB05691-A96204B-R45-C10,119.79,2.92,B
5,SA919X7XB05691-A96204B-R45-C12,175.57,2.95,B
5,SA919X7XB05691-A96204B-R45-C13,294.37,3.06,B
5,SA919X7XB05691-A96204B-R45-C14,239.37,3,B
5,SA919X7XB05691-A96204B-R45-C16,164,3.07,B
5,SA919X7XB05691-A96204B-R45-C17,185.66,2.9,B
5,SA919X7XB05691-A96204B-R45-C18,130.07,3.05,B
5,SA919X7XB05691-A96204B-R45-C19,196.5,3.03,B
5,SA919X7XB05691-A96204B-R45-C20,147.31,2.81,B
5,SA919X7XB05691-A96204B-R45-C21,124.04,3.03,B
5,SA919X7XB05691-A96204B-R45-C24,207.09,3.05,B
5,SA919X7XB05691-A96204B-R45-C25,176.23,2.97,B
5,SA919X7XB05691-A96204B-R45-C27,127.16,3.12,B
5,SA919X7XB05691-A96204B-R45-C31,169.9,3.01,B
5,SA919X7XB05691-A96204B-R45-C32,186.39,2.99,B
5,SA919X7XB05691-A96204B-R45-C33,123.61,2.98,B
5,SA919X7XB05691-A96204B-R45-C36,93.89,2.97,B
5,SA919X7XB05691-A96204B-R45-C38,151.06,3.1,B
5,SA919X7XB05691-A96204B-R45-C39,252.51,3.11,B
5,SA919X7XB05691-A96204B-R45-C40,173.06,2.99,B
5,SA919X7XB05691-A96204B-R45-C43,176.43,2.94,B
5,SA919X7XB05691-A96204B-R45-C47,167.61,2.88,B
5,SA919X7XB05691-A96204B-R45-C51,152.7,2.94,B
5,SA919X7XB05691-A96204B-R45-C61,174.13,3,B
5,SA919X7XB05691-A96204B-R45-C62,172.57,3.03,B
5,SA919X7XB05691-A96204B-R45-C63,198.07,2.97,B
5,SA919X7XB05691-A96204B-R45-C64,152.56,3.07,B
5,SA919X7XB05691-A96204B-R45-C66,182.1,3.03,B
5,SA919X7XB05691-A96204B-R45-C67,150.66,3,B
5,SA919X7XB05691-A96204B-R45-C69,140.56,3,B
5,SA919X7XB05691-A96204B-R46-C30,194,2.9,B
5,SA919X7XB05691-A96204B-R46-C31,215.29,2.97,B
5,SA919X7XB05691-A96204B-R46-C33,132.14,2.98,B
5,SA919X7XB05691-A96204B-R46-C36,132.01,3,B
5,SA919X7XB05691-A96204B-R46-C38,180.19,2.94,B
5,SA919X7XB05691-A96204B-R46-C41,227.44,2.96,B
5,SA919X7XB05691-A96204B-R46-C47,215.57,3.07,B
5,SA919X7XB05691-A96204B-R46-C49,177.3,2.88,B
5,SA919X7XB05691-A96204B-R46-C52,190.84,3.02,B
5,SA919X7XB05691-A96204B-R46-C56,228.17,2.98,B
5,SA919X7XB05691-A96204B-R46-C57,218.41,2.9,B
5,SA919X7XB05691-A96204B-R46-C59,210.64,3.03,B
5,SA919X7XB05691-A96204B-R46-C62,165,2.95,B
5,SA919X7XB05691-A96204B-R46-C66,222.79,3.04,B
5,SA919X7XB05691-A96204B-R46-C67,159.69,2.89,B
5,SA919X7XB05691-A96204B-R46-C68,210.86,3.04,B
5,SA919X7XB05691-A96204B-R46-C70,211.49,3.01,B
5,SA919X7XB05691-A96204B-R47-C08,141.4,3.01,B
5,SA919X7XB05691-A96204B-R47-C11,145.53,2.98,B
5,SA919X7XB05691-A96204B-R47-C13,235.64,2.98,B
5,SA919X7XB05691-A96204B-R47-C14,145.87,2.97,B
5,SA919X7XB05691-A96204B-R47-C17,164.74,2.93,B
5,SA919X7XB05691-A96204B-R47-C20,159.23,2.97,B
5,SA919X7XB05691-A96204B-R47-C21,123.81,2.97,B
5,SA919X7XB05691-A96204B-R47-C22,148.9,2.88,B
5,SA919X7XB05691-A96204B-R47-C24,254.11,2.97,B
5,SA919X7XB05691-A96204B-R47-C28,152.53,2.91,B
5,SA919X7XB05691-A96204B-R47-C30,135.06,2.89,B
5,SA919X7XB05691-A96204B-R47-C31,153.1,2.97,B
5,SA919X7XB05691-A96204B-R47-C32,154.37,2.99,B
5,SA919X7XB05691-A96204B-R47-C33,135.63,3.02,B
5,SA919X7XB05691-A96204B-R47-C35,137.63,2.98,B
5,SA919X7XB05691-A96204B-R47-C40,137,2.95,B
5,SA919X7XB05691-A96204B-R47-C41,138.46,3.02,B
5,SA919X7XB05691-A96204B-R47-C42,152.33,2.93,B
5,SA919X7XB05691-A96204B-R47-C45,112.83,3.11,B
5,SA919X7XB05691-A96204B-R47-C46,171.39,3.03,B
5,SA919X7XB05691-A96204B-R47-C47,155.29,2.97,B
5,SA919X7XB05691-A96204B-R47-C48,149.43,2.9,B
5,SA919X7XB05691-A96204B-R47-C49,190.11,2.95,B
5,SA919X7XB05691-A96204B-R47-C50,136.67,3.01,B
5,SA919X7XB05691-A96204B-R47-C52,93.87,3.07,B
5,SA919X7XB05691-A96204B-R47-C59,157.57,2.94,B
5,SA919X7XB05691-A96204B-R47-C64,131.5,2.88,B
5,SA919X7XB05691-A96204B-R47-C65,111.06,3.07,B
5,SA919X7XB05691-A96204B-R47-C66,103.61,3.03,B
5,SA919X7XB05691-A96204B-R47-C67,141.87,3.02,B
5,SA919X7XB05691-A96204B-R47-C69,103.84,2.86,B
5,SA919X7XB05691-A96204B-R47-C70,217.11,2.97,B
5,SA919X7XB05691-A96204B-R48-C09,186.4,2.93,B
5,SA919X7XB05691-A96204B-R48-C10,153.61,2.97,B
5,SA919X7XB05691-A96204B-R48-C11,173.11,2.94,B
5,SA919X7XB05691-A96204B-R48-C12,181.37,2.97,B
5,SA919X7XB05691-A96204B-R48-C14,185.81,3.04,B
5,SA919X7XB05691-A96204B-R48-C15,212.64,3.01,B
5,SA919X7XB05691-A96204B-R48-C19,228.81,2.97,B
5,SA919X7XB05691-A96204B-R48-C21,185.7,3.03,B
5,SA919X7XB05691-A96204B-R48-C22,199.24,3.03,B
5,SA919X7XB05691-A96204B-R48-C23,221.94,2.98,B
5,SA919X7XB05691-A96204B-R48-C28,204.67,3.06,B
5,SA919X7XB05691-A96204B-R48-C30,166.59,2.93,B
5,SA919X7XB05691-A96204B-R48-C34,108.39,2.94,B
5,SA919X7XB05691-A96204B-R48-C35,176.73,2.82,B
5,SA919X7XB05691-A96204B-R48-C38,160.56,3.02,B
5,SA919X7XB05691-A96204B-R48-C43,201.04,2.99,B
5,SA919X7XB05691-A96204B-R48-C48,188.93,2.88,B
5,SA919X7XB05691-A96204B-R48-C51,217.44,3.08,B
5,SA919X7XB05691-A96204B-R48-C55,177.09,2.87,B
5,SA919X7XB05691-A96204B-R48-C56,188.84,2.9,B
5,SA919X7XB05691-A96204B-R48-C57,198.79,2.92,B
5,SA919X7XB05691-A96204B-R48-C58,153.5,3.02,B
5,SA919X7XB05691-A96204B-R48-C60,240.6,3.02,B
5,SA919X7XB05691-A96204B-R49-C12,155.4,3.04,B
5,SA919X7XB05691-A96204B-R49-C17,183.96,3,B
5,SA919X7XB05691-A96204B-R49-C21,143.93,2.98,B
5,SA919X7XB05691-A96204B-R49-C24,217.56,2.94,B
5,SA919X7XB05691-A96204B-R49-C25,131.09,2.97,B
5,SA919X7XB05691-A96204B-R49-C28,173.31,3.02,B
5,SA919X7XB05691-A96204B-R49-C31,192.41,3.02,B
5,SA919X7XB05691-A96204B-R49-C32,174.17,2.96,B
5,SA919X7XB05691-A96204B-R49-C33,115.53,2.94,B
5,SA919X7XB05691-A96204B-R49-C35,173.44,3.02,B
5,SA919X7XB05691-A96204B-R49-C36,88,3.02,B
5,SA919X7XB05691-A96204B-R49-C37,149.71,3.11,B
5,SA919X7XB05691-A96204B-R49-C40,215.27,2.99,B
5,SA919X7XB05691-A96204B-R49-C42,157.07,2.98,B
5,SA919X7XB05691-A96204B-R49-C44,184.67,2.99,B
5,SA919X7XB05691-A96204B-R49-C46,148.19,2.99,B
5,SA919X7XB05691-A96204B-R49-C48,167.47,2.97,B
5,SA919X7XB05691-A96204B-R49-C50,139.67,2.94,B
5,SA919X7XB05691-A96204B-R49-C51,152.5,2.99,B
5,SA919X7XB05691-A96204B-R49-C69,177.81,3.07,B
5,SA919X7XB05691-A96204B-R50-C07,207.73,2.94,B
5,SA919X7XB05691-A96204B-R50-C08,163.03,2.95,B
5,SA919X7XB05691-A96204B-R50-C12,166.16,3.08,B
5,SA919X7XB05691-A96204B-R50-C17,178.89,2.93,B
5,SA919X7XB05691-A96204B-R50-C18,113.73,3,B
5,SA919X7XB05691-A96204B-R50-C20,132.46,2.78,B
5,SA919X7XB05691-A96204B-R50-C24,235.01,2.99,B
5,SA919X7XB05691-A96204B-R50-C26,132.41,2.85,B
5,SA919X7XB05691-A96204B-R50-C27,112.36,3.1,B
5,SA919X7XB05691-A96204B-R50-C28,156.96,2.88,B
5,SA919X7XB05691-A96204B-R50-C29,154.01,2.96,B
5,SA919X7XB05691-A96204B-R50-C31,150.14,2.9,B
5,SA919X7XB05691-A96204B-R50-C32,149.83,2.91,B
5,SA919X7XB05691-A96204B-R50-C35,153.57,2.92,B
5,SA919X7XB05691-A96204B-R50-C37,122.99,3.05,B
5,SA919X7XB05691-A96204B-R50-C38,122.34,2.98,B
5,SA919X7XB05691-A96204B-R50-C41,143.33,2.99,B
5,SA919X7XB05691-A96204B-R50-C46,169.14,3.01,B
5,SA919X7XB05691-A96204B-R50-C48,142.14,3.08,B
5,SA919X7XB05691-A96204B-R50-C54,146.5,2.96,B
5,SA919X7XB05691-A96204B-R50-C60,172.11,2.91,B
5,SA919X7XB05691-A96204B-R50-C67,98.33,3.19,B
5,SA919X7XB05691-A96204B-R50-C68,115.06,2.99,B
5,SA919X7XB05691-A96204B-R51-C13,225.03,2.96,B
5,SA919X7XB05691-A96204B-R51-C15,182.91,3.01,B
5,SA919X7XB05691-A96204B-R51-C18,122.84,3.02,B
5,SA919X7XB05691-A96204B-R51-C19,116.66,2.99,B
5,SA919X7XB05691-A96204B-R51-C21,133.46,3.01,B
5,SA919X7XB05691-A96204B-R51-C24,181.56,3.01,B
5,SA919X7XB05691-A96204B-R51-C25,171.91,2.95,B
5,SA919X7XB05691-A96204B-R51-C26,162.4,3.02,B
5,SA919X7XB05691-A96204B-R51-C27,101.79,2.88,B
5,SA919X7XB05691-A96204B-R51-C28,155.36,2.95,B
5,SA919X7XB05691-A96204B-R51-C29,122.03,2.8,B
5,SA919X7XB05691-A96204B-R51-C30,137.69,3.03,B
5,SA919X7XB05691-A96204B-R51-C35,161.31,3.09,B
5,SA919X7XB05691-A96204B-R51-C38,89.33,3.01,B
5,SA919X7XB05691-A96204B-R51-C39,147.6,2.97,B
5,SA919X7XB05691-A96204B-R51-C40,158.36,3.03,B
5,SA919X7XB05691-A96204B-R51-C41,158.07,2.99,B
5,SA919X7XB05691-A96204B-R51-C42,147.09,3.04,B
5,SA919X7XB05691-A96204B-R51-C43,144.84,2.92,B
5,SA919X7XB05691-A96204B-R51-C45,83.67,2.85,B
5,SA919X7XB05691-A96204B-R51-C47,145.07,2.92,B
5,SA919X7XB05691-A96204B-R51-C50,112.64,3.11,B
5,SA919X7XB05691-A96204B-R51-C52,108.73,3.04,B
5,SA919X7XB05691-A96204B-R51-C57,141.66,3.05,B
5,SA919X7XB05691-A96204B-R51-C58,104.44,2.96,B
5,SA919X7XB05691-A96204B-R51-C59,123.77,3.02,B
5,SA919X7XB05691-A96204B-R51-C65,99.29,3.01,B
5,SA919X7XB05691-A96204B-R51-C66,83.89,2.98,B
5,SA919X7XB05691-A96204B-R51-C70,131.8,2.97,B
5,SA919X7XB05691-A96204B-R52-C12,179.4,3,B
5,SA919X7XB05691-A96204B-R52-C14,184.8,3.07,B
5,SA919X7XB05691-A96204B-R52-C15,179,2.94,B
5,SA919X7XB05691-A96204B-R52-C16,184.07,2.96,B
5,SA919X7XB05691-A96204B-R52-C19,140.87,2.9,B
5,SA919X7XB05691-A96204B-R52-C22,157.33,2.92,B
5,SA919X7XB05691-A96204B-R52-C24,208.07,3,B
5,SA919X7XB05691-A96204B-R52-C27,122.1,2.91,B
5,SA919X7XB05691-A96204B-R52-C29,169.91,2.98,B
5,SA919X7XB05691-A96204B-R52-C30,162.3,3.03,B
5,SA919X7XB05691-A96204B-R52-C31,198.9,2.95,B
5,SA919X7XB05691-A96204B-R52-C32,181.47,3.01,B
5,SA919X7XB05691-A96204B-R52-C35,175.71,2.93,B
5,SA919X7XB05691-A96204B-R52-C38,150.8,3.02,B
5,SA919X7XB05691-A96204B-R52-C39,190.73,3.05,B
5,SA919X7XB05691-A96204B-R52-C40,163.54,2.97,B
5,SA919X7XB05691-A96204B-R52-C41,187.26,3.04,B
5,SA919X7XB05691-A96204B-R52-C42,172.03,3.01,B
5,SA919X7XB05691-A96204B-R52-C47,175.19,2.87,B
5,SA919X7XB05691-A96204B-R52-C48,177.41,3.06,B
5,SA919X7XB05691-A96204B-R52-C49,160.06,3.02,B
5,SA919X7XB05691-A96204B-R52-C51,161.21,2.97,B
5,SA919X7XB05691-A96204B-R52-C52,129.11,2.88,B
5,SA919X7XB05691-A96204B-R52-C54,203.97,3.22,B
5,SA919X7XB05691-A96204B-R52-C56,211.31,3.12,B
5,SA919X7XB05691-A96204B-R52-C57,167.13,2.93,B
5,SA919X7XB05691-A96204B-R52-C59,230.69,3.07,B
5,SA919X7XB05691-A96204B-R52-C61,170.63,2.96,B
5,SA919X7XB05691-A96204B-R52-C64,154.16,3.03,B
5,SA919X7XB05691-A96204B-R52-C68,89.59,3.17,B
5,SA919X7XB05691-A96204B-R52-C69,148.81,2.97,B
5,SA919X7XB05691-A96204B-R53-C08,188.97,3.08,B
5,SA919X7XB05691-A96204B-R53-C11,189.8,3.04,B
5,SA919X7XB05691-A96204B-R53-C12,145.1,2.98,B
5,SA919X7XB05691-A96204B-R53-C14,219.6,2.96,B
5,SA919X7XB05691-A96204B-R53-C16,233.36,2.99,B
5,SA919X7XB05691-A96204B-R53-C17,226.56,2.97,B
5,SA919X7XB05691-A96204B-R53-C18,193.66,2.94,B
5,SA919X7XB05691-A96204B-R53-C19,169.61,2.91,B
5,SA919X7XB05691-A96204B-R53-C20,171.89,2.83,B
5,SA919X7XB05691-A96204B-R53-C21,206.71,2.95,B
5,SA919X7XB05691-A96204B-R53-C24,200.74,2.92,B
5,SA919X7XB05691-A96204B-R53-C26,178.24,2.99,B
5,SA919X7XB05691-A96204B-R53-C28,268.5,2.97,B
5,SA919X7XB05691-A96204B-R53-C29,206.43,3,B
5,SA919X7XB05691-A96204B-R53-C30,209.24,2.97,B
5,SA919X7XB05691-A96204B-R53-C31,244.43,2.99,B
5,SA919X7XB05691-A96204B-R53-C34,136.04,2.96,B
5,SA919X7XB05691-A96204B-R53-C35,202.34,2.95,B
5,SA919X7XB05691-A96204B-R53-C36,112.66,2.85,B
5,SA919X7XB05691-A96204B-R53-C37,179.2,2.96,B
5,SA919X7XB05691-A96204B-R53-C39,204.87,2.94,B
5,SA919X7XB05691-A96204B-R53-C40,184.53,2.9,B
5,SA919X7XB05691-A96204B-R53-C41,214.27,3.05,B
5,SA919X7XB05691-A96204B-R53-C43,207.99,2.99,B
5,SA919X7XB05691-A96204B-R53-C47,205.56,2.92,B
5,SA919X7XB05691-A96204B-R53-C50,184.86,2.98,B
5,SA919X7XB05691-A96204B-R53-C54,174.09,2.86,B
5,SA919X7XB05691-A96204B-R53-C59,138.93,2.97,B
5,SA919X7XB05691-A96204B-R53-C67,139.03,2.95,B
5,SA919X7XB05691-A96204B-R53-C68,153.86,2.89,B
5,SA919X7XB05691-A96204B-R53-C69,151.31,2.95,B
5,SA919X7XB05691-A96204B-R54-C09,159.84,2.94,B
5,SA919X7XB05691-A96204B-R54-C10,118.3,3.02,B
5,SA919X7XB05691-A96204B-R54-C12,159.93,2.89,B
5,SA919X7XB05691-A96204B-R54-C14,166.01,3,B
5,SA919X7XB05691-A96204B-R54-C15,184.74,2.94,B
5,SA919X7XB05691-A96204B-R54-C18,124.69,3.09,B
5,SA919X7XB05691-A96204B-R54-C19,141.59,3.11,B
5,SA919X7XB05691-A96204B-R54-C22,142.56,2.98,B
5,SA919X7XB05691-A96204B-R54-C27,105.86,2.95,B
5,SA919X7XB05691-A96204B-R54-C28,191.09,3.01,B
5,SA919X7XB05691-A96204B-R54-C31,173.67,2.91,B
5,SA919X7XB05691-A96204B-R54-C32,198.79,3.14,B
5,SA919X7XB05691-A96204B-R54-C33,120.69,3.09,B
5,SA919X7XB05691-A96204B-R54-C35,168.56,3.03,B
5,SA919X7XB05691-A96204B-R54-C36,88.27,2.97,B
5,SA919X7XB05691-A96204B-R54-C37,134.93,2.81,B
5,SA919X7XB05691-A96204B-R54-C38,133.27,2.79,B
5,SA919X7XB05691-A96204B-R54-C39,173.11,2.96,B
5,SA919X7XB05691-A96204B-R54-C41,163.77,2.97,B
5,SA919X7XB05691-A96204B-R54-C42,174.17,2.93,B
5,SA919X7XB05691-A96204B-R54-C44,185.21,2.98,B
5,SA919X7XB05691-A96204B-R54-C46,145.34,2.88,B
5,SA919X7XB05691-A96204B-R54-C47,202.8,2.99,B
5,SA919X7XB05691-A96204B-R54-C55,135.86,2.97,B
5,SA919X7XB05691-A96204B-R54-C59,144.99,2.94,B
5,SA919X7XB05691-A96204B-R54-C60,135.44,3.04,B
5,SA919X7XB05691-A96204B-R54-C61,162.07,3.09,B
5,SA919X7XB05691-A96204B-R54-C63,169.74,3.11,B
5,SA919X7XB05691-A96204B-R54-C64,167.39,2.97,B
5,SA919X7XB05691-A96204B-R54-C69,146.71,3.05,B
5,SA919X7XB05691-A96204B-R55-C08,170.37,2.97,B
5,SA919X7XB05691-A96204B-R55-C09,161.73,3,B
5,SA919X7XB05691-A96204B-R55-C11,138.71,2.95,B
5,SA919X7XB05691-A96204B-R55-C13,199.09,2.98,B
5,SA919X7XB05691-A96204B-R55-C15,161.69,3.09,B
5,SA919X7XB05691-A96204B-R55-C20,161.74,3.01,B
5,SA919X7XB05691-A96204B-R55-C21,147.8,2.88,B
5,SA919X7XB05691-A96204B-R55-C27,111.76,2.98,B
5,SA919X7XB05691-A96204B-R55-C31,166.06,2.95,B
5,SA919X7XB05691-A96204B-R55-C32,168.31,2.92,B
5,SA919X7XB05691-A96204B-R55-C35,170.93,3.03,B
5,SA919X7XB05691-A96204B-R55-C37,149.44,2.98,B
5,SA919X7XB05691-A96204B-R55-C39,200.54,3.07,B
5,SA919X7XB05691-A96204B-R55-C41,170.26,3.03,B
5,SA919X7XB05691-A96204B-R55-C43,177.09,3,B
5,SA919X7XB05691-A96204B-R55-C46,146.73,2.88,B
5,SA919X7XB05691-A96204B-R55-C51,140.57,3,B
5,SA919X7XB05691-A96204B-R55-C52,111.11,3.01,B
5,SA919X7XB05691-A96204B-R55-C57,138.11,2.97,B
5,SA919X7XB05691-A96204B-R55-C58,120.66,3.05,B
5,SA919X7XB05691-A96204B-R55-C59,138.6,2.81,B
5,SA919X7XB05691-A96204B-R55-C61,146.64,2.98,B
5,SA919X7XB05691-A96204B-R55-C66,111.37,2.98,B
5,SA919X7XB05691-A96204B-R56-C12,168.61,3.09,B
5,SA919X7XB05691-A96204B-R56-C14,180.36,3.01,B
5,SA919X7XB05691-A96204B-R56-C15,174.77,3.08,B
5,SA919X7XB05691-A96204B-R56-C16,187.79,3.03,B
5,SA919X7XB05691-A96204B-R56-C22,148.21,2.96,B
5,SA919X7XB05691-A96204B-R56-C26,135.37,2.92,B
5,SA919X7XB05691-A96204B-R56-C27,126.7,2.85,B
5,SA919X7XB05691-A96204B-R56-C28,175.04,3.02,B
5,SA919X7XB05691-A96204B-R56-C29,157.1,2.92,B
5,SA919X7XB05691-A96204B-R56-C30,147.46,2.95,B
5,SA919X7XB05691-A96204B-R56-C31,184.46,2.92,B
5,SA919X7XB05691-A96204B-R56-C32,176.69,2.96,B
5,SA919X7XB05691-A96204B-R56-C40,171.19,2.98,B
5,SA919X7XB05691-A96204B-R56-C43,174.16,3.02,B
5,SA919X7XB05691-A96204B-R56-C44,200.91,3.14,B
5,SA919X7XB05691-A96204B-R56-C48,173.96,3.01,B
5,SA919X7XB05691-A96204B-R56-C49,154.5,3.09,B
5,SA919X7XB05691-A96204B-R56-C51,147.03,3.05,B
5,SA919X7XB05691-A96204B-R56-C54,100.13,3.15,B
5,SA919X7XB05691-A96204B-R56-C55,148.5,3.07,B
5,SA919X7XB05691-A96204B-R56-C57,110.6,2.9,B
5,SA919X7XB05691-A96204B-R56-C64,159.87,2.86,B
5,SA919X7XB05691-A96204B-R57-C08,171.97,2.98,B
5,SA919X7XB05691-A96204B-R57-C09,177.13,2.98,B
5,SA919X7XB05691-A96204B-R57-C11,137.74,3.02,B
5,SA919X7XB05691-A96204B-R57-C13,211.16,3.03,B
5,SA919X7XB05691-A96204B-R57-C24,245.13,2.99,B
5,SA919X7XB05691-A96204B-R57-C26,137.99,2.85,A
5,SA919X7XB05691-A96204B-R57-C29,143.49,2.91,B
5,SA919X7XB05691-A96204B-R57-C31,184.49,2.97,B
5,SA919X7XB05691-A96204B-R57-C33,118.2,2.97,B
5,SA919X7XB05691-A96204B-R57-C41,150.46,2.87,B
5,SA919X7XB05691-A96204B-R57-C42,172.2,2.99,B
5,SA919X7XB05691-A96204B-R57-C43,175.11,2.92,B
5,SA919X7XB05691-A96204B-R57-C50,118.19,3.07,B
5,SA919X7XB05691-A96204B-R57-C55,163.04,2.99,B
5,SA919X7XB05691-A96204B-R57-C56,162.1,2.99,B
5,SA919X7XB05691-A96204B-R57-C59,153.81,3.03,B
5,SA919X7XB05691-A96204B-R57-C60,150.33,2.66,B
5,SA919X7XB05691-A96204B-R57-C63,157.07,2.91,B
5,SA919X7XB05691-A96204B-R57-C64,176.11,2.95,B
5,SA919X7XB05691-A96204B-R57-C69,142.46,3.05,B
5,SA919X7XB05691-A96204B-R58-C08,132.94,2.98,B
5,SA919X7XB05691-A96204B-R58-C10,88.1,2.95,B
5,SA919X7XB05691-A96204B-R58-C11,108.1,2.99,B
5,SA919X7XB05691-A96204B-R58-C16,135.7,2.98,B
5,SA919X7XB05691-A96204B-R58-C17,125.44,2.96,B
5,SA919X7XB05691-A96204B-R58-C19,101,2.99,B
5,SA919X7XB05691-A96204B-R58-C25,136.34,2.9,B
5,SA919X7XB05691-A96204B-R58-C26,102.99,3.1,B
5,SA919X7XB05691-A96204B-R58-C27,83.03,2.9,B
5,SA919X7XB05691-A96204B-R58-C28,140.47,3.09,B
5,SA919X7XB05691-A96204B-R58-C30,110.84,2.94,B
5,SA919X7XB05691-A96204B-R58-C40,114,3.02,B
5,SA919X7XB05691-A96204B-R58-C46,145.76,2.96,B
5,SA919X7XB05691-A96204B-R58-C49,101.24,3.01,B
5,SA919X7XB05691-A96204B-R58-C54,122.09,2.97,B
5,SA919X7XB05691-A96204B-R58-C58,97.86,2.86,B
5,SA919X7XB05691-A96204B-R58-C63,103.11,2.94,B
5,SA919X7XB05691-A96204B-R58-C64,126.41,3.08,B
5,SA919X7XB05691-A96204B-R59-C13,138.57,2.96,B
5,SA919X7XB05691-A96204B-R59-C14,131.44,2.92,B
5,SA919X7XB05691-A96204B-R59-C19,114.41,3.08,B
5,SA919X7XB05691-A96204B-R59-C22,112.94,3.01,B
5,SA919X7XB05691-A96204B-R59-C26,122.54,3.18,B
5,SA919X7XB05691-A96204B-R59-C31,134.99,2.97,B
5,SA919X7XB05691-A96204B-R59-C39,146.33,3.05,B
5,SA919X7XB05691-A96204B-R59-C40,126.96,2.96,B
5,SA919X7XB05691-A96204B-R59-C46,137.11,3,B
5,SA919X7XB05691-A96204B-R59-C47,120.83,2.82,B
5,SA919X7XB05691-A96204B-R59-C50,114.41,3.07,B
5,SA919X7XB05691-A96204B-R59-C57,143.39,2.97,B
5,SA919X7XB05691-A96204B-R59-C58,109.66,2.97,B
5,SA919X7XB05691-A96204B-R59-C59,117.14,3,B
5,SA919X7XB05691-A96204B-R59-C69,175.99,3.1,B
5,SA919X7XB05691-A96204B-R60-C09,144.53,2.9,B
5,SA919X7XB05691-A96204B-R60-C11,110.69,2.93,B
5,SA919X7XB05691-A96204B-R60-C15,140.16,3.03,B
5,SA919X7XB05691-A96204B-R60-C23,133.03,2.88,B
5,SA919X7XB05691-A96204B-R60-C25,149.56,2.96,A
5,SA919X7XB05691-A96204B-R60-C26,115.86,2.97,B
5,SA919X7XB05691-A96204B-R60-C27,122.91,3.02,B
5,SA919X7XB05691-A96204B-R60-C30,122.7,3.05,B
5,SA919X7XB05691-A96204B-R60-C32,135.59,2.99,B
5,SA919X7XB05691-A96204B-R60-C38,110.11,2.92,B
5,SA919X7XB05691-A96204B-R60-C42,153.9,3.05,B
5,SA919X7XB05691-A96204B-R60-C46,155.37,3,B
5,SA919X7XB05691-A96204B-R60-C63,108.29,2.82,B
7,SA919X4XB40509-A98217A-R03-C08,109.87,1.93,A
7,SA919X4XB40509-A98217A-R03-C09,87.55,2,A
7,SA919X4XB40509-A98217A-R03-C11,84.67,1.92,A
7,SA919X4XB40509-A98217A-R03-C13,135.91,2.16,A
7,SA919X4XB40509-A98217A-R03-C17,91.84,2.01,A
7,SA919X4XB40509-A98217A-R03-C19,90.76,1.91,A
7,SA919X4XB40509-A98217A-R03-C22,68.84,1.99,A
7,SA919X4XB40509-A98217A-R03-C23,112.11,2.06,A
7,SA919X4XB40509-A98217A-R03-C24,98.17,2.03,A
7,SA919X4XB40509-A98217A-R03-C30,119.52,2.05,A
7,SA919X4XB40509-A98217A-R03-C34,63.95,2.04,A
7,SA919X4XB40509-A98217A-R03-C35,95.77,1.95,A
7,SA919X4XB40509-A98217A-R03-C41,84.57,2.01,A
7,SA919X4XB40509-A98217A-R03-C43,124.47,2.07,A
7,SA919X4XB40509-A98217A-R03-C54,98.72,2.04,A
7,SA919X4XB40509-A98217A-R03-C55,85.14,2.01,A
7,SA919X4XB40509-A98217A-R03-C56,122.86,2.23,A
7,SA919X4XB40509-A98217A-R03-C63,102.01,1.92,A
7,SA919X4XB40509-A98217A-R03-C66,106.08,1.93,A
7,SA919X4XB40509-A98217A-R03-C67,94.9,1.97,A
7,SA919X4XB40509-A98217A-R04-C11,90.53,1.97,A
7,SA919X4XB40509-A98217A-R04-C12,92.54,2.02,A
7,SA919X4XB40509-A98217A-R04-C13,110.97,2.01,A
7,SA919X4XB40509-A98217A-R04-C14,102.12,2.01,A
7,SA919X4XB40509-A98217A-R04-C16,105.8,1.98,A
7,SA919X4XB40509-A98217A-R04-C17,109.67,2.02,A
7,SA919X4XB40509-A98217A-R04-C18,85.07,2,A
7,SA919X4XB40509-A98217A-R04-C19,89.69,1.99,A
7,SA919X4XB40509-A98217A-R04-C23,92.01,2,A
7,SA919X4XB40509-A98217A-R04-C26,98.03,1.99,A
7,SA919X4XB40509-A98217A-R04-C28,96.37,2,A
7,SA919X4XB40509-A98217A-R04-C29,78.48,2.01,A
7,SA919X4XB40509-A98217A-R04-C30,93.67,2.01,A
7,SA919X4XB40509-A98217A-R04-C31,103.73,1.99,A
7,SA919X4XB40509-A98217A-R04-C33,65.38,1.89,A
7,SA919X4XB40509-A98217A-R04-C34,75,2.02,A
7,SA919X4XB40509-A98217A-R04-C35,104.27,2,A
7,SA919X4XB40509-A98217A-R04-C37,92.71,2,A
7,SA919X4XB40509-A98217A-R04-C38,96.29,2,A
7,SA919X4XB40509-A98217A-R04-C40,95.4,1.99,A
7,SA919X4XB40509-A98217A-R04-C42,104.55,2.02,A
7,SA919X4XB40509-A98217A-R04-C43,106.9,2,A
7,SA919X4XB40509-A98217A-R04-C47,145.49,2.04,A
7,SA919X4XB40509-A98217A-R04-C48,103.2,2.03,A
7,SA919X4XB40509-A98217A-R04-C52,95.52,2,A
7,SA919X4XB40509-A98217A-R04-C54,96.28,2.07,A
7,SA919X4XB40509-A98217A-R04-C55,75.25,2.01,A
7,SA919X4XB40509-A98217A-R04-C56,106.36,2.05,A
7,SA919X4XB40509-A98217A-R04-C57,100.32,1.98,A
7,SA919X4XB40509-A98217A-R04-C58,93.96,2.03,A
7,SA919X4XB40509-A98217A-R04-C59,96.17,2,A
7,SA919X4XB40509-A98217A-R04-C61,95.54,2,A
7,SA919X4XB40509-A98217A-R04-C64,109.65,2,A
7,SA919X4XB40509-A98217A-R04-C66,95.38,1.91,A
7,SA919X4XB40509-A98217A-R04-C68,74.35,2.01,A
7,SA919X4XB40509-A98217A-R05-C07,121.94,2.02,A
7,SA919X4XB40509-A98217A-R05-C09,109.24,2.05,A
7,SA919X4XB40509-A98217A-R05-C12,90.56,1.99,A
7,SA919X4XB40509-A98217A-R05-C13,116.86,2.05,A
7,SA919X4XB40509-A98217A-R05-C15,110.72,2.1,A
7,SA919X4XB40509-A98217A-R05-C16,113.05,2,A
7,SA919X4XB40509-A98217A-R05-C17,114.51,1.97,A
7,SA919X4XB40509-A98217A-R05-C18,95.13,2.05,A
7,SA919X4XB40509-A98217A-R05-C21,77.49,2.05,A
7,SA919X4XB40509-A98217A-R05-C23,105.34,2,A
7,SA919X4XB40509-A98217A-R05-C24,125.59,2.04,A
7,SA919X4XB40509-A98217A-R05-C26,105.15,1.98,A
7,SA919X4XB40509-A98217A-R05-C31,113.71,2.01,A
7,SA919X4XB40509-A98217A-R05-C32,108.83,2,A
7,SA919X4XB40509-A98217A-R05-C33,76.81,2,A
7,SA919X4XB40509-A98217A-R05-C35,120.21,2.03,A
7,SA919X4XB40509-A98217A-R05-C38,106.74,2.02,A
7,SA919X4XB40509-A98217A-R05-C40,106.1,2.01,A
7,SA919X4XB40509-A98217A-R05-C41,104.22,2.02,A
7,SA919X4XB40509-A98217A-R05-C44,102.4,1.99,A
7,SA919X4XB40509-A98217A-R05-C46,107.45,2.05,A
7,SA919X4XB40509-A98217A-R05-C48,98.67,2.02,A
7,SA919X4XB40509-A98217A-R05-C50,97.45,1.98,A
7,SA919X4XB40509-A98217A-R05-C51,106,2.06,A
7,SA919X4XB40509-A98217A-R05-C54,98.09,1.99,A
7,SA919X4XB40509-A98217A-R05-C55,106.78,1.98,A
7,SA919X4XB40509-A98217A-R05-C58,98.6,2.02,A
7,SA919X4XB40509-A98217A-R05-C59,100.99,1.99,A
7,SA919X4XB40509-A98217A-R05-C60,96.34,2.05,A
7,SA919X4XB40509-A98217A-R05-C61,109.82,2.02,A
7,SA919X4XB40509-A98217A-R05-C62,92.28,1.95,A
7,SA919X4XB40509-A98217A-R05-C63,91.82,1.62,A
7,SA919X4XB40509-A98217A-R05-C64,112.51,2.06,A
7,SA919X4XB40509-A98217A-R05-C66,105.72,1.99,A
7,SA919X4XB40509-A98217A-R05-C67,98.46,1.99,A
7,SA919X4XB40509-A98217A-R05-C69,85.9,2.01,A
7,SA919X4XB40509-A98217A-R06-C08,156.09,2.06,A
7,SA919X4XB40509-A98217A-R06-C09,113.77,1.99,A
7,SA919X4XB40509-A98217A-R06-C11,99.92,2.04,A
7,SA919X4XB40509-A98217A-R06-C12,95.8,2,A
7,SA919X4XB40509-A98217A-R06-C14,110.56,2.04,A
7,SA919X4XB40509-A98217A-R06-C15,106.96,2.02,A
7,SA919X4XB40509-A98217A-R06-C17,116.58,2.01,A
7,SA919X4XB40509-A98217A-R06-C18,97.43,1.99,A
7,SA919X4XB40509-A98217A-R06-C19,100.99,1.99,A
7,SA919X4XB40509-A98217A-R06-C22,97.09,1.98,A
7,SA919X4XB40509-A98217A-R06-C23,96.86,1.99,A
7,SA919X4XB40509-A98217A-R06-C24,129.25,2.03,A
7,SA919X4XB40509-A98217A-R06-C26,111.19,2.02,A
7,SA919X4XB40509-A98217A-R06-C27,76.79,2,A
7,SA919X4XB40509-A98217A-R06-C28,104.26,1.99,A
7,SA919X4XB40509-A98217A-R06-C30,108.27,2.01,A
7,SA919X4XB40509-A98217A-R06-C32,112.43,1.98,A
7,SA919X4XB40509-A98217A-R06-C33,76.57,1.99,A
7,SA919X4XB40509-A98217A-R06-C37,133.08,2.04,A
7,SA919X4XB40509-A98217A-R06-C41,111.24,1.96,A
7,SA919X4XB40509-A98217A-R06-C42,116.42,1.96,A
7,SA919X4XB40509-A98217A-R06-C46,78.87,1.97,A
7,SA919X4XB40509-A98217A-R06-C47,108.22,2,A
7,SA919X4XB40509-A98217A-R06-C48,106.71,1.97,A
7,SA919X4XB40509-A98217A-R06-C49,98.43,2.05,A
7,SA919X4XB40509-A98217A-R06-C50,93.81,1.98,A
7,SA919X4XB40509-A98217A-R06-C51,127.03,2.07,A
7,SA919X4XB40509-A98217A-R06-C54,99.71,2.01,A
7,SA919X4XB40509-A98217A-R06-C55,94.05,2.01,A
7,SA919X4XB40509-A98217A-R06-C56,113.14,1.98,A
7,SA919X4XB40509-A98217A-R06-C58,99.25,2.02,A
7,SA919X4XB40509-A98217A-R06-C59,98.36,2.01,A
7,SA919X4XB40509-A98217A-R06-C60,99.09,2.02,A
7,SA919X4XB40509-A98217A-R06-C61,112.45,2.01,A
7,SA919X4XB40509-A98217A-R06-C63,103.51,1.93,A
7,SA919X4XB40509-A98217A-R06-C64,111.55,1.98,A
7,SA919X4XB40509-A98217A-R06-C68,72.27,2.05,A
7,SA919X4XB40509-A98217A-R06-C69,94.77,2.01,A
7,SA919X4XB40509-A98217A-R06-C70,81.33,1.9,A
7,SA919X4XB40509-A98217A-R07-C07,121.05,2,A
7,SA919X4XB40509-A98217A-R07-C08,147.55,1.99,A
7,SA919X4XB40509-A98217A-R07-C11,123.95,2.07,A
7,SA919X4XB40509-A98217A-R07-C12,90.02,1.96,A
7,SA919X4XB40509-A98217A-R07-C14,106.27,2.02,A
7,SA919X4XB40509-A98217A-R07-C15,105.33,2.08,A
7,SA919X4XB40509-A98217A-R07-C16,117.38,2.04,A
7,SA919X4XB40509-A98217A-R07-C18,97.1,1.99,A
7,SA919X4XB40509-A98217A-R07-C19,97.44,1.98,A
7,SA919X4XB40509-A98217A-R07-C24,170.43,2.01,A
7,SA919X4XB40509-A98217A-R07-C25,110.13,1.98,A
7,SA919X4XB40509-A98217A-R07-C26,104.12,1.98,A
7,SA919X4XB40509-A98217A-R07-C27,84.87,1.94,A
7,SA919X4XB40509-A98217A-R07-C34,75.49,1.94,A
7,SA919X4XB40509-A98217A-R07-C37,99.43,2.01,A
7,SA919X4XB40509-A98217A-R07-C39,114.78,2,A
7,SA919X4XB40509-A98217A-R07-C44,89.49,2.03,A
7,SA919X4XB40509-A98217A-R07-C46,105.99,2.02,A
7,SA919X4XB40509-A98217A-R07-C48,98.6,1.96,A
7,SA919X4XB40509-A98217A-R07-C49,96.58,2.03,A
7,SA919X4XB40509-A98217A-R07-C51,99.83,2,A
7,SA919X4XB40509-A98217A-R07-C52,91.42,1.99,A
7,SA919X4XB40509-A98217A-R07-C54,103.49,2.01,A
7,SA919X4XB40509-A98217A-R07-C57,115.28,1.99,A
7,SA919X4XB40509-A98217A-R07-C58,94.69,2.02,A
7,SA919X4XB40509-A98217A-R07-C59,97.97,2.03,A
7,SA919X4XB40509-A98217A-R07-C62,91.55,2.22,A
7,SA919X4XB40509-A98217A-R07-C66,110.3,1.98,A
7,SA919X4XB40509-A98217A-R07-C68,107.15,2.04,A
7,SA919X4XB40509-A98217A-R08-C08,112.22,1.99,A
7,SA919X4XB40509-A98217A-R08-C09,112.59,1.94,A
7,SA919X4XB40509-A98217A-R08-C10,103.12,1.99,A
7,SA919X4XB40509-A98217A-R08-C11,108.04,2.01,A
7,SA919X4XB40509-A98217A-R08-C12,103.88,2.03,A
7,SA919X4XB40509-A98217A-R08-C14,117.62,2.07,A
7,SA919X4XB40509-A98217A-R08-C15,112.05,2,A
7,SA919X4XB40509-A98217A-R08-C16,127.14,2,A
7,SA919X4XB40509-A98217A-R08-C17,129.29,2.04,A
7,SA919X4XB40509-A98217A-R08-C18,103.24,2.01,A
7,SA919X4XB40509-A98217A-R08-C21,104.09,2.01,A
7,SA919X4XB40509-A98217A-R08-C22,106.19,2.03,A
7,SA919X4XB40509-A98217A-R08-C23,116.34,2,A
7,SA919X4XB40509-A98217A-R08-C24,139.78,2.01,A
7,SA919X4XB40509-A98217A-R08-C28,109.26,2.05,A
7,SA919X4XB40509-A98217A-R08-C30,117.64,2.03,A
7,SA919X4XB40509-A98217A-R08-C31,129.96,1.99,A
7,SA919X4XB40509-A98217A-R08-C32,126.66,1.99,A
7,SA919X4XB40509-A98217A-R08-C34,115.33,2.15,A
7,SA919X4XB40509-A98217A-R08-C35,127.04,2,A
7,SA919X4XB40509-A98217A-R08-C36,65.52,2.04,A
7,SA919X4XB40509-A98217A-R08-C37,141.87,1.99,A
7,SA919X4XB40509-A98217A-R08-C38,131.95,2.01,A
7,SA919X4XB40509-A98217A-R08-C39,116.19,1.99,A
7,SA919X4XB40509-A98217A-R08-C41,156.3,1.98,A
7,SA919X4XB40509-A98217A-R08-C45,78.97,1.99,A
7,SA919X4XB40509-A98217A-R08-C46,112.6,2.01,A
7,SA919X4XB40509-A98217A-R08-C47,118.65,2,A
7,SA919X4XB40509-A98217A-R08-C51,106.83,1.93,A
7,SA919X4XB40509-A98217A-R08-C54,108.48,2.04,A
7,SA919X4XB40509-A98217A-R08-C55,119.78,1.98,A
7,SA919X4XB40509-A98217A-R08-C57,122.05,2.02,A
7,SA919X4XB40509-A98217A-R08-C59,91.25,2.04,A
7,SA919X4XB40509-A98217A-R08-C60,103.47,1.99,A
7,SA919X4XB40509-A98217A-R08-C61,120.72,2.03,A
7,SA919X4XB40509-A98217A-R08-C64,123.45,1.91,A
7,SA919X4XB40509-A98217A-R08-C65,92.08,2,A
7,SA919X4XB40509-A98217A-R08-C67,94.51,2.04,A
7,SA919X4XB40509-A98217A-R08-C69,109.53,2.06,A
7,SA919X4XB40509-A98217A-R08-C70,101.09,2.03,A
7,SA919X4XB40509-A98217A-R09-C07,108.01,1.98,A
7,SA919X4XB40509-A98217A-R09-C08,98.61,1.97,A
7,SA919X4XB40509-A98217A-R09-C10,87.44,2,A
7,SA919X4XB40509-A98217A-R09-C14,100.45,2.02,A
7,SA919X4XB40509-A98217A-R09-C15,100.15,1.96,A
7,SA919X4XB40509-A98217A-R09-C16,104.82,1.98,A
7,SA919X4XB40509-A98217A-R09-C18,86.24,1.96,A
7,SA919X4XB40509-A98217A-R09-C19,85.14,2.01,A
7,SA919X4XB40509-A98217A-R09-C25,92.62,1.98,A
7,SA919X4XB40509-A98217A-R09-C29,70.67,1.9,A
7,SA919X4XB40509-A98217A-R09-C31,108.03,2.03,A
7,SA919X4XB40509-A98217A-R09-C32,98.57,2.03,A
7,SA919X4XB40509-A98217A-R09-C34,76.3,2.09,A
7,SA919X4XB40509-A98217A-R09-C37,81.33,1.98,A
7,SA919X4XB40509-A98217A-R09-C39,98.79,2.02,A
7,SA919X4XB40509-A98217A-R09-C40,94.93,2.05,A
7,SA919X4XB40509-A98217A-R09-C41,95.71,1.97,A
7,SA919X4XB40509-A98217A-R09-C42,101.32,1.99,A
7,SA919X4XB40509-A98217A-R09-C47,98.7,2,A
7,SA919X4XB40509-A98217A-R09-C48,87.66,2.01,A
7,SA919X4XB40509-A98217A-R09-C51,91.35,2.04,A
7,SA919X4XB40509-A98217A-R09-C52,85.8,2.04,A
7,SA919X4XB40509-A98217A-R09-C54,95.88,1.99,A
7,SA919X4XB40509-A98217A-R09-C55,102.42,1.98,A
7,SA919X4XB40509-A98217A-R09-C56,110.17,2.03,A
7,SA919X4XB40509-A98217A-R09-C59,85.58,1.95,A
7,SA919X4XB40509-A98217A-R09-C63,98.45,2,A
7,SA919X4XB40509-A98217A-R09-C65,77.25,1.96,A
7,SA919X4XB40509-A98217A-R09-C67,71.43,2.02,A
7,SA919X4XB40509-A98217A-R10-C07,111.55,2,A
7,SA919X4XB40509-A98217A-R10-C10,93.65,2.02,A
7,SA919X4XB40509-A98217A-R10-C15,97.8,1.99,A
7,SA919X4XB40509-A98217A-R10-C16,106.93,2.02,A
7,SA919X4XB40509-A98217A-R10-C17,106.56,1.99,A
7,SA919X4XB40509-A98217A-R10-C18,92.85,2.05,A
7,SA919X4XB40509-A98217A-R10-C19,92.62,2.01,A
7,SA919X4XB40509-A98217A-R10-C25,104.37,1.99,A
7,SA919X4XB40509-A98217A-R10-C26,104.94,2,A
7,SA919X4XB40509-A98217A-R10-C27,90.09,1.97,A
7,SA919X4XB40509-A98217A-R10-C32,102.74,2.02,A
7,SA919X4XB40509-A98217A-R10-C33,72.03,2.07,A
7,SA919X4XB40509-A98217A-R10-C34,75.08,2,A
7,SA919X4XB40509-A98217A-R10-C35,107.4,1.98,A
7,SA919X4XB40509-A98217A-R10-C37,91.28,2.05,A
7,SA919X4XB40509-A98217A-R10-C38,90.76,2,A
7,SA919X4XB40509-A98217A-R10-C40,99.06,2.03,A
7,SA919X4XB40509-A98217A-R10-C42,108.36,1.99,A
7,SA919X4XB40509-A98217A-R10-C43,100.42,1.98,A
7,SA919X4XB40509-A98217A-R10-C44,80.49,1.98,A
7,SA919X4XB40509-A98217A-R10-C48,127.06,1.98,A
7,SA919X4XB40509-A98217A-R10-C49,91.51,1.99,A
7,SA919X4XB40509-A98217A-R10-C50,87.54,2,A
7,SA919X4XB40509-A98217A-R10-C51,98.99,2.02,A
7,SA919X4XB40509-A98217A-R10-C55,97.78,2,A
7,SA919X4XB40509-A98217A-R10-C56,104.84,1.97,A
7,SA919X4XB40509-A98217A-R10-C57,106.96,1.99,A
7,SA919X4XB40509-A98217A-R10-C59,95.21,2,A
7,SA919X4XB40509-A98217A-R10-C60,91.37,1.97,A
7,SA919X4XB40509-A98217A-R10-C61,101.02,1.98,A
7,SA919X4XB40509-A98217A-R10-C65,79.61,2.04,A
7,SA919X4XB40509-A98217A-R10-C70,85.64,1.97,A
7,SA919X4XB40509-A98217A-R11-C09,100.52,1.98,A
7,SA919X4XB40509-A98217A-R11-C11,91.9,2.07,A
7,SA919X4XB40509-A98217A-R11-C12,75.39,1.98,A
7,SA919X4XB40509-A98217A-R11-C19,89.23,1.97,A
7,SA919X4XB40509-A98217A-R11-C25,94.33,2.01,A
7,SA919X4XB40509-A98217A-R11-C28,95.78,2.03,A
7,SA919X4XB40509-A98217A-R11-C29,84.78,2.04,A
7,SA919X4XB40509-A98217A-R11-C31,108.72,1.95,A
7,SA919X4XB40509-A98217A-R11-C48,95.01,2.04,A
7,SA919X4XB40509-A98217A-R11-C54,90.85,2.02,A
7,SA919X4XB40509-A98217A-R11-C58,92.92,1.99,A
7,SA919X4XB40509-A98217A-R11-C59,90.87,1.94,A
7,SA919X4XB40509-A98217A-R11-C63,97.97,1.92,A
7,SA919X4XB40509-A98217A-R11-C66,114.78,2.15,A
7,SA919X4XB40509-A98217A-R11-C67,99.55,1.97,A
7,SA919X4XB40509-A98217A-R12-C10,96.89,1.99,A
7,SA919X4XB40509-A98217A-R12-C21,95.36,2.01,A
7,SA919X4XB40509-A98217A-R12-C26,109.79,2.05,A
7,SA919X4XB40509-A98217A-R12-C28,101.99,1.99,A
7,SA919X4XB40509-A98217A-R12-C30,102.8,2,A
7,SA919X4XB40509-A98217A-R12-C31,111.04,2.03,A
7,SA919X4XB40509-A98217A-R12-C41,108.3,1.99,A
7,SA919X4XB40509-A98217A-R12-C43,116.18,1.96,A
7,SA919X4XB40509-A98217A-R12-C48,82.09,2,A
7,SA919X4XB40509-A98217A-R12-C59,104.92,2.05,A
7,SA919X4XB40509-A98217A-R12-C66,115.08,1.98,A
7,SA919X4XB40509-A98217A-R12-C69,76.81,2.04,A
7,SA919X4XB40509-A98217A-R13-C15,104.12,2.02,A
7,SA919X4XB40509-A98217A-R13-C44,99.61,2.02,A
7,SA919X4XB40509-A98217A-R13-C55,99.08,2.03,A
7,SA919X4XB40509-A98217A-R13-C59,104.96,2,A
7,SA919X4XB40509-A98217A-R13-C63,107.55,1.97,A
7,SA919X4XB40509-A98217A-R13-C65,89.47,2.06,A
7,SA919X4XB40509-A98217A-R14-C13,130.22,2.01,A
7,SA919X4XB40509-A98217A-R14-C17,115.98,1.99,A
7,SA919X4XB40509-A98217A-R14-C19,101.07,1.98,A
7,SA919X4XB40509-A98217A-R14-C20,103.23,2.06,A
7,SA919X4XB40509-A98217A-R14-C24,128.9,1.99,A
7,SA919X4XB40509-A98217A-R14-C25,114.99,2,A
7,SA919X4XB40509-A98217A-R14-C36,67.66,2.03,A
7,SA919X4XB40509-A98217A-R15-C10,86.71,2.04,A
7,SA919X4XB40509-A98217A-R15-C12,96.99,1.98,A
7,SA919X4XB40509-A98217A-R15-C13,126.06,2.01,A
7,SA919X4XB40509-A98217A-R15-C14,115.24,2,A
7,SA919X4XB40509-A98217A-R15-C17,115.33,1.98,A
7,SA919X4XB40509-A98217A-R15-C18,92.3,2,A
7,SA919X4XB40509-A98217A-R15-C19,101.11,2.02,A
7,SA919X4XB40509-A98217A-R15-C20,102.27,2,A
7,SA919X4XB40509-A98217A-R15-C22,108.31,1.98,A
7,SA919X4XB40509-A98217A-R15-C23,101.47,1.97,A
7,SA919X4XB40509-A98217A-R15-C24,122.28,1.98,A
7,SA919X4XB40509-A98217A-R15-C25,108.71,2,A
7,SA919X4XB40509-A98217A-R15-C26,102.03,1.97,A
7,SA919X4XB40509-A98217A-R15-C28,99.86,2.02,A
7,SA919X4XB40509-A98217A-R15-C32,112.75,1.99,A
7,SA919X4XB40509-A98217A-R15-C35,115.89,2.01,A
7,SA919X4XB40509-A98217A-R15-C37,89.78,1.91,A
7,SA919X4XB40509-A98217A-R15-C38,97.01,1.98,A
7,SA919X4XB40509-A98217A-R15-C39,110.26,1.98,A
7,SA919X4XB40509-A98217A-R15-C40,106.86,2.07,A
7,SA919X4XB40509-A98217A-R15-C42,115.61,1.99,A
7,SA919X4XB40509-A98217A-R15-C43,117.65,2,A
7,SA919X4XB40509-A98217A-R15-C46,102.4,2,A
7,SA919X4XB40509-A98217A-R15-C49,92.93,1.99,A
7,SA919X4XB40509-A98217A-R15-C50,93.76,2.01,A
7,SA919X4XB40509-A98217A-R15-C52,90.55,2.09,A
7,SA919X4XB40509-A98217A-R15-C58,103.05,2.03,A
7,SA919X4XB40509-A98217A-R15-C62,98.88,1.99,A
7,SA919X4XB40509-A98217A-R15-C65,86.61,2.02,A
7,SA919X4XB40509-A98217A-R15-C66,111.23,2.01,A
7,SA919X4XB40509-A98217A-R15-C67,94.71,2.05,A
7,SA919X4XB40509-A98217A-R15-C68,108.98,2.02,A
7,SA919X4XB40509-A98217A-R15-C70,97.77,2.11,A
7,SA919X4XB40509-A98217A-R16-C07,99.12,1.99,A
7,SA919X4XB40509-A98217A-R16-C08,98.53,1.99,A
7,SA919X4XB40509-A98217A-R16-C09,95.19,2.03,A
7,SA919X4XB40509-A98217A-R16-C10,77.93,1.93,A
7,SA919X4XB40509-A98217A-R16-C13,100.27,2.03,A
7,SA919X4XB40509-A98217A-R16-C19,75.93,1.93,A
7,SA919X4XB40509-A98217A-R16-C20,86.95,2.01,A
7,SA919X4XB40509-A98217A-R16-C24,106.78,1.97,A
7,SA919X4XB40509-A98217A-R16-C25,93.61,1.99,A
7,SA919X4XB40509-A98217A-R16-C26,88.74,1.99,A
7,SA919X4XB40509-A98217A-R16-C27,96.94,2.02,A
7,SA919X4XB40509-A98217A-R16-C28,70.4,2.03,A
7,SA919X4XB40509-A98217A-R16-C29,62.46,1.97,A
7,SA919X4XB40509-A98217A-R16-C33,65.64,1.99,A
7,SA919X4XB40509-A98217A-R16-C38,76.61,1.99,A
7,SA919X4XB40509-A98217A-R16-C39,94.3,2.04,A
7,SA919X4XB40509-A98217A-R16-C41,92.16,2,A
7,SA919X4XB40509-A98217A-R16-C44,77.63,1.88,A
7,SA919X4XB40509-A98217A-R16-C46,97.34,2.02,A
7,SA919X4XB40509-A98217A-R16-C47,92.28,2,A
7,SA919X4XB40509-A98217A-R16-C48,84.59,2.04,A
7,SA919X4XB40509-A98217A-R16-C49,83.97,2.01,A
7,SA919X4XB40509-A98217A-R16-C50,80.34,2.08,A
7,SA919X4XB40509-A98217A-R16-C51,90.12,2.05,A
7,SA919X4XB40509-A98217A-R16-C52,82.36,1.98,A
7,SA919X4XB40509-A98217A-R16-C54,83.23,2.06,A
7,SA919X4XB40509-A98217A-R16-C55,112.45,1.99,A
7,SA919X4XB40509-A98217A-R16-C56,94.33,2,A
7,SA919X4XB40509-A98217A-R16-C58,82.09,1.97,A
7,SA919X4XB40509-A98217A-R16-C63,103.33,2.02,A
7,SA919X4XB40509-A98217A-R16-C64,90.04,1.98,A
7,SA919X4XB40509-A98217A-R16-C66,90.12,2.03,A
7,SA919X4XB40509-A98217A-R16-C68,88.1,1.92,A
7,SA919X4XB40509-A98217A-R17-C12,85.3,2.01,A
7,SA919X4XB40509-A98217A-R17-C13,104.99,1.99,A
7,SA919X4XB40509-A98217A-R17-C15,90.87,1.98,A
7,SA919X4XB40509-A98217A-R17-C19,84.25,1.93,A
7,SA919X4XB40509-A98217A-R17-C20,88.12,1.96,A
7,SA919X4XB40509-A98217A-R17-C23,96.96,2.04,A
7,SA919X4XB40509-A98217A-R17-C25,92.72,1.84,A
7,SA919X4XB40509-A98217A-R17-C27,84.05,2,A
7,SA919X4XB40509-A98217A-R17-C29,78.53,1.98,A
7,SA919X4XB40509-A98217A-R17-C35,124.14,1.99,A
7,SA919X4XB40509-A98217A-R17-C38,83.83,2.04,A
7,SA919X4XB40509-A98217A-R17-C39,95.78,2.02,A
7,SA919X4XB40509-A98217A-R17-C40,88.96,1.96,A
7,SA919X4XB40509-A98217A-R17-C42,135.66,2.1,A
7,SA919X4XB40509-A98217A-R17-C46,92.79,1.95,A
7,SA919X4XB40509-A98217A-R17-C47,95.57,2,A
7,SA919X4XB40509-A98217A-R17-C48,87.21,1.97,A
7,SA919X4XB40509-A98217A-R17-C49,88.75,2,A
7,SA919X4XB40509-A98217A-R17-C51,99.05,1.99,A
7,SA919X4XB40509-A98217A-R17-C52,87.2,2.06,A
7,SA919X4XB40509-A98217A-R17-C55,91.73,2,A
7,SA919X4XB40509-A98217A-R17-C57,95.57,1.96,A
7,SA919X4XB40509-A98217A-R17-C60,87.3,2.04,A
7,SA919X4XB40509-A98217A-R17-C61,74.49,1.97,A
7,SA919X4XB40509-A98217A-R17-C63,100.14,1.96,A
7,SA919X4XB40509-A98217A-R17-C64,84.66,2.08,A
7,SA919X4XB40509-A98217A-R17-C67,85.38,2,A
7,SA919X4XB40509-A98217A-R17-C69,100.08,2.14,A
7,SA919X4XB40509-A98217A-R17-C70,87.82,2.04,A
7,SA919X4XB40509-A98217A-R18-C08,99.45,2.02,A
7,SA919X4XB40509-A98217A-R18-C09,94.29,1.93,A
7,SA919X4XB40509-A98217A-R18-C11,90.33,2.03,A
7,SA919X4XB40509-A98217A-R18-C13,114.53,1.98,A
7,SA919X4XB40509-A98217A-R18-C14,97.33,2.03,A
7,SA919X4XB40509-A98217A-R18-C15,89,2,A
7,SA919X4XB40509-A98217A-R18-C16,90.47,1.85,A
7,SA919X4XB40509-A98217A-R18-C18,78.99,1.95,A
7,SA919X4XB40509-A98217A-R18-C19,86.42,1.97,A
7,SA919X4XB40509-A98217A-R18-C20,91.38,1.99,A
7,SA919X4XB40509-A98217A-R18-C22,89.12,1.99,A
7,SA919X4XB40509-A98217A-R18-C24,107.16,2.04,A
7,SA919X4XB40509-A98217A-R18-C28,87.87,2.02,A
7,SA919X4XB40509-A98217A-R18-C29,88.46,2.02,A
7,SA919X4XB40509-A98217A-R18-C31,104.21,2.02,A
7,SA919X4XB40509-A98217A-R18-C32,86.98,1.91,A
7,SA919X4XB40509-A98217A-R18-C34,71.58,2.12,A
7,SA919X4XB40509-A98217A-R18-C35,105.82,2.05,A
7,SA919X4XB40509-A98217A-R18-C37,88.58,2.06,A
7,SA919X4XB40509-A98217A-R18-C40,97.46,2.06,A
7,SA919X4XB40509-A98217A-R18-C41,97.55,2.02,A
7,SA919X4XB40509-A98217A-R18-C44,98.13,1.99,A
7,SA919X4XB40509-A98217A-R18-C46,93.39,1.91,A
7,SA919X4XB40509-A98217A-R18-C48,95.82,2,A
7,SA919X4XB40509-A98217A-R18-C50,81.26,2.01,A
7,SA919X4XB40509-A98217A-R18-C51,102.75,2.19,A
7,SA919X4XB40509-A98217A-R18-C54,90.38,2,A
7,SA919X4XB40509-A98217A-R18-C58,89.63,1.96,A
7,SA919X4XB40509-A98217A-R18-C59,98.13,2.01,A
7,SA919X4XB40509-A98217A-R18-C61,104.1,2.03,A
7,SA919X4XB40509-A98217A-R18-C62,83.05,2.06,A
7,SA919X4XB40509-A98217A-R18-C64,99.11,1.97,A
7,SA919X4XB40509-A98217A-R18-C65,68.12,3.59,A
7,SA919X4XB40509-A98217A-R18-C66,97.92,1.96,A
7,SA919X4XB40509-A98217A-R18-C67,81.79,1.95,A
7,SA919X4XB40509-A98217A-R18-C68,83.13,1.96,A
7,SA919X4XB40509-A98217A-R18-C70,68.75,1.98,A
7,SA919X4XB40509-A98217A-R19-C07,72.27,2.02,A
7,SA919X4XB40509-A98217A-R19-C09,64.72,2.01,A
7,SA919X4XB40509-A98217A-R19-C18,65.03,1.98,A
7,SA919X4XB40509-A98217A-R19-C25,62.4,2.01,A
7,SA919X4XB40509-A98217A-R19-C28,62.45,2.02,A
7,SA919X4XB40509-A98217A-R19-C31,74.84,1.96,A
7,SA919X4XB40509-A98217A-R19-C41,68.32,2.01,A
7,SA919X4XB40509-A98217A-R19-C43,69.38,1.95,A
7,SA919X4XB40509-A98217A-R19-C57,66.46,1.96,A
7,SA919X4XB40509-A98217A-R19-C60,64.05,2.01,A
7,SA919X4XB40509-A98217A-R19-C61,71.93,2.02,A
7,SA919X4XB40509-A98217A-R19-C63,67.18,1.85,A
7,SA919X4XB40509-A98217A-R20-C10,99.39,1.98,A
7,SA919X4XB40509-A98217A-R20-C11,80.87,1.94,A
7,SA919X4XB40509-A98217A-R20-C13,111.8,2.04,A
7,SA919X4XB40509-A98217A-R20-C14,102.96,2.08,A
7,SA919X4XB40509-A98217A-R20-C15,92.46,1.97,A
7,SA919X4XB40509-A98217A-R20-C16,97.22,1.99,A
7,SA919X4XB40509-A98217A-R20-C17,105.12,1.99,A
7,SA919X4XB40509-A98217A-R20-C19,87.79,1.98,A
7,SA919X4XB40509-A98217A-R20-C20,93.1,1.99,A
7,SA919X4XB40509-A98217A-R20-C21,85.58,1.97,A
7,SA919X4XB40509-A98217A-R20-C22,97.53,2,A
7,SA919X4XB40509-A98217A-R20-C23,95.05,1.97,A
7,SA919X4XB40509-A98217A-R20-C24,109.06,2.05,A
7,SA919X4XB40509-A98217A-R20-C30,89.97,1.96,A
7,SA919X4XB40509-A98217A-R20-C32,94.47,2,A
7,SA919X4XB40509-A98217A-R20-C35,113.95,2,A
7,SA919X4XB40509-A98217A-R20-C37,91.3,2.02,A
7,SA919X4XB40509-A98217A-R20-C39,104.45,2,A
7,SA919X4XB40509-A98217A-R20-C40,98.41,2.12,A
7,SA919X4XB40509-A98217A-R20-C42,105.4,2.04,A
7,SA919X4XB40509-A98217A-R20-C43,109.84,1.99,A
7,SA919X4XB40509-A98217A-R20-C44,90.63,1.96,A
7,SA919X4XB40509-A98217A-R20-C45,72.76,2.04,A
7,SA919X4XB40509-A98217A-R20-C47,98.92,2.01,A
7,SA919X4XB40509-A98217A-R20-C48,95.15,2.03,A
7,SA919X4XB40509-A98217A-R20-C49,93.48,2.04,A
7,SA919X4XB40509-A98217A-R20-C52,77.45,2.07,A
7,SA919X4XB40509-A98217A-R20-C54,99.61,2.01,A
7,SA919X4XB40509-A98217A-R20-C55,109.18,1.99,A
7,SA919X4XB40509-A98217A-R20-C56,103.96,2.08,A
7,SA919X4XB40509-A98217A-R20-C57,106.97,2.02,A
7,SA919X4XB40509-A98217A-R20-C59,93.55,2.02,A
7,SA919X4XB40509-A98217A-R20-C61,101.05,1.95,A
7,SA919X4XB40509-A98217A-R20-C62,85.29,1.96,A
7,SA919X4XB40509-A98217A-R20-C63,103.93,1.91,A
7,SA919X4XB40509-A98217A-R20-C64,93.66,1.95,A
7,SA919X4XB40509-A98217A-R20-C68,86.76,1.94,A
7,SA919X4XB40509-A98217A-R21-C07,96.66,2.13,A
7,SA919X4XB40509-A98217A-R21-C08,87.08,1.95,A
7,SA919X4XB40509-A98217A-R21-C12,78.66,2.04,A
7,SA919X4XB40509-A98217A-R21-C13,96.35,1.97,A
7,SA919X4XB40509-A98217A-R21-C16,98.65,1.97,A
7,SA919X4XB40509-A98217A-R21-C17,90.84,1.99,A
7,SA919X4XB40509-A98217A-R21-C18,69.49,1.99,A
7,SA919X4XB40509-A98217A-R21-C21,77.65,1.97,A
7,SA919X4XB40509-A98217A-R21-C26,81.72,2.01,A
7,SA919X4XB40509-A98217A-R21-C32,87.72,2.03,A
7,SA919X4XB40509-A98217A-R21-C35,84.64,1.96,A
7,SA919X4XB40509-A98217A-R21-C37,80.14,1.99,A
7,SA919X4XB40509-A98217A-R21-C38,72.38,1.98,A
7,SA919X4XB40509-A98217A-R21-C39,87.03,2.06,A
7,SA919X4XB40509-A98217A-R21-C40,89.27,2.03,A
7,SA919X4XB40509-A98217A-R21-C43,92.89,2.03,A
7,SA919X4XB40509-A98217A-R21-C44,85.24,2,A
7,SA919X4XB40509-A98217A-R21-C56,88.97,2.03,A
7,SA919X4XB40509-A98217A-R21-C57,93.53,1.97,A
7,SA919X4XB40509-A98217A-R21-C59,86.49,2.03,A
7,SA919X4XB40509-A98217A-R21-C61,87.12,1.99,A
7,SA919X4XB40509-A98217A-R21-C64,83.75,1.95,A
7,SA919X4XB40509-A98217A-R21-C67,76.1,2.02,A
7,SA919X4XB40509-A98217A-R21-C68,66.54,2.11,A
7,SA919X4XB40509-A98217A-R21-C70,78.35,2.08,A
7,SA919X4XB40509-A98217A-R22-C11,72.45,1.97,A
7,SA919X4XB40509-A98217A-R22-C12,65.08,1.95,A
7,SA919X4XB40509-A98217A-R22-C14,79.85,1.96,A
7,SA919X4XB40509-A98217A-R22-C16,88.75,2.02,A
7,SA919X4XB40509-A98217A-R22-C17,84.62,1.93,A
7,SA919X4XB40509-A98217A-R22-C19,72.55,1.96,A
7,SA919X4XB40509-A98217A-R22-C24,90.22,1.98,A
7,SA919X4XB40509-A98217A-R22-C31,89.28,2,A
7,SA919X4XB40509-A98217A-R22-C35,85.86,1.97,A
7,SA919X4XB40509-A98217A-R22-C37,72.4,2.07,A
7,SA919X4XB40509-A98217A-R22-C40,72.83,2.13,A
7,SA919X4XB40509-A98217A-R22-C41,82.72,1.99,A
7,SA919X4XB40509-A98217A-R22-C43,90.19,1.99,A
7,SA919X4XB40509-A98217A-R22-C44,78.43,2.06,A
7,SA919X4XB40509-A98217A-R22-C48,78.82,2.05,A
7,SA919X4XB40509-A98217A-R22-C49,82.12,1.99,A
7,SA919X4XB40509-A98217A-R22-C51,77.06,2.08,A
7,SA919X4XB40509-A98217A-R22-C52,77.94,2.19,A
7,SA919X4XB40509-A98217A-R22-C55,80.96,2.03,A
7,SA919X4XB40509-A98217A-R22-C57,83.97,2,A
7,SA919X4XB40509-A98217A-R22-C59,83.18,2.13,A
7,SA919X4XB40509-A98217A-R22-C67,68.65,1.92,A
7,SA919X4XB40509-A98217A-R22-C69,66.93,2.05,A
7,SA919X4XB40509-A98217A-R22-C70,77.47,2.08,A
7,SA919X4XB40509-A98217A-R23-C09,92.11,1.95,A
7,SA919X4XB40509-A98217A-R23-C13,107.45,2.08,A
7,SA919X4XB40509-A98217A-R23-C14,90.63,1.95,A
7,SA919X4XB40509-A98217A-R23-C15,94.58,1.98,A
7,SA919X4XB40509-A98217A-R23-C16,120.48,2.09,A
7,SA919X4XB40509-A98217A-R23-C18,73.45,1.84,A
7,SA919X4XB40509-A98217A-R23-C19,85.35,2.09,A
7,SA919X4XB40509-A98217A-R23-C20,84.99,2.03,A
7,SA919X4XB40509-A98217A-R23-C22,83.5,1.96,A
7,SA919X4XB40509-A98217A-R23-C23,93.3,1.97,A
7,SA919X4XB40509-A98217A-R23-C29,84.78,2.03,A
7,SA919X4XB40509-A98217A-R23-C32,89.8,2.05,A
7,SA919X4XB40509-A98217A-R23-C41,95.83,2.02,A
7,SA919X4XB40509-A98217A-R23-C42,108.45,2.05,A
7,SA919X4XB40509-A98217A-R23-C43,130.98,2.23,A
7,SA919X4XB40509-A98217A-R23-C46,101.87,1.99,A
7,SA919X4XB40509-A98217A-R23-C47,98.12,2.03,A
7,SA919X4XB40509-A98217A-R23-C48,94.51,1.98,A
7,SA919X4XB40509-A98217A-R23-C49,86.37,1.98,A
7,SA919X4XB40509-A98217A-R23-C51,94.82,2.03,A
7,SA919X4XB40509-A98217A-R23-C54,87.05,1.92,A
7,SA919X4XB40509-A98217A-R23-C56,101.72,2.04,A
7,SA919X4XB40509-A98217A-R23-C59,90.97,1.94,A
7,SA919X4XB40509-A98217A-R23-C61,94.95,1.98,A
7,SA919X4XB40509-A98217A-R23-C63,105.72,2.02,A
7,SA919X4XB40509-A98217A-R23-C67,87.96,1.93,A
7,SA919X4XB40509-A98217A-R23-C68,72.15,2.06,A
7,SA919X4XB40509-A98217A-R23-C69,77.51,2.08,A
7,SA919X4XB40509-A98217A-R24-C08,92.39,1.89,A
7,SA919X4XB40509-A98217A-R24-C09,97.92,2.02,A
7,SA919X4XB40509-A98217A-R24-C11,85.78,2.11,A
7,SA919X4XB40509-A98217A-R24-C13,106.5,1.97,A
7,SA919X4XB40509-A98217A-R24-C14,87.2,1.9,A
7,SA919X4XB40509-A98217A-R24-C16,102.32,1.96,A
7,SA919X4XB40509-A98217A-R24-C17,99.62,2.08,A
7,SA919X4XB40509-A98217A-R24-C18,90.4,2.03,A
7,SA919X4XB40509-A98217A-R24-C20,91.87,2.03,A
7,SA919X4XB40509-A98217A-R24-C21,87.87,1.99,A
7,SA919X4XB40509-A98217A-R24-C22,91.33,1.98,A
7,SA919X4XB40509-A98217A-R24-C26,87.62,1.95,A
7,SA919X4XB40509-A98217A-R24-C27,83.26,2.1,A
7,SA919X4XB40509-A98217A-R24-C28,82.7,2.01,A
7,SA919X4XB40509-A98217A-R24-C31,103.9,2.02,A
7,SA919X4XB40509-A98217A-R24-C37,82.45,1.99,A
7,SA919X4XB40509-A98217A-R24-C38,83.03,2.06,A
7,SA919X4XB40509-A98217A-R24-C39,95.35,1.95,A
7,SA919X4XB40509-A98217A-R24-C40,93.72,1.99,A
7,SA919X4XB40509-A98217A-R24-C42,100.57,1.96,A
7,SA919X4XB40509-A98217A-R24-C44,88.99,1.97,A
7,SA919X4XB40509-A98217A-R24-C47,101.8,2.04,A
7,SA919X4XB40509-A98217A-R24-C49,89.11,2.05,A
7,SA919X4XB40509-A98217A-R24-C50,90.7,1.98,A
7,SA919X4XB40509-A98217A-R24-C54,93.05,2.14,A
7,SA919X4XB40509-A98217A-R24-C56,111.23,2.02,A
7,SA919X4XB40509-A98217A-R24-C61,97.73,2.14,A
7,SA919X4XB40509-A98217A-R24-C62,86.51,1.99,A
7,SA919X4XB40509-A98217A-R24-C63,106.7,2.01,A
7,SA919X4XB40509-A98217A-R24-C66,101.09,1.99,A
7,SA919X4XB40509-A98217A-R24-C67,83.66,2.07,A
7,SA919X4XB40509-A98217A-R25-C14,78.33,1.87,A
7,SA919X4XB40509-A98217A-R25-C16,88.92,2.05,A
7,SA919X4XB40509-A98217A-R25-C17,83.86,1.91,A
7,SA919X4XB40509-A98217A-R25-C19,70.31,1.99,A
7,SA919X4XB40509-A98217A-R25-C23,81.63,1.95,A
7,SA919X4XB40509-A98217A-R25-C25,89.18,1.97,A
7,SA919X4XB40509-A98217A-R25-C26,82.05,2.04,A
7,SA919X4XB40509-A98217A-R25-C27,81.38,2,A
7,SA919X4XB40509-A98217A-R25-C28,87.18,2.1,A
7,SA919X4XB40509-A98217A-R25-C35,96.92,2,A
7,SA919X4XB40509-A98217A-R25-C39,90.55,1.99,A
7,SA919X4XB40509-A98217A-R25-C40,83.2,2.02,A
7,SA919X4XB40509-A98217A-R25-C41,84.49,2.02,A
7,SA919X4XB40509-A98217A-R25-C44,82.32,2.06,A
7,SA919X4XB40509-A98217A-R25-C48,83.1,2.02,A
7,SA919X4XB40509-A98217A-R25-C50,75.64,2.06,A
7,SA919X4XB40509-A98217A-R25-C51,85.39,2.01,A
7,SA919X4XB40509-A98217A-R25-C54,86.12,2,A
7,SA919X4XB40509-A98217A-R25-C55,96.55,1.99,A
7,SA919X4XB40509-A98217A-R25-C59,86.89,2.01,A
7,SA919X4XB40509-A98217A-R25-C61,91.25,2.02,A
7,SA919X4XB40509-A98217A-R25-C64,97.43,2.11,A
7,SA919X4XB40509-A98217A-R25-C65,72.13,6,A
7,SA919X4XB40509-A98217A-R25-C66,82.11,2.13,A
7,SA919X4XB40509-A98217A-R25-C67,70.35,2.05,A
7,SA919X4XB40509-A98217A-R25-C69,65.81,1.93,A
7,SA919X4XB40509-A98217A-R25-C70,77.2,1.99,A
7,SA919X4XB40509-A98217A-R26-C08,78.65,2.05,A
7,SA919X4XB40509-A98217A-R26-C12,69.91,1.94,A
7,SA919X4XB40509-A98217A-R26-C13,98.13,2,A
7,SA919X4XB40509-A98217A-R26-C17,92.96,2.02,A
7,SA919X4XB40509-A98217A-R26-C18,68.77,2.03,A
7,SA919X4XB40509-A98217A-R26-C21,73.56,2.04,A
7,SA919X4XB40509-A98217A-R26-C23,76.45,1.97,A
7,SA919X4XB40509-A98217A-R26-C25,80.23,1.97,A
7,SA919X4XB40509-A98217A-R26-C27,67.15,1.97,A
7,SA919X4XB40509-A98217A-R26-C29,63.72,1.97,A
7,SA919X4XB40509-A98217A-R26-C31,85.03,1.96,A
7,SA919X4XB40509-A98217A-R26-C38,68.52,2.04,A
7,SA919X4XB40509-A98217A-R26-C39,85.27,2.01,A
7,SA919X4XB40509-A98217A-R26-C44,72.04,1.9,A
7,SA919X4XB40509-A98217A-R26-C46,84,1.98,A
7,SA919X4XB40509-A98217A-R26-C50,69,2.04,A
7,SA919X4XB40509-A98217A-R26-C55,82.31,2,A
7,SA919X4XB40509-A98217A-R26-C56,93.34,1.99,A
7,SA919X4XB40509-A98217A-R26-C57,83.21,1.98,A
7,SA919X4XB40509-A98217A-R26-C61,76.41,2.02,A
7,SA919X4XB40509-A98217A-R26-C63,83.09,2.05,A
7,SA919X4XB40509-A98217A-R26-C66,70.92,1.92,A
7,SA919X4XB40509-A98217A-R26-C68,69.08,1.95,A
7,SA919X4XB40509-A98217A-R27-C09,90.4,2.02,A
7,SA919X4XB40509-A98217A-R27-C10,73.08,2.03,A
7,SA919X4XB40509-A98217A-R27-C12,75.82,1.95,A
7,SA919X4XB40509-A98217A-R27-C14,70.01,1.97,A
7,SA919X4XB40509-A98217A-R27-C16,90.9,2.03,A
7,SA919X4XB40509-A98217A-R27-C19,75.25,1.96,A
7,SA919X4XB40509-A98217A-R27-C24,103.94,2.01,A
7,SA919X4XB40509-A98217A-R27-C26,87.47,1.98,A
7,SA919X4XB40509-A98217A-R27-C31,89.75,2.07,A
7,SA919X4XB40509-A98217A-R27-C35,90.8,1.99,A
7,SA919X4XB40509-A98217A-R27-C38,76.3,1.97,A
7,SA919X4XB40509-A98217A-R27-C39,84.67,1.99,A
7,SA919X4XB40509-A98217A-R27-C41,90.33,2.02,A
7,SA919X4XB40509-A98217A-R27-C43,103.89,2.01,A
7,SA919X4XB40509-A98217A-R27-C48,96.55,2.12,A
7,SA919X4XB40509-A98217A-R27-C50,72.09,2.02,A
7,SA919X4XB40509-A98217A-R27-C51,100.4,2.17,A
7,SA919X4XB40509-A98217A-R27-C60,68.66,2.06,A
7,SA919X4XB40509-A98217A-R27-C61,84.83,2.01,A
7,SA919X4XB40509-A98217A-R27-C66,86.45,2.01,A
7,SA919X4XB40509-A98217A-R27-C67,71.56,2.04,A
7,SA919X4XB40509-A98217A-R27-C68,71.82,1.96,A
7,SA919X4XB40509-A98217A-R28-C13,96.73,2.06,A
7,SA919X4XB40509-A98217A-R28-C14,91.81,1.99,A
7,SA919X4XB40509-A98217A-R28-C17,86.39,2,A
7,SA919X4XB40509-A98217A-R28-C18,77.72,2.09,A
7,SA919X4XB40509-A98217A-R28-C20,78.94,2.04,A
7,SA919X4XB40509-A98217A-R28-C21,71.4,1.91,A
7,SA919X4XB40509-A98217A-R28-C23,63.79,2.01,A
7,SA919X4XB40509-A98217A-R28-C24,93.07,2,A
7,SA919X4XB40509-A98217A-R28-C28,70.91,2.07,A
7,SA919X4XB40509-A98217A-R28-C29,68.62,1.97,A
7,SA919X4XB40509-A98217A-R28-C31,87.36,1.96,A
7,SA919X4XB40509-A98217A-R28-C32,75.95,1.99,A
7,SA919X4XB40509-A98217A-R28-C37,72.4,2,A
7,SA919X4XB40509-A98217A-R28-C38,76.04,2,A
7,SA919X4XB40509-A98217A-R28-C44,73.38,2.01,A
7,SA919X4XB40509-A98217A-R28-C46,83.61,2.06,A
7,SA919X4XB40509-A98217A-R28-C50,76.07,2.04,A
7,SA919X4XB40509-A98217A-R28-C57,72.71,2.14,A
7,SA919X4XB40509-A98217A-R28-C60,75.51,2.09,A
7,SA919X4XB40509-A98217A-R28-C66,72.77,1.99,A
7,SA919X4XB40509-A98217A-R28-C68,65.18,1.98,A
7,SA919X4XB40509-A98217A-R29-C08,93.04,2.07,A
7,SA919X4XB40509-A98217A-R29-C09,86.57,1.98,A
7,SA919X4XB40509-A98217A-R29-C14,85.06,1.95,A
7,SA919X4XB40509-A98217A-R29-C15,83.38,2.06,A
7,SA919X4XB40509-A98217A-R29-C18,81.77,2.05,A
7,SA919X4XB40509-A98217A-R29-C19,75.46,1.96,A
7,SA919X4XB40509-A98217A-R29-C21,83.38,2.1,A
7,SA919X4XB40509-A98217A-R29-C23,89.88,2.01,A
7,SA919X4XB40509-A98217A-R29-C28,93.58,2.11,A
7,SA919X4XB40509-A98217A-R29-C30,81.94,2.07,A
7,SA919X4XB40509-A98217A-R29-C31,86.84,1.95,A
7,SA919X4XB40509-A98217A-R29-C32,84.56,1.95,A
7,SA919X4XB40509-A98217A-R29-C40,82.43,2.01,A
7,SA919X4XB40509-A98217A-R29-C43,103.66,2.04,A
7,SA919X4XB40509-A98217A-R29-C46,91.65,2.01,A
7,SA919X4XB40509-A98217A-R29-C52,79.07,2.06,A
7,SA919X4XB40509-A98217A-R29-C57,96.38,2.02,A
7,SA919X4XB40509-A98217A-R29-C59,86.78,1.94,A
7,SA919X4XB40509-A98217A-R29-C60,84.54,2.07,A
7,SA919X4XB40509-A98217A-R29-C66,74.95,1.97,A
7,SA919X4XB40509-A98217A-R29-C68,72.99,2.05,A
7,SA919X4XB40509-A98217A-R30-C12,71.67,2.03,A
7,SA919X4XB40509-A98217A-R30-C21,69.75,2.09,A
7,SA919X4XB40509-A98217A-R30-C35,85.47,2.03,A
7,SA919X4XB40509-A98217A-R30-C37,67.22,1.94,A
7,SA919X4XB40509-A98217A-R30-C38,68.88,2.03,A
7,SA919X4XB40509-A98217A-R30-C39,77.24,1.92,A
7,SA919X4XB40509-A98217A-R30-C40,75.38,2.01,A
7,SA919X4XB40509-A98217A-R30-C41,85.42,2.02,A
7,SA919X4XB40509-A98217A-R30-C42,80.44,2.07,A
7,SA919X7XB05588-A98299A-R03-C07,160.62,2.99,C
7,SA919X7XB05588-A98299A-R03-C09,146.5,2.94,C
7,SA919X7XB05588-A98299A-R03-C15,162.5,2.94,C
7,SA919X7XB05588-A98299A-R03-C17,187.97,2.99,C
7,SA919X7XB05588-A98299A-R03-C19,150.91,3.05,B
7,SA919X7XB05588-A98299A-R03-C24,174.81,3.02,C
7,SA919X7XB05588-A98299A-R03-C25,197.2,2.94,C
7,SA919X7XB05588-A98299A-R03-C27,176.61,3,C
7,SA919X7XB05588-A98299A-R03-C31,87.25,2.94,C
7,SA919X7XB05588-A98299A-R03-C39,186.17,2.95,C
7,SA919X7XB05588-A98299A-R03-C46,215.89,2.97,C
7,SA919X7XB05588-A98299A-R03-C47,159.85,2.94,B
7,SA919X7XB05588-A98299A-R03-C48,118.74,2.95,C
7,SA919X7XB05588-A98299A-R03-C49,174.26,2.95,C
7,SA919X7XB05588-A98299A-R03-C52,128.43,2.93,C
7,SA919X7XB05588-A98299A-R03-C56,210.78,2.97,C
7,SA919X7XB05588-A98299A-R03-C59,143.97,2.99,C
7,SA919X7XB05588-A98299A-R03-C60,186.41,2.94,C
7,SA919X7XB05588-A98299A-R03-C67,202.85,2.95,C
7,SA919X7XB05588-A98299A-R03-C68,205.88,2.94,C
7,SA919X7XB05588-A98299A-R03-C70,174.3,2.94,C
7,SA919X7XB05588-A98299A-R04-C08,213.76,2.97,C
7,SA919X7XB05588-A98299A-R04-C09,218.05,2.9,C
7,SA919X7XB05588-A98299A-R04-C13,342.65,3.01,C
7,SA919X7XB05588-A98299A-R04-C14,225.13,3,C
7,SA919X7XB05588-A98299A-R04-C15,202.47,2.96,C
7,SA919X7XB05588-A98299A-R04-C17,174.76,2.97,C
7,SA919X7XB05588-A98299A-R04-C22,162.93,2.97,C
7,SA919X7XB05588-A98299A-R04-C25,214.48,2.93,C
7,SA919X7XB05588-A98299A-R04-C39,203.08,2.97,C
7,SA919X7XB05588-A98299A-R04-C40,200.4,2.93,C
7,SA919X7XB05588-A98299A-R04-C41,221.62,2.96,C
7,SA919X7XB05588-A98299A-R04-C44,216.31,2.96,C
7,SA919X7XB05588-A98299A-R04-C48,144.27,2.01,A
7,SA919X7XB05588-A98299A-R04-C49,186.03,2.98,C
7,SA919X7XB05588-A98299A-R04-C56,204.9,2.94,C
7,SA919X7XB05588-A98299A-R04-C57,225.31,2.98,C
7,SA919X7XB05588-A98299A-R04-C60,221.78,2.9,C
7,SA919X7XB05588-A98299A-R04-C61,232.67,2.95,C
7,SA919X7XB05588-A98299A-R04-C63,212.58,2.99,C
7,SA919X7XB05588-A98299A-R05-C08,209.31,2.95,C
7,SA919X7XB05588-A98299A-R05-C11,187.54,2.89,C
7,SA919X7XB05588-A98299A-R05-C14,210.65,2.9,C
7,SA919X7XB05588-A98299A-R05-C15,215.22,2.96,C
7,SA919X7XB05588-A98299A-R05-C19,213.4,2.97,C
7,SA919X7XB05588-A98299A-R05-C21,219.12,2.96,C
7,SA919X7XB05588-A98299A-R05-C22,202.84,2.98,C
7,SA919X7XB05588-A98299A-R05-C24,229.7,2.91,C
7,SA919X7XB05588-A98299A-R05-C33,149.22,2.96,C
7,SA919X7XB05588-A98299A-R05-C35,246.79,2.94,C
7,SA919X7XB05588-A98299A-R05-C36,220.43,2.93,C
7,SA919X7XB05588-A98299A-R05-C39,235.36,2.94,C
7,SA919X7XB05588-A98299A-R05-C40,203.44,2.98,C
7,SA919X7XB05588-A98299A-R05-C48,205.64,2.94,C
7,SA919X7XB05588-A98299A-R05-C49,187.34,2.95,C
7,SA919X7XB05588-A98299A-R05-C51,231.33,2.96,C
7,SA919X7XB05588-A98299A-R05-C52,188.22,3.01,C
7,SA919X7XB05588-A98299A-R05-C57,224.43,2.95,C
7,SA919X7XB05588-A98299A-R05-C60,320.37,2.94,C
7,SA919X7XB05588-A98299A-R05-C67,236.07,3.03,C
7,SA919X7XB05588-A98299A-R05-C69,221.91,3,C
7,SA919X7XB05588-A98299A-R06-C16,196.32,2.93,C
7,SA919X7XB05588-A98299A-R06-C21,183.64,2.95,C
7,SA919X7XB05588-A98299A-R06-C25,209.03,2.91,C
7,SA919X7XB05588-A98299A-R06-C29,181.71,2.93,C
7,SA919X7XB05588-A98299A-R06-C35,183.89,2.94,C
7,SA919X7XB05588-A98299A-R06-C37,185.02,2.95,C
7,SA919X7XB05588-A98299A-R06-C38,96.9,2.91,C
7,SA919X7XB05588-A98299A-R06-C51,207.73,2.93,C
7,SA919X7XB05588-A98299A-R06-C59,193.7,3.08,C
7,SA919X7XB05588-A98299A-R06-C60,199.55,2.97,C
7,SA919X7XB05588-A98299A-R06-C61,209.24,3,C
7,SA919X7XB05588-A98299A-R06-C64,202.85,3.02,C
7,SA919X7XB05588-A98299A-R07-C14,206.89,2.94,C
7,SA919X7XB05588-A98299A-R07-C19,168.47,2.94,C
7,SA919X7XB05588-A98299A-R07-C25,217.48,2.96,C
7,SA919X7XB05588-A98299A-R07-C28,193.67,2.95,C
7,SA919X7XB05588-A98299A-R07-C31,201.42,2.99,C
7,SA919X7XB05588-A98299A-R07-C32,191.55,2.97,C
7,SA919X7XB05588-A98299A-R07-C36,147.85,2.98,C
7,SA919X7XB05588-A98299A-R07-C39,195.62,2.91,B
7,SA919X7XB05588-A98299A-R07-C46,209.29,3.04,C
7,SA919X7XB05588-A98299A-R07-C48,193.4,2.93,C
7,SA919X7XB05588-A98299A-R07-C54,194.28,2.94,C
7,SA919X7XB05588-A98299A-R07-C61,256.15,3,C
7,SA919X7XB05588-A98299A-R07-C63,209.3,2.92,C
7,SA919X7XB05588-A98299A-R08-C07,200.33,2.94,C
7,SA919X7XB05588-A98299A-R08-C09,210.62,2.96,C
7,SA919X7XB05588-A98299A-R08-C13,243.51,2.95,C
7,SA919X7XB05588-A98299A-R08-C17,210.9,2.99,C
7,SA919X7XB05588-A98299A-R08-C19,182.4,2.99,C
7,SA919X7XB05588-A98299A-R08-C23,183.36,3,C
7,SA919X7XB05588-A98299A-R08-C24,217.84,2.87,C
7,SA919X7XB05588-A98299A-R08-C28,195.03,2.9,C
7,SA919X7XB05588-A98299A-R08-C30,225.46,3.02,C
7,SA919X7XB05588-A98299A-R08-C31,211.53,2.95,C
7,SA919X7XB05588-A98299A-R08-C33,152.55,2.99,C
7,SA919X7XB05588-A98299A-R08-C36,177.8,2.96,C
7,SA919X7XB05588-A98299A-R08-C37,214.3,3.01,C
7,SA919X7XB05588-A98299A-R08-C39,215.02,2.97,C
7,SA919X7XB05588-A98299A-R08-C41,200.53,2.92,C
7,SA919X7XB05588-A98299A-R08-C46,208.5,2.98,C
7,SA919X7XB05588-A98299A-R08-C51,224.77,2.9,C
7,SA919X7XB05588-A98299A-R08-C52,161.35,2.96,C
7,SA919X7XB05588-A98299A-R08-C63,219.17,2.93,C
7,SA919X7XB05588-A98299A-R09-C08,157.57,2.96,C
7,SA919X7XB05588-A98299A-R09-C09,170.94,2.94,C
7,SA919X7XB05588-A98299A-R09-C11,159.06,2.93,C
7,SA919X7XB05588-A98299A-R09-C12,143.07,2.96,C
7,SA919X7XB05588-A98299A-R09-C13,223.75,3,C
7,SA919X7XB05588-A98299A-R09-C15,145.73,3.02,C
7,SA919X7XB05588-A98299A-R09-C19,154.66,2.94,C
7,SA919X7XB05588-A98299A-R09-C20,116.31,2.89,C
7,SA919X7XB05588-A98299A-R09-C23,164.6,2.9,C
7,SA919X7XB05588-A98299A-R09-C25,192.24,2.98,C
7,SA919X7XB05588-A98299A-R09-C30,161.88,2.95,C
7,SA919X7XB05588-A98299A-R09-C40,162.72,2.96,C
7,SA919X7XB05588-A98299A-R09-C43,263.39,2.93,C
7,SA919X7XB05588-A98299A-R09-C44,178.64,2.96,C
7,SA919X7XB05588-A98299A-R09-C48,212.79,2.94,C
7,SA919X7XB05588-A98299A-R09-C52,176.58,2.97,C
7,SA919X7XB05588-A98299A-R09-C59,161.45,2.91,C
7,SA919X7XB05588-A98299A-R09-C61,207.65,3,C
7,SA919X7XB05588-A98299A-R09-C67,195.49,2.95,C
7,SA919X7XB05588-A98299A-R09-C68,94.1,2.97,C
7,SA919X7XB05588-A98299A-R09-C69,158.59,2.96,C
7,SA919X7XB05588-A98299A-R10-C20,144.91,2.91,C
7,SA919X7XB05588-A98299A-R10-C22,165.07,2.96,C
7,SA919X7XB05588-A98299A-R10-C24,221.3,2.93,C
7,SA919X7XB05588-A98299A-R10-C33,132.52,3.03,C
7,SA919X7XB05588-A98299A-R10-C35,226.31,2.94,C
7,SA919X7XB05588-A98299A-R10-C36,186.22,2.95,C
7,SA919X7XB05588-A98299A-R10-C38,107.79,2.91,C
7,SA919X7XB05588-A98299A-R10-C40,207.45,2.89,C
7,SA919X7XB05588-A98299A-R10-C43,245.33,2.89,C
7,SA919X7XB05588-A98299A-R10-C44,207.07,2.95,C
7,SA919X7XB05588-A98299A-R10-C48,196.96,2.94,C
7,SA919X7XB05588-A98299A-R10-C49,179.85,2.97,C
7,SA919X7XB05588-A98299A-R10-C51,232.78,2.93,C
7,SA919X7XB05588-A98299A-R10-C59,207.02,2.98,B
7,SA919X7XB05588-A98299A-R10-C61,232.99,2.91,C
7,SA919X7XB05588-A98299A-R10-C63,232.26,2.95,C
7,SA919X7XB05588-A98299A-R10-C64,196.59,2.97,B
7,SA919X7XB05588-A98299A-R10-C68,213.05,2.97,B
7,SA919X7XB05588-A98299A-R10-C70,217.97,2.95,B
7,SA919X7XB05588-A98299A-R11-C09,196.3,2.97,C
7,SA919X7XB05588-A98299A-R11-C13,242.03,3,C
7,SA919X7XB05588-A98299A-R11-C21,203.56,2.97,C
7,SA919X7XB05588-A98299A-R11-C24,218.88,2.94,C
7,SA919X7XB05588-A98299A-R11-C30,211.34,2.94,C
7,SA919X7XB05588-A98299A-R11-C31,214.18,2.98,C
7,SA919X7XB05588-A98299A-R11-C32,192.63,2.96,C
7,SA919X7XB05588-A98299A-R11-C33,130.93,2.98,C
7,SA919X7XB05588-A98299A-R11-C40,204.17,2.96,C
7,SA919X7XB05588-A98299A-R11-C48,200.83,2.96,C
7,SA919X7XB05588-A98299A-R11-C68,131.38,2.91,C
7,SA919X7XB05588-A98299A-R12-C17,219.69,2.95,C
7,SA919X7XB05588-A98299A-R12-C19,175.94,2.93,C
7,SA919X7XB05588-A98299A-R12-C22,167.08,3.02,C
7,SA919X7XB05588-A98299A-R12-C23,229.8,2.91,C
7,SA919X7XB05588-A98299A-R12-C25,316.15,2.98,C
7,SA919X7XB05588-A98299A-R12-C28,203,2.97,C
7,SA919X7XB05588-A98299A-R12-C30,163.68,7.22,B
7,SA919X7XB05588-A98299A-R12-C35,296.46,3,C
7,SA919X7XB05588-A98299A-R12-C36,262.57,3.04,C
7,SA919X7XB05588-A98299A-R12-C41,222.19,2.98,C
7,SA919X7XB05588-A98299A-R12-C45,101.08,3.04,C
7,SA919X7XB05588-A98299A-R12-C46,231.96,3,C
7,SA919X7XB05588-A98299A-R12-C47,232.44,2.92,C
7,SA919X7XB05588-A98299A-R12-C51,231.63,2.91,C
7,SA919X7XB05588-A98299A-R12-C55,215.54,2.92,C
7,SA919X7XB05588-A98299A-R12-C57,228,2.93,C
7,SA919X7XB05588-A98299A-R12-C60,231.87,2.95,C
7,SA919X7XB05588-A98299A-R12-C67,235.93,2.98,C
7,SA919X7XB05588-A98299A-R12-C69,204.54,2.97,C
7,SA919X7XB05588-A98299A-R12-C70,197.55,2.95,C
7,SA919X7XB05588-A98299A-R13-C13,206.85,2.93,C
7,SA919X7XB05588-A98299A-R13-C14,189.57,2.93,C
7,SA919X7XB05588-A98299A-R13-C23,119.87,2.99,C
7,SA919X7XB05588-A98299A-R13-C27,143.86,2.88,C
7,SA919X7XB05588-A98299A-R13-C30,184.29,3.05,C
7,SA919X7XB05588-A98299A-R13-C31,193.4,2.97,C
7,SA919X7XB05588-A98299A-R13-C36,131.85,2.49,C
7,SA919X7XB05588-A98299A-R13-C49,194.83,2.99,C
7,SA919X7XB05588-A98299A-R13-C51,186.74,2.99,C
7,SA919X7XB05588-A98299A-R13-C56,187.66,3.01,C
7,SA919X7XB05588-A98299A-R13-C60,193.48,2.96,C
7,SA919X7XB05588-A98299A-R13-C67,166.93,2.93,C
7,SA919X7XB05588-A98299A-R14-C11,176.48,2.99,C
7,SA919X7XB05588-A98299A-R14-C13,239.16,2.95,C
7,SA919X7XB05588-A98299A-R14-C14,213.24,2.91,C
7,SA919X7XB05588-A98299A-R14-C16,214.68,2.98,C
7,SA919X7XB05588-A98299A-R14-C17,176.66,2.87,C
7,SA919X7XB05588-A98299A-R14-C19,144.51,2.97,C
7,SA919X7XB05588-A98299A-R14-C21,186.93,2.95,C
7,SA919X7XB05588-A98299A-R14-C22,171.44,3.1,C
7,SA919X7XB05588-A98299A-R14-C23,216.63,2.86,B
7,SA919X7XB05588-A98299A-R14-C24,228.32,2.94,C
7,SA919X7XB05588-A98299A-R14-C25,236.56,2.96,C
7,SA919X7XB05588-A98299A-R14-C27,173.01,3,C
7,SA919X7XB05588-A98299A-R14-C28,212.16,3,C
7,SA919X7XB05588-A98299A-R14-C31,232.03,2.99,C
7,SA919X7XB05588-A98299A-R14-C35,240.1,2.91,C
7,SA919X7XB05588-A98299A-R14-C37,201.32,2.95,B
7,SA919X7XB05588-A98299A-R14-C38,122.83,2.96,B
7,SA919X7XB05588-A98299A-R14-C41,262.02,2.91,B
7,SA919X7XB05588-A98299A-R14-C51,238.58,2.93,C
7,SA919X7XB05588-A98299A-R14-C54,193.05,2.95,C
7,SA919X7XB05588-A98299A-R14-C59,205.97,2.94,C
7,SA919X7XB05588-A98299A-R14-C64,208.59,2.92,C
7,SA919X7XB05588-A98299A-R14-C67,233.23,2.99,C
7,SA919X7XB05588-A98299A-R14-C70,166.4,2.93,C
7,SA919X7XB05588-A98299A-R15-C12,192.52,2.96,C
7,SA919X7XB05588-A98299A-R15-C14,236.47,2.93,C
7,SA919X7XB05588-A98299A-R15-C16,233.65,2.94,C
7,SA919X7XB05588-A98299A-R15-C37,201.04,2.89,C
7,SA919X7XB05588-A98299A-R15-C38,90.69,2.08,C
7,SA919X7XB05588-A98299A-R15-C39,225.2,2.93,C
7,SA919X7XB05588-A98299A-R15-C46,204.17,2.95,C
7,SA919X7XB05588-A98299A-R15-C52,159.07,2.87,C
7,SA919X7XB05588-A98299A-R15-C56,227.51,2.87,C
7,SA919X7XB05588-A98299A-R15-C70,204.54,2.97,C
7,SA919X7XB05588-A98299A-R16-C07,187.75,2.96,C
7,SA919X7XB05588-A98299A-R16-C09,227.3,2.95,C
7,SA919X7XB05588-A98299A-R16-C14,231.42,2.96,C
7,SA919X7XB05588-A98299A-R16-C16,184.95,2.98,C
7,SA919X7XB05588-A98299A-R16-C22,127.59,2.91,B
7,SA919X7XB05588-A98299A-R16-C24,188.43,2.9,C
7,SA919X7XB05588-A98299A-R16-C25,185.49,2.88,C
7,SA919X7XB05588-A98299A-R16-C29,164.83,2.87,C
7,SA919X7XB05588-A98299A-R16-C32,183.14,3,C
7,SA919X7XB05588-A98299A-R16-C36,152.48,2.92,C
7,SA919X7XB05588-A98299A-R16-C38,95.5,2.98,C
7,SA919X7XB05588-A98299A-R16-C39,195.29,2.98,C
7,SA919X7XB05588-A98299A-R16-C47,191.11,2.97,C
7,SA919X7XB05588-A98299A-R16-C48,177.85,2.96,C
7,SA919X7XB05588-A98299A-R16-C49,155.88,2.99,C
7,SA919X7XB05588-A98299A-R16-C64,168.88,2.96,C
7,SA919X7XB05588-A98299A-R16-C65,126.69,2.86,C
7,SA919X7XB05588-A98299A-R16-C70,160.85,2.94,C
7,SA919X7XB05588-A98299A-R17-C13,212.9,2.92,C
7,SA919X7XB05588-A98299A-R17-C14,201.5,2.92,C
7,SA919X7XB05588-A98299A-R17-C17,205.14,2.99,C
7,SA919X7XB05588-A98299A-R17-C21,198.77,2.9,C
7,SA919X7XB05588-A98299A-R17-C24,227.3,3.04,C
7,SA919X7XB05588-A98299A-R17-C27,172.88,2.91,C
7,SA919X7XB05588-A98299A-R17-C31,176.28,2.8,C
7,SA919X7XB05588-A98299A-R17-C32,193.86,2.91,C
7,SA919X7XB05588-A98299A-R17-C33,119.8,2.95,C
7,SA919X7XB05588-A98299A-R17-C35,224.31,2.94,C
7,SA919X7XB05588-A98299A-R17-C36,165.17,3,C
7,SA919X7XB05588-A98299A-R17-C37,196.82,2.97,C
7,SA919X7XB05588-A98299A-R17-C39,210.54,2.93,C
7,SA919X7XB05588-A98299A-R17-C41,205.59,2.97,C
7,SA919X7XB05588-A98299A-R17-C44,213.26,2.89,C
7,SA919X7XB05588-A98299A-R17-C48,208.82,2.97,B
7,SA919X7XB05588-A98299A-R17-C51,235.37,2.95,C
7,SA919X7XB05588-A98299A-R17-C54,190.01,2.99,C
7,SA919X7XB05588-A98299A-R17-C57,207.53,3,C
7,SA919X7XB05588-A98299A-R17-C60,215.02,2.98,C
7,SA919X7XB05588-A98299A-R17-C67,217.8,2.95,C
7,SA919X7XB05588-A98299A-R17-C69,168.42,3.01,C
7,SA919X7XB05588-A98299A-R18-C08,197.12,2.93,C
7,SA919X7XB05588-A98299A-R18-C09,199.48,2.94,C
7,SA919X7XB05588-A98299A-R18-C14,209.78,2.95,C
7,SA919X7XB05588-A98299A-R18-C15,182.68,2.94,C
7,SA919X7XB05588-A98299A-R18-C21,191.91,2.98,C
7,SA919X7XB05588-A98299A-R18-C27,104.68,3.19,C
7,SA919X7XB05588-A98299A-R18-C28,190.34,2.98,C
7,SA919X7XB05588-A98299A-R18-C29,180.08,2.9,B
7,SA919X7XB05588-A98299A-R18-C30,234.75,2.99,C
7,SA919X7XB05588-A98299A-R18-C32,187.13,2.94,C
7,SA919X7XB05588-A98299A-R18-C36,151.59,2.95,C
7,SA919X7XB05588-A98299A-R18-C37,177.44,2.98,C
7,SA919X7XB05588-A98299A-R18-C38,100.59,3.01,C
7,SA919X7XB05588-A98299A-R18-C39,175.5,2.95,C
7,SA919X7XB05588-A98299A-R18-C40,186.65,2.93,C
7,SA919X7XB05588-A98299A-R18-C48,189.65,3.01,C
7,SA919X7XB05588-A98299A-R18-C52,159.45,3.01,C
7,SA919X7XB05588-A98299A-R18-C59,189.47,2.94,C
7,SA919X7XB05588-A98299A-R18-C60,185.5,2.89,C
7,SA919X7XB05588-A98299A-R18-C67,202.78,2.98,C
7,SA919X7XB05588-A98299A-R19-C09,104.85,3.01,C
7,SA919X7XB05588-A98299A-R19-C12,99.46,3.08,C
7,SA919X7XB05588-A98299A-R19-C15,93.39,3.01,C
7,SA919X7XB05588-A98299A-R19-C21,99.45,3.06,C
7,SA919X7XB05588-A98299A-R19-C31,102.78,2.92,C
7,SA919X7XB05588-A98299A-R19-C32,94.97,2.93,C
7,SA919X7XB05588-A98299A-R19-C41,91.14,2.92,C
7,SA919X7XB05588-A98299A-R19-C51,109.5,2.97,C
7,SA919X7XB05588-A98299A-R19-C54,94.97,2.95,C
7,SA919X7XB05588-A98299A-R19-C55,94.51,2.93,C
7,SA919X7XB05588-A98299A-R19-C57,97.09,2.91,C
7,SA919X7XB05588-A98299A-R19-C63,102.05,3.02,C
7,SA919X7XB05588-A98299A-R19-C64,99.77,2.96,C
7,SA919X7XB05588-A98299A-R19-C67,109.1,3.01,C
7,SA919X7XB05588-A98299A-R19-C68,89.48,2.98,C
7,SA919X7XB05588-A98299A-R20-C13,166.71,2.98,C
7,SA919X7XB05588-A98299A-R20-C27,219.12,2.88,C
7,SA919X7XB05588-A98299A-R20-C29,201.85,2.99,C
7,SA919X7XB05588-A98299A-R20-C31,203.48,2.88,C
7,SA919X7XB05588-A98299A-R20-C33,108.93,2.98,C
7,SA919X7XB05588-A98299A-R20-C36,182.05,2.94,C
7,SA919X7XB05588-A98299A-R20-C37,199.35,2.98,C
7,SA919X7XB05588-A98299A-R20-C38,120.87,2.99,C
7,SA919X7XB05588-A98299A-R20-C40,248.17,3.1,C
7,SA919X7XB05588-A98299A-R20-C43,254.35,2.93,C
7,SA919X7XB05588-A98299A-R20-C44,199.75,2.97,C
7,SA919X7XB05588-A98299A-R20-C46,189.78,2.94,C
7,SA919X7XB05588-A98299A-R20-C49,166.76,3,C
7,SA919X7XB05588-A98299A-R20-C52,134.75,2.97,C
7,SA919X7XB05588-A98299A-R20-C55,250,3,C
7,SA919X7XB05588-A98299A-R20-C57,203.15,2.92,C
7,SA919X7XB05588-A98299A-R20-C59,206.77,2.91,C
7,SA919X7XB05588-A98299A-R20-C68,205.84,3,C
7,SA919X7XB05588-A98299A-R20-C69,179.25,2.96,C
7,SA919X7XB05588-A98299A-R20-C70,210.3,3,C
7,SA919X7XB05588-A98299A-R21-C09,130.95,2.97,C
7,SA919X7XB05588-A98299A-R21-C15,154.6,2.95,C
7,SA919X7XB05588-A98299A-R21-C16,165.13,2.99,C
7,SA919X7XB05588-A98299A-R21-C22,130.03,3,C
7,SA919X7XB05588-A98299A-R21-C27,133.91,2.99,C
7,SA919X7XB05588-A98299A-R21-C28,154.71,2.94,C
7,SA919X7XB05588-A98299A-R21-C31,138.68,3.01,C
7,SA919X7XB05588-A98299A-R21-C35,100.06,2.8,C
7,SA919X7XB05588-A98299A-R21-C37,148.36,2.94,B
7,SA919X7XB05588-A98299A-R21-C39,148.22,2.98,C
7,SA919X7XB05588-A98299A-R21-C46,121.55,3.03,C
7,SA919X7XB05588-A98299A-R21-C47,136.41,2.92,C
7,SA919X7XB05588-A98299A-R21-C49,136.58,3,C
7,SA919X7XB05588-A98299A-R21-C54,140.43,2.97,C
7,SA919X7XB05588-A98299A-R21-C61,170.88,3.03,C
7,SA919X7XB05588-A98299A-R21-C64,146.58,2.95,C
7,SA919X7XB05588-A98299A-R21-C65,101.06,3,C
7,SA919X7XB05588-A98299A-R21-C68,115.97,2.94,C
7,SA919X7XB05588-A98299A-R22-C09,157.96,3,C
7,SA919X7XB05588-A98299A-R22-C14,162.3,2.93,C
7,SA919X7XB05588-A98299A-R22-C22,103.95,3,C
7,SA919X7XB05588-A98299A-R22-C27,137.43,2.88,C
7,SA919X7XB05588-A98299A-R22-C28,166.24,2.97,B
7,SA919X7XB05588-A98299A-R22-C31,168.97,3.01,C
7,SA919X7XB05588-A98299A-R22-C38,93.93,2.99,C
7,SA919X7XB05588-A98299A-R22-C40,134.93,2.98,C
7,SA919X7XB05588-A98299A-R22-C43,179.06,2.93,C
7,SA919X7XB05588-A98299A-R22-C46,179.82,2.85,C
7,SA919X7XB05588-A98299A-R22-C48,139.93,2.93,C
7,SA919X7XB05588-A98299A-R22-C51,170.6,3.01,C
7,SA919X7XB05588-A98299A-R22-C55,173.98,3.03,C
7,SA919X7XB05588-A98299A-R22-C57,145.03,2.94,C
7,SA919X7XB05588-A98299A-R22-C61,162.82,2.93,C
7,SA919X7XB05588-A98299A-R22-C64,141.93,3.02,C
7,SA919X7XB05588-A98299A-R22-C67,164.02,2.95,C
7,SA919X7XB05588-A98299A-R22-C70,161.85,3.02,B
7,SA919X7XB05588-A98299A-R23-C09,254.6,2.93,C
7,SA919X7XB05588-A98299A-R23-C13,183.93,3.06,C
7,SA919X7XB05588-A98299A-R23-C16,221.77,2.95,C
7,SA919X7XB05588-A98299A-R23-C23,213.5,2.94,C
7,SA919X7XB05588-A98299A-R23-C27,178.88,2.91,C
7,SA919X7XB05588-A98299A-R23-C28,117.44,2.93,C
7,SA919X7XB05588-A98299A-R23-C30,148.84,2.8,C
7,SA919X7XB05588-A98299A-R23-C33,121.51,2.96,C
7,SA919X7XB05588-A98299A-R23-C47,201.19,2.98,C
7,SA919X7XB05588-A98299A-R23-C48,221.18,2.99,C
7,SA919X7XB05588-A98299A-R23-C49,165.49,2.9,C
7,SA919X7XB05588-A98299A-R23-C69,157.55,3.03,C
7,SA919X7XB05588-A98299A-R24-C17,215.15,2.91,C
7,SA919X7XB05588-A98299A-R24-C55,221.45,2.96,C
7,SA919X7XB05588-A98299A-R24-C57,216.11,2.95,C
7,SA919X7XB05588-A98299A-R24-C59,197.33,2.93,C
7,SA919X7XB05588-A98299A-R24-C61,226.25,2.97,C
7,SA919X7XB05588-A98299A-R24-C70,188.55,2.94,C
7,SA919X7XB05588-A98299A-R25-C22,127.18,2.99,C
7,SA919X7XB05588-A98299A-R25-C32,175.18,2.91,C
7,SA919X7XB05588-A98299A-R25-C51,187.32,2.93,C
7,SA919X7XB05588-A98299A-R25-C52,130.45,2.89,C
7,SA919X7XB05588-A98299A-R25-C55,211.14,2.97,C
7,SA919X7XB05588-A98299A-R25-C56,182.25,3.02,C
7,SA919X7XB05588-A98299A-R25-C60,165.9,2.98,C
7,SA919X7XB05588-A98299A-R25-C64,183.21,2.96,C
7,SA919X7XB05588-A98299A-R25-C65,99.22,3.02,C
7,SA919X7XB05588-A98299A-R26-C38,107.31,3.11,C
7,SA919X7XB05588-A98299A-R26-C46,190.66,2.99,C
7,SA919X7XB05588-A98299A-R26-C48,168.17,2.95,C
7,SA919X7XB05588-A98299A-R26-C49,152.63,3.01,C
7,SA919X7XB05588-A98299A-R26-C55,188.66,2.97,C
7,SA919X7XB05588-A98299A-R26-C59,172.57,3,C
7,SA919X7XB05588-A98299A-R26-C65,116.09,2.99,C
7,SA919X7XB05588-A98299A-R27-C07,182.48,2.96,C
7,SA919X7XB05588-A98299A-R27-C08,188.28,2.97,C
7,SA919X7XB05588-A98299A-R27-C24,206.49,2.97,C
7,SA919X7XB05588-A98299A-R27-C32,187.25,2.94,C
7,SA919X7XB05588-A98299A-R27-C44,177.41,2.98,C
7,SA919X7XB05588-A98299A-R27-C46,208.48,3.02,B
7,SA919X7XB05588-A98299A-R27-C56,200.38,2.9,C
7,SA919X7XB05588-A98299A-R27-C59,159.12,2.89,C
7,SA919X7XB05588-A98299A-R27-C61,181.26,2.99,C
7,SA919X7XB05588-A98299A-R27-C63,190.52,2.92,C
7,SA919X7XB05588-A98299A-R27-C68,156.62,2.92,C
7,SA919X7XB05588-A98299A-R28-C32,185.32,2.95,C
7,SA919X7XB05588-A98299A-R28-C40,186.9,2.94,C
7,SA919X7XB05588-A98299A-R28-C44,167.28,3.04,B
7,SA919X7XB05588-A98299A-R28-C47,183.56,3.02,C
7,SA919X7XB05588-A98299A-R28-C49,104.94,2.97,C
7,SA919X7XB05588-A98299A-R28-C51,216.62,2.94,C
7,SA919X7XB05588-A98299A-R28-C59,184.09,2.95,C
7,SA919X7XB05588-A98299A-R28-C63,208.78,2.9,C
7,SA919X7XB05588-A98299A-R28-C68,135.82,2.96,C
7,SA919X7XB05588-A98299A-R28-C69,164.01,3.01,B
7,SA919X7XB05588-A98299A-R28-C70,124.18,2.78,C
7,SA919X7XB05588-A98299A-R29-C07,195.69,2.99,C
7,SA919X7XB05588-A98299A-R29-C19,165.28,2.87,C
7,SA919X7XB05588-A98299A-R29-C21,197.29,2.97,C
7,SA919X7XB05588-A98299A-R29-C41,196.9,2.96,C
7,SA919X7XB05588-A98299A-R29-C46,192.46,2.87,C
7,SA919X7XB05588-A98299A-R29-C47,195.27,2.99,C
7,SA919X7XB05588-A98299A-R29-C51,216.58,2.96,C
7,SA919X7XB05588-A98299A-R29-C55,155.35,2.9,C
7,SA919X7XB05588-A98299A-R29-C59,187.08,3.02,C
7,SA919X7XB05588-A98299A-R29-C64,211.27,3.01,C
7,SA919X7XB05588-A98299A-R29-C65,126.85,3.05,C
7,SA919X7XB05588-A98299A-R29-C69,160.54,2.96,C
7,SA919X7XB05588-A98299A-R29-C70,159.28,3.05,C
7,SA919X7XB05588-A98299A-R30-C07,157.29,2.95,C
7,SA919X7XB05588-A98299A-R30-C35,157.58,2.96,C
7,SA919X7XB05588-A98299A-R30-C46,148,2.91,B
7,SA919X7XB05588-A98299A-R30-C48,146.22,2.94,C
7,SA919X7XB05588-A98299A-R30-C49,131.94,2.97,C
7,SA919X7XB05588-A98299A-R30-C54,140.37,2.99,C
7,SA919X7XB05588-A98299A-R30-C60,151.58,2.95,C
7,SA919X7XB05691-A96204B-R29-C07,341.52,2.95,B
7,SA919X7XB05691-A96204B-R29-C08,339.97,2.93,B
7,SA919X7XB05691-A96204B-R29-C12,382.84,2.97,B
7,SA919X7XB05691-A96204B-R29-C15,340.89,2.88,B
7,SA919X7XB05691-A96204B-R29-C16,363.27,2.9,B
7,SA919X7XB05691-A96204B-R29-C17,356.39,2.93,B
7,SA919X7XB05691-A96204B-R29-C18,232.17,2.94,B
7,SA919X7XB05691-A96204B-R29-C20,338.06,2.92,B
7,SA919X7XB05691-A96204B-R29-C22,330.39,2.93,B
7,SA919X7XB05691-A96204B-R29-C23,347.42,2.89,B
7,SA919X7XB05691-A96204B-R29-C29,290.18,2.89,B
7,SA919X7XB05691-A96204B-R29-C30,294.83,2.89,B
7,SA919X7XB05691-A96204B-R29-C32,355.81,2.96,B
7,SA919X7XB05691-A96204B-R29-C33,217.57,2.99,B
7,SA919X7XB05691-A96204B-R29-C34,205.82,2.93,B
7,SA919X7XB05691-A96204B-R29-C35,501.3,2.94,B
7,SA919X7XB05691-A96204B-R29-C36,197.98,2.93,B
7,SA919X7XB05691-A96204B-R29-C38,278.95,2.89,B
7,SA919X7XB05691-A96204B-R29-C40,323.5,2.89,B
7,SA919X7XB05691-A96204B-R29-C41,336.97,2.92,B
7,SA919X7XB05691-A96204B-R29-C43,344.83,2.9,B
7,SA919X7XB05691-A96204B-R29-C44,468.92,2.94,B
7,SA919X7XB05691-A96204B-R29-C45,218.92,2.94,B
7,SA919X7XB05691-A96204B-R29-C48,337.2,2.87,B
7,SA919X7XB05691-A96204B-R29-C49,308.95,2.95,B
7,SA919X7XB05691-A96204B-R29-C54,328.47,2.87,B
7,SA919X7XB05691-A96204B-R29-C57,352.15,2.95,B
7,SA919X7XB05691-A96204B-R29-C58,467.28,2.96,B
7,SA919X7XB05691-A96204B-R29-C63,358.55,2.93,B
7,SA919X7XB05691-A96204B-R29-C65,208.25,3.02,B
7,SA919X7XB05691-A96204B-R29-C68,291.75,2.9,B
7,SA919X7XB05691-A96204B-R29-C69,304.32,2.9,B
7,SA919X7XB05691-A96204B-R30-C07,279.42,2.9,B
7,SA919X7XB05691-A96204B-R30-C09,342.15,3.03,B
7,SA919X7XB05691-A96204B-R30-C10,196.65,2.96,B
7,SA919X7XB05691-A96204B-R30-C11,326.02,2.93,B
7,SA919X7XB05691-A96204B-R30-C12,218.87,2.94,B
7,SA919X7XB05691-A96204B-R30-C14,252.48,2.91,B
7,SA919X7XB05691-A96204B-R30-C19,222.26,2.94,B
7,SA919X7XB05691-A96204B-R30-C22,262.04,2.89,B
7,SA919X7XB05691-A96204B-R30-C28,367.6,2.92,B
7,SA919X7XB05691-A96204B-R30-C33,205.66,2.97,B
7,SA919X7XB05691-A96204B-R30-C35,255,2.91,B
7,SA919X7XB05691-A96204B-R30-C37,222.37,2.95,B
7,SA919X7XB05691-A96204B-R30-C41,269.59,2.92,B
7,SA919X7XB05691-A96204B-R30-C42,262.76,2.94,B
7,SA919X7XB05691-A96204B-R30-C45,145.3,2.86,B
7,SA919X7XB05691-A96204B-R30-C48,238.32,2.94,B
7,SA919X7XB05691-A96204B-R30-C49,256.21,2.97,B
7,SA919X7XB05691-A96204B-R30-C57,283.44,2.87,B
7,SA919X7XB05691-A96204B-R30-C58,381.66,2.99,B
7,SA919X7XB05691-A96204B-R31-C10,211.73,2.93,B
7,SA919X7XB05691-A96204B-R31-C12,273.55,2.91,B
7,SA919X7XB05691-A96204B-R31-C21,246,2.92,B
7,SA919X7XB05691-A96204B-R31-C22,255.78,2.94,B
7,SA919X7XB05691-A96204B-R31-C23,311.4,3.1,B
7,SA919X7XB05691-A96204B-R31-C25,278.12,2.85,B
7,SA919X7XB05691-A96204B-R31-C26,256.55,2.96,B
7,SA919X7XB05691-A96204B-R31-C33,181.7,3.01,B
7,SA919X7XB05691-A96204B-R31-C36,172.15,2.9,B
7,SA919X7XB05691-A96204B-R31-C37,251.17,2.9,B
7,SA919X7XB05691-A96204B-R31-C39,261.65,2.99,B
7,SA919X7XB05691-A96204B-R31-C41,289.78,2.93,B
7,SA919X7XB05691-A96204B-R31-C44,295.5,2.88,B
7,SA919X7XB05691-A96204B-R31-C45,177.47,3.01,B
7,SA919X7XB05691-A96204B-R31-C47,264.19,2.94,B
7,SA919X7XB05691-A96204B-R31-C49,271.61,2.94,B
7,SA919X7XB05691-A96204B-R31-C50,216.68,2.92,B
7,SA919X7XB05691-A96204B-R31-C51,199.01,2.96,B
7,SA919X7XB05691-A96204B-R31-C53,111.34,3.01,B
7,SA919X7XB05691-A96204B-R31-C55,210.84,2.92,B
7,SA919X7XB05691-A96204B-R31-C63,245.24,2.87,B
7,SA919X7XB05691-A96204B-R31-C65,148.4,2.93,B
7,SA919X7XB05691-A96204B-R31-C68,188.53,3.02,B
7,SA919X7XB05691-A96204B-R32-C10,216.9,2.93,B
7,SA919X7XB05691-A96204B-R32-C16,286.61,2.96,B
7,SA919X7XB05691-A96204B-R32-C17,232.26,2.89,B
7,SA919X7XB05691-A96204B-R32-C20,309.1,2.95,B
7,SA919X7XB05691-A96204B-R32-C21,142.07,2.96,B
7,SA919X7XB05691-A96204B-R32-C22,208.38,2.9,B
7,SA919X7XB05691-A96204B-R32-C25,277.67,2.92,B
7,SA919X7XB05691-A96204B-R32-C26,246.95,2.93,B
7,SA919X7XB05691-A96204B-R32-C32,318.02,2.94,B
7,SA919X7XB05691-A96204B-R32-C33,161.02,2.94,B
7,SA919X7XB05691-A96204B-R32-C34,167.77,2.93,B
7,SA919X7XB05691-A96204B-R32-C36,176.9,2.9,B
7,SA919X7XB05691-A96204B-R32-C39,285.68,2.95,B
7,SA919X7XB05691-A96204B-R32-C40,270.14,2.9,B
7,SA919X7XB05691-A96204B-R32-C41,280.81,2.94,B
7,SA919X7XB05691-A96204B-R32-C44,305.57,2.95,B
7,SA919X7XB05691-A96204B-R32-C50,252.51,2.9,B
7,SA919X7XB05691-A96204B-R32-C51,155.61,2.95,B
7,SA919X7XB05691-A96204B-R32-C54,261.95,2.91,B
7,SA919X7XB05691-A96204B-R32-C56,233.44,3.05,B
7,SA919X7XB05691-A96204B-R32-C59,276.16,2.93,B
7,SA919X7XB05691-A96204B-R32-C61,249.47,2.94,B
7,SA919X7XB05691-A96204B-R32-C62,247.94,2.94,B
7,SA919X7XB05691-A96204B-R32-C63,271.35,2.94,B
7,SA919X7XB05691-A96204B-R32-C64,299.39,2.93,B
7,SA919X7XB05691-A96204B-R33-C10,193.47,2.94,B
7,SA919X7XB05691-A96204B-R33-C12,238.51,2.91,B
7,SA919X7XB05691-A96204B-R33-C13,343.63,2.91,B
7,SA919X7XB05691-A96204B-R33-C16,255.32,2.89,B
7,SA919X7XB05691-A96204B-R33-C17,256.78,2.97,B
7,SA919X7XB05691-A96204B-R33-C18,240.61,2.92,B
7,SA919X7XB05691-A96204B-R33-C20,252.79,2.96,B
7,SA919X7XB05691-A96204B-R33-C21,365.72,3.05,B
7,SA919X7XB05691-A96204B-R33-C23,248.36,2.93,B
7,SA919X7XB05691-A96204B-R33-C26,206.3,2.95,B
7,SA919X7XB05691-A96204B-R33-C29,170.72,3.05,B
7,SA919X7XB05691-A96204B-R33-C31,260.62,2.94,B
7,SA919X7XB05691-A96204B-R33-C32,249.55,3,B
7,SA919X7XB05691-A96204B-R33-C34,137,2.97,B
7,SA919X7XB05691-A96204B-R33-C37,131.88,2.95,B
7,SA919X7XB05691-A96204B-R33-C39,344.88,3,B
7,SA919X7XB05691-A96204B-R33-C46,350.98,2.98,B
7,SA919X7XB05691-A96204B-R33-C47,237.25,2.91,B
7,SA919X7XB05691-A96204B-R33-C48,230.52,2.94,B
7,SA919X7XB05691-A96204B-R33-C49,218.98,2.92,B
7,SA919X7XB05691-A96204B-R33-C50,208.7,2.96,B
7,SA919X7XB05691-A96204B-R33-C54,212.53,2.9,B
7,SA919X7XB05691-A96204B-R33-C55,228.49,2.99,B
7,SA919X7XB05691-A96204B-R33-C58,181.21,2.95,B
7,SA919X7XB05691-A96204B-R33-C59,212.84,2.94,B
7,SA919X7XB05691-A96204B-R33-C61,221.34,2.93,B
7,SA919X7XB05691-A96204B-R33-C65,157.9,2.89,B
7,SA919X7XB05691-A96204B-R33-C67,219.82,2.93,B
7,SA919X7XB05691-A96204B-R33-C69,208.43,2.95,B
7,SA919X7XB05691-A96204B-R34-C10,207.07,2.88,B
7,SA919X7XB05691-A96204B-R34-C11,243.34,2.93,B
7,SA919X7XB05691-A96204B-R34-C12,248.35,2.95,B
7,SA919X7XB05691-A96204B-R34-C13,299.4,2.92,B
7,SA919X7XB05691-A96204B-R34-C14,247.71,2.94,B
7,SA919X7XB05691-A96204B-R34-C15,439.19,3,B
7,SA919X7XB05691-A96204B-R34-C16,278.52,2.95,B
7,SA919X7XB05691-A96204B-R34-C17,301.18,2.93,B
7,SA919X7XB05691-A96204B-R34-C19,218.63,2.9,B
7,SA919X7XB05691-A96204B-R34-C21,232.83,2.9,B
7,SA919X7XB05691-A96204B-R34-C24,317.06,2.96,B
7,SA919X7XB05691-A96204B-R34-C26,226.59,2.95,B
7,SA919X7XB05691-A96204B-R34-C27,209.56,2.94,B
7,SA919X7XB05691-A96204B-R34-C28,289.27,2.92,B
7,SA919X7XB05691-A96204B-R34-C29,227.82,2.96,B
7,SA919X7XB05691-A96204B-R34-C32,277.17,2.95,B
7,SA919X7XB05691-A96204B-R34-C33,212.69,2.9,B
7,SA919X7XB05691-A96204B-R34-C34,163.2,2.96,B
7,SA919X7XB05691-A96204B-R34-C35,246.75,2.95,B
7,SA919X7XB05691-A96204B-R34-C37,221.92,2.91,B
7,SA919X7XB05691-A96204B-R34-C39,270.29,2.98,B
7,SA919X7XB05691-A96204B-R34-C41,274.88,2.85,B
7,SA919X7XB05691-A96204B-R34-C42,368.14,3.01,B
7,SA919X7XB05691-A96204B-R34-C43,251.2,2.92,B
7,SA919X7XB05691-A96204B-R34-C45,174.3,3,B
7,SA919X7XB05691-A96204B-R34-C47,270.82,2.9,B
7,SA919X7XB05691-A96204B-R34-C48,269.33,2.91,B
7,SA919X7XB05691-A96204B-R34-C56,286.02,2.99,B
7,SA919X7XB05691-A96204B-R34-C57,287.8,2.9,B
7,SA919X7XB05691-A96204B-R34-C59,224.98,2.93,B
7,SA919X7XB05691-A96204B-R34-C62,224.95,2.92,B
7,SA919X7XB05691-A96204B-R34-C63,266.2,2.92,B
7,SA919X7XB05691-A96204B-R34-C66,266.24,2.9,B
7,SA919X7XB05691-A96204B-R34-C67,249.98,2.97,B
7,SA919X7XB05691-A96204B-R34-C70,242.85,2.95,B
7,SA919X7XB05691-A96204B-R35-C07,264.17,2.93,B
7,SA919X7XB05691-A96204B-R35-C09,394,2.94,B
7,SA919X7XB05691-A96204B-R35-C12,224.6,3.1,B
7,SA919X7XB05691-A96204B-R35-C14,229.8,2.98,B
7,SA919X7XB05691-A96204B-R35-C23,280.43,3.03,B
7,SA919X7XB05691-A96204B-R35-C24,305.69,2.89,B
7,SA919X7XB05691-A96204B-R35-C25,248.78,2.96,B
7,SA919X7XB05691-A96204B-R35-C28,285.23,2.87,B
7,SA919X7XB05691-A96204B-R35-C31,274.43,2.96,B
7,SA919X7XB05691-A96204B-R35-C33,197.98,2.99,B
7,SA919X7XB05691-A96204B-R35-C36,158.93,2.89,B
7,SA919X7XB05691-A96204B-R35-C37,222.82,2.92,B
7,SA919X7XB05691-A96204B-R35-C39,285.72,2.92,B
7,SA919X7XB05691-A96204B-R35-C45,167.74,2.96,B
7,SA919X7XB05691-A96204B-R35-C47,210.82,2.92,B
7,SA919X7XB05691-A96204B-R35-C50,195.45,2.9,B
7,SA919X7XB05691-A96204B-R35-C51,180.51,2.95,B
7,SA919X7XB05691-A96204B-R35-C58,186.4,2.92,B
7,SA919X7XB05691-A96204B-R35-C59,224.96,2.94,B
7,SA919X7XB05691-A96204B-R35-C66,229.88,2.91,B
7,SA919X7XB05691-A96204B-R36-C07,218.14,2.98,B
7,SA919X7XB05691-A96204B-R36-C10,175.55,2.9,B
7,SA919X7XB05691-A96204B-R36-C14,195.41,2.94,B
7,SA919X7XB05691-A96204B-R36-C16,232.88,2.98,B
7,SA919X7XB05691-A96204B-R36-C17,313.58,2.94,B
7,SA919X7XB05691-A96204B-R36-C25,294.62,2.96,A
7,SA919X7XB05691-A96204B-R36-C28,202.12,2.83,B
7,SA919X7XB05691-A96204B-R36-C30,177.22,2.88,B
7,SA919X7XB05691-A96204B-R36-C32,200.25,2.98,B
7,SA919X7XB05691-A96204B-R36-C37,163.61,2.9,B
7,SA919X7XB05691-A96204B-R36-C38,161.03,2.94,B
7,SA919X7XB05691-A96204B-R36-C39,212.11,2.95,B
7,SA919X7XB05691-A96204B-R36-C42,194.88,2.93,B
7,SA919X7XB05691-A96204B-R36-C44,219.64,2.91,B
7,SA919X7XB05691-A96204B-R36-C49,187.32,2.94,B
7,SA919X7XB05691-A96204B-R36-C52,211.46,2.89,B
7,SA919X7XB05691-A96204B-R36-C55,197.23,2.92,B
7,SA919X7XB05691-A96204B-R36-C58,169.79,2.96,B
7,SA919X7XB05691-A96204B-R36-C63,199.28,2.99,B
7,SA919X7XB05691-A96204B-R36-C64,199.5,2.94,B
7,SA919X7XB05691-A96204B-R36-C65,156.16,2.93,B
7,SA919X7XB05691-A96204B-R37-C08,331.82,2.99,B
7,SA919X7XB05691-A96204B-R37-C10,168.42,2.99,B
7,SA919X7XB05691-A96204B-R37-C12,198.05,2.98,B
7,SA919X7XB05691-A96204B-R37-C13,253.78,2.92,B
7,SA919X7XB05691-A96204B-R37-C16,336.81,2.95,B
7,SA919X7XB05691-A96204B-R37-C17,329.92,2.95,B
7,SA919X7XB05691-A96204B-R37-C20,203.91,2.93,B
7,SA919X7XB05691-A96204B-R37-C22,213.39,2.95,B
7,SA919X7XB05691-A96204B-R37-C23,247.18,2.95,B
7,SA919X7XB05691-A96204B-R37-C24,254.65,2.95,B
7,SA919X7XB05691-A96204B-R37-C26,251.32,2.94,B
7,SA919X7XB05691-A96204B-R37-C27,259.29,3.02,B
7,SA919X7XB05691-A96204B-R37-C28,338.07,3.01,B
7,SA919X7XB05691-A96204B-R37-C31,228.13,2.97,B
7,SA919X7XB05691-A96204B-R37-C32,229.06,2.91,B
7,SA919X7XB05691-A96204B-R37-C35,204.47,2.87,B
7,SA919X7XB05691-A96204B-R37-C36,208.58,2.96,B
7,SA919X7XB05691-A96204B-R37-C38,168.68,2.94,B
7,SA919X7XB05691-A96204B-R37-C39,243.9,2.9,B
7,SA919X7XB05691-A96204B-R37-C40,219.2,2.92,B
7,SA919X7XB05691-A96204B-R37-C41,228.46,2.84,B
7,SA919X7XB05691-A96204B-R37-C42,209.48,2.98,B
7,SA919X7XB05691-A96204B-R37-C44,242.98,2.93,B
7,SA919X7XB05691-A96204B-R37-C46,249.18,2.87,B
7,SA919X7XB05691-A96204B-R37-C47,245.91,2.92,B
7,SA919X7XB05691-A96204B-R37-C49,210.54,2.95,B
7,SA919X7XB05691-A96204B-R37-C50,185.21,2.97,B
7,SA919X7XB05691-A96204B-R37-C55,220.82,2.95,B
7,SA919X7XB05691-A96204B-R37-C57,232.22,2.95,B
7,SA919X7XB05691-A96204B-R37-C58,191.31,2.94,B
7,SA919X7XB05691-A96204B-R37-C60,212.12,3.01,B
7,SA919X7XB05691-A96204B-R37-C63,260.09,3,B
7,SA919X7XB05691-A96204B-R37-C64,240.93,2.88,B
7,SA919X7XB05691-A96204B-R37-C70,221.79,2.95,B
7,SA919X7XB05691-A96204B-R38-C11,311.71,3,B
7,SA919X7XB05691-A96204B-R38-C18,196.02,2.92,B
7,SA919X7XB05691-A96204B-R38-C19,217.54,2.9,B
7,SA919X7XB05691-A96204B-R38-C20,247.02,2.94,B
7,SA919X7XB05691-A96204B-R38-C22,253.74,2.94,B
7,SA919X7XB05691-A96204B-R38-C23,199.43,2.94,B
7,SA919X7XB05691-A96204B-R38-C25,273.64,2.89,B
7,SA919X7XB05691-A96204B-R38-C30,223.11,2.91,B
7,SA919X7XB05691-A96204B-R38-C33,211.5,2.99,B
7,SA919X7XB05691-A96204B-R38-C34,153.99,2.92,B
7,SA919X7XB05691-A96204B-R38-C36,166.56,2.87,B
7,SA919X7XB05691-A96204B-R38-C38,179.7,2.86,B
7,SA919X7XB05691-A96204B-R38-C39,264.72,2.89,B
7,SA919X7XB05691-A96204B-R38-C40,255.47,2.88,B
7,SA919X7XB05691-A96204B-R38-C42,238.47,2.91,B
7,SA919X7XB05691-A96204B-R38-C44,267.32,2.93,B
7,SA919X7XB05691-A96204B-R38-C46,255.28,2.92,B
7,SA919X7XB05691-A96204B-R38-C47,241.45,2.88,B
7,SA919X7XB05691-A96204B-R38-C51,213.43,2.96,B
7,SA919X7XB05691-A96204B-R38-C56,276.54,2.87,B
7,SA919X7XB05691-A96204B-R38-C59,259.08,2.91,B
7,SA919X7XB05691-A96204B-R38-C60,328.47,2.92,B
7,SA919X7XB05691-A96204B-R38-C61,228.03,2.92,B
7,SA919X7XB05691-A96204B-R38-C66,256.6,2.93,B
7,SA919X7XB05691-A96204B-R38-C68,196.9,2.93,B
7,SA919X7XB05691-A96204B-R38-C70,195.84,2.97,B
7,SA919X7XB05691-A96204B-R39-C07,217.28,2.91,B
7,SA919X7XB05691-A96204B-R39-C10,225.48,2.96,B
7,SA919X7XB05691-A96204B-R39-C12,193.57,2.89,B
7,SA919X7XB05691-A96204B-R39-C15,206.04,2.93,B
7,SA919X7XB05691-A96204B-R39-C17,217.67,2.91,B
7,SA919X7XB05691-A96204B-R39-C19,165.02,2.92,B
7,SA919X7XB05691-A96204B-R39-C22,193.16,2.94,B
7,SA919X7XB05691-A96204B-R39-C23,187.8,2.8,B
7,SA919X7XB05691-A96204B-R39-C24,234.29,2.89,B
7,SA919X7XB05691-A96204B-R39-C29,185.9,2.91,B
7,SA919X7XB05691-A96204B-R39-C34,130.65,2.9,B
7,SA919X7XB05691-A96204B-R39-C36,139.23,2.92,B
7,SA919X7XB05691-A96204B-R39-C44,223.34,2.9,B
7,SA919X7XB05691-A96204B-R39-C52,203.14,2.95,B
7,SA919X7XB05691-A96204B-R39-C58,170.59,2.94,B
7,SA919X7XB05691-A96204B-R39-C62,175.07,2.97,B
7,SA919X7XB05691-A96204B-R39-C64,311.69,2.92,B
7,SA919X7XB05691-A96204B-R39-C66,208.62,2.91,B
7,SA919X7XB05691-A96204B-R39-C68,254.31,2.94,B
7,SA919X7XB05691-A96204B-R40-C11,191.03,2.91,B
7,SA919X7XB05691-A96204B-R40-C13,254.17,2.96,B
7,SA919X7XB05691-A96204B-R40-C17,342.4,2.96,B
7,SA919X7XB05691-A96204B-R40-C37,199.14,2.96,B
7,SA919X7XB05691-A96204B-R40-C50,191.97,2.96,B
7,SA919X7XB05691-A96204B-R40-C60,236.17,2.9,B
7,SA919X7XB05691-A96204B-R40-C63,236.26,2.96,B
7,SA919X7XB05691-A96204B-R40-C64,205.24,2.88,B
7,SA919X7XB05691-A96204B-R40-C68,215.44,2.94,B
7,SA919X7XB05691-A96204B-R42-C07,224.75,2.91,B
7,SA919X7XB05691-A96204B-R42-C10,157.45,2.88,B
7,SA919X7XB05691-A96204B-R42-C12,307.18,2.99,B
7,SA919X7XB05691-A96204B-R42-C14,204.88,2.9,B
7,SA919X7XB05691-A96204B-R42-C16,260.95,2.95,B
7,SA919X7XB05691-A96204B-R42-C26,201.51,2.93,B
7,SA919X7XB05691-A96204B-R42-C31,234.16,2.88,B
7,SA919X7XB05691-A96204B-R42-C32,340.1,2.98,B
7,SA919X7XB05691-A96204B-R42-C33,176.67,2.98,B
7,SA919X7XB05691-A96204B-R42-C35,209.75,2.9,B
7,SA919X7XB05691-A96204B-R42-C36,172.94,2.94,B
7,SA919X7XB05691-A96204B-R42-C37,193.35,2.85,B
7,SA919X7XB05691-A96204B-R42-C38,189.44,2.96,B
7,SA919X7XB05691-A96204B-R42-C39,185.7,2.83,B
7,SA919X7XB05691-A96204B-R42-C42,225.53,2.96,B
7,SA919X7XB05691-A96204B-R42-C43,337.37,2.94,B
7,SA919X7XB05691-A96204B-R42-C44,263.39,2.9,B
7,SA919X7XB05691-A96204B-R42-C49,222.62,2.94,B
7,SA919X7XB05691-A96204B-R42-C51,178.2,2.91,B
7,SA919X7XB05691-A96204B-R42-C52,185.24,2.98,B
7,SA919X7XB05691-A96204B-R42-C54,213.81,2.95,B
7,SA919X7XB05691-A96204B-R42-C55,183.92,2.94,B
7,SA919X7XB05691-A96204B-R42-C56,190.21,2.99,B
7,SA919X7XB05691-A96204B-R42-C57,256.64,2.92,B
7,SA919X7XB05691-A96204B-R42-C59,218.32,2.94,B
7,SA919X7XB05691-A96204B-R42-C60,220.57,2.88,B
7,SA919X7XB05691-A96204B-R42-C61,228.31,2.93,B
7,SA919X7XB05691-A96204B-R42-C63,242.35,2.94,B
7,SA919X7XB05691-A96204B-R42-C66,225.56,2.91,B
7,SA919X7XB05691-A96204B-R42-C67,195.79,2.91,B
7,SA919X7XB05691-A96204B-R42-C69,250.16,2.9,B
7,SA919X7XB05691-A96204B-R42-C70,206.18,2.95,B
7,SA919X7XB05691-A96204B-R43-C07,168.83,2.96,B
7,SA919X7XB05691-A96204B-R43-C09,180.14,2.94,B
7,SA919X7XB05691-A96204B-R43-C11,137.28,2.94,B
7,SA919X7XB05691-A96204B-R43-C12,164.62,2.91,B
7,SA919X7XB05691-A96204B-R43-C13,206.88,2.96,B
7,SA919X7XB05691-A96204B-R43-C14,159.78,2.92,B
7,SA919X7XB05691-A96204B-R43-C19,157.36,2.95,B
7,SA919X7XB05691-A96204B-R43-C20,184.52,2.94,B
7,SA919X7XB05691-A96204B-R43-C21,168.85,2.96,B
7,SA919X7XB05691-A96204B-R43-C23,177.81,2.93,B
7,SA919X7XB05691-A96204B-R43-C25,200.07,2.98,B
7,SA919X7XB05691-A96204B-R43-C28,189.44,2.9,B
7,SA919X7XB05691-A96204B-R43-C31,180.76,2.96,B
7,SA919X7XB05691-A96204B-R43-C32,169.3,2.98,B
7,SA919X7XB05691-A96204B-R43-C33,134.9,2.94,B
7,SA919X7XB05691-A96204B-R43-C34,95.73,2.94,B
7,SA919X7XB05691-A96204B-R43-C35,160.35,2.95,B
7,SA919X7XB05691-A96204B-R43-C36,95.87,2.91,B
7,SA919X7XB05691-A96204B-R43-C37,156.54,2.94,B
7,SA919X7XB05691-A96204B-R43-C42,163.42,2.98,B
7,SA919X7XB05691-A96204B-R43-C43,159.89,2.95,B
7,SA919X7XB05691-A96204B-R43-C44,198.85,2.97,B
7,SA919X7XB05691-A96204B-R43-C45,125.48,2.97,B
7,SA919X7XB05691-A96204B-R43-C46,174.3,2.91,B
7,SA919X7XB05691-A96204B-R43-C47,188.45,2.96,B
7,SA919X7XB05691-A96204B-R43-C48,178.51,2.92,B
7,SA919X7XB05691-A96204B-R43-C49,214.79,2.95,B
7,SA919X7XB05691-A96204B-R43-C54,155.44,2.95,B
7,SA919X7XB05691-A96204B-R43-C55,165.91,2.94,B
7,SA919X7XB05691-A96204B-R43-C56,159.73,2.96,B
7,SA919X7XB05691-A96204B-R43-C58,132.74,2.91,B
7,SA919X7XB05691-A96204B-R43-C59,104.55,2.89,B
7,SA919X7XB05691-A96204B-R43-C60,176.34,2.89,B
7,SA919X7XB05691-A96204B-R43-C63,153.04,2.97,B
7,SA919X7XB05691-A96204B-R43-C66,219.05,2.87,B
7,SA919X7XB05691-A96204B-R43-C67,185.55,2.96,B
7,SA919X7XB05691-A96204B-R43-C68,108.59,3.03,B
7,SA919X7XB05691-A96204B-R43-C70,90.14,2.96,B
7,SA919X7XB05691-A96204B-R44-C10,147.03,2.84,B
7,SA919X7XB05691-A96204B-R44-C14,171.95,2.87,B
7,SA919X7XB05691-A96204B-R44-C17,203.84,2.89,B
7,SA919X7XB05691-A96204B-R44-C18,156.68,2.94,B
7,SA919X7XB05691-A96204B-R44-C20,187.7,2.92,B
7,SA919X7XB05691-A96204B-R44-C23,196.92,3,B
7,SA919X7XB05691-A96204B-R44-C27,155.93,2.93,B
7,SA919X7XB05691-A96204B-R44-C28,198.26,2.97,B
7,SA919X7XB05691-A96204B-R44-C29,149.41,2.85,B
7,SA919X7XB05691-A96204B-R44-C31,210.22,2.93,B
7,SA919X7XB05691-A96204B-R44-C32,200.93,2.93,B
7,SA919X7XB05691-A96204B-R44-C35,174.5,2.88,B
7,SA919X7XB05691-A96204B-R44-C36,115.4,3,B
7,SA919X7XB05691-A96204B-R44-C37,147.89,2.92,B
7,SA919X7XB05691-A96204B-R44-C39,189.29,2.91,B
7,SA919X7XB05691-A96204B-R44-C40,189.91,2.88,B
7,SA919X7XB05691-A96204B-R44-C42,238.55,2.94,B
7,SA919X7XB05691-A96204B-R44-C44,196.8,2.91,B
7,SA919X7XB05691-A96204B-R44-C46,191.21,2.97,B
7,SA919X7XB05691-A96204B-R44-C50,153.31,2.9,B
7,SA919X7XB05691-A96204B-R44-C52,156.87,2.92,B
7,SA919X7XB05691-A96204B-R44-C59,168.86,2.92,B
7,SA919X7XB05691-A96204B-R44-C68,145.43,2.94,B
7,SA919X7XB05691-A96204B-R44-C69,149.17,2.96,B
7,SA919X7XB05691-A96204B-R44-C70,203.89,2.96,B
7,SA919X7XB05691-A96204B-R45-C10,129.26,2.91,B
7,SA919X7XB05691-A96204B-R45-C12,190.77,2.94,B
7,SA919X7XB05691-A96204B-R45-C13,308.12,2.98,B
7,SA919X7XB05691-A96204B-R45-C14,254.17,2.98,B
7,SA919X7XB05691-A96204B-R45-C16,168.89,2.95,B
7,SA919X7XB05691-A96204B-R45-C17,199.04,2.89,B
7,SA919X7XB05691-A96204B-R45-C18,135.49,2.91,B
7,SA919X7XB05691-A96204B-R45-C19,207.1,2.96,B
7,SA919X7XB05691-A96204B-R45-C20,166.45,2.87,B
7,SA919X7XB05691-A96204B-R45-C21,129.55,2.9,B
7,SA919X7XB05691-A96204B-R45-C24,220.23,2.98,B
7,SA919X7XB05691-A96204B-R45-C25,185.37,2.88,B
7,SA919X7XB05691-A96204B-R45-C27,131.47,2.95,B
7,SA919X7XB05691-A96204B-R45-C31,180.77,2.92,B
7,SA919X7XB05691-A96204B-R45-C32,198.65,2.93,B
7,SA919X7XB05691-A96204B-R45-C33,127.22,2.86,B
7,SA919X7XB05691-A96204B-R45-C36,99.91,2.93,B
7,SA919X7XB05691-A96204B-R45-C38,152.2,2.92,B
7,SA919X7XB05691-A96204B-R45-C39,255.81,2.97,B
7,SA919X7XB05691-A96204B-R45-C40,178.83,2.87,B
7,SA919X7XB05691-A96204B-R45-C43,187.44,2.91,B
7,SA919X7XB05691-A96204B-R45-C47,182.14,2.9,B
7,SA919X7XB05691-A96204B-R45-C51,162.88,2.94,B
7,SA919X7XB05691-A96204B-R45-C61,182.7,2.95,B
7,SA919X7XB05691-A96204B-R45-C62,174.89,2.91,B
7,SA919X7XB05691-A96204B-R45-C63,209,2.95,B
7,SA919X7XB05691-A96204B-R45-C64,153.28,2.87,B
7,SA919X7XB05691-A96204B-R45-C66,189.4,2.95,B
7,SA919X7XB05691-A96204B-R45-C67,161.78,2.97,B
7,SA919X7XB05691-A96204B-R45-C69,149.13,2.94,B
7,SA919X7XB05691-A96204B-R46-C30,208.93,2.9,B
7,SA919X7XB05691-A96204B-R46-C31,232.36,2.93,B
7,SA919X7XB05691-A96204B-R46-C33,142.83,3.01,B
7,SA919X7XB05691-A96204B-R46-C36,140.04,2.93,B
7,SA919X7XB05691-A96204B-R46-C38,194.96,2.93,B
7,SA919X7XB05691-A96204B-R46-C41,236.93,2.84,B
7,SA919X7XB05691-A96204B-R46-C47,222.9,2.92,B
7,SA919X7XB05691-A96204B-R46-C49,192.63,2.91,B
7,SA919X7XB05691-A96204B-R46-C52,204.93,3.04,B
7,SA919X7XB05691-A96204B-R46-C56,244.63,2.92,B
7,SA919X7XB05691-A96204B-R46-C57,238.14,2.91,B
7,SA919X7XB05691-A96204B-R46-C59,218.8,2.93,B
7,SA919X7XB05691-A96204B-R46-C62,173.04,2.92,B
7,SA919X7XB05691-A96204B-R46-C66,232.8,2.96,B
7,SA919X7XB05691-A96204B-R46-C67,177.03,2.96,B
7,SA919X7XB05691-A96204B-R46-C68,222.25,2.95,B
7,SA919X7XB05691-A96204B-R46-C70,220.72,2.96,B
7,SA919X7XB05691-A96204B-R47-C08,150.82,2.95,B
7,SA919X7XB05691-A96204B-R47-C11,155.83,2.93,B
7,SA919X7XB05691-A96204B-R47-C13,251.7,2.98,B
7,SA919X7XB05691-A96204B-R47-C14,158.38,2.97,B
7,SA919X7XB05691-A96204B-R47-C17,177.78,2.9,B
7,SA919X7XB05691-A96204B-R47-C20,171.19,2.92,B
7,SA919X7XB05691-A96204B-R47-C21,133.5,2.97,B
7,SA919X7XB05691-A96204B-R47-C22,161.15,2.89,B
7,SA919X7XB05691-A96204B-R47-C24,263.32,2.91,B
7,SA919X7XB05691-A96204B-R47-C28,169.48,2.98,B
7,SA919X7XB05691-A96204B-R47-C30,150.63,2.98,B
7,SA919X7XB05691-A96204B-R47-C31,167.48,2.96,B
7,SA919X7XB05691-A96204B-R47-C32,165.75,2.96,B
7,SA919X7XB05691-A96204B-R47-C33,143.42,2.98,B
7,SA919X7XB05691-A96204B-R47-C35,147.18,2.9,B
7,SA919X7XB05691-A96204B-R47-C40,151.24,3,B
7,SA919X7XB05691-A96204B-R47-C41,144.92,2.89,B
7,SA919X7XB05691-A96204B-R47-C42,168.49,2.97,B
7,SA919X7XB05691-A96204B-R47-C45,116.1,3.02,B
7,SA919X7XB05691-A96204B-R47-C46,174.72,2.87,B
7,SA919X7XB05691-A96204B-R47-C47,160.13,2.85,B
7,SA919X7XB05691-A96204B-R47-C48,154.5,2.84,B
7,SA919X7XB05691-A96204B-R47-C49,208.38,3.06,B
7,SA919X7XB05691-A96204B-R47-C50,144.98,3,B
7,SA919X7XB05691-A96204B-R47-C52,98.97,3.02,B
7,SA919X7XB05691-A96204B-R47-C59,169.06,2.93,B
7,SA919X7XB05691-A96204B-R47-C64,146.13,3.02,B
7,SA919X7XB05691-A96204B-R47-C65,113.4,2.97,B
7,SA919X7XB05691-A96204B-R47-C66,109.91,2.93,B
7,SA919X7XB05691-A96204B-R47-C67,150.64,2.99,B
7,SA919X7XB05691-A96204B-R47-C69,118.25,2.98,B
7,SA919X7XB05691-A96204B-R47-C70,227.32,2.96,B
7,SA919X7XB05691-A96204B-R48-C09,206.95,2.96,B
7,SA919X7XB05691-A96204B-R48-C10,163.57,2.9,B
7,SA919X7XB05691-A96204B-R48-C11,182.54,2.88,B
7,SA919X7XB05691-A96204B-R48-C12,196.41,2.97,B
7,SA919X7XB05691-A96204B-R48-C14,195.29,2.93,B
7,SA919X7XB05691-A96204B-R48-C15,223.45,2.94,B
7,SA919X7XB05691-A96204B-R48-C19,245.6,2.98,B
7,SA919X7XB05691-A96204B-R48-C21,196.37,2.92,B
7,SA919X7XB05691-A96204B-R48-C22,208.2,2.92,B
7,SA919X7XB05691-A96204B-R48-C23,235.47,2.92,B
7,SA919X7XB05691-A96204B-R48-C28,205.17,2.83,B
7,SA919X7XB05691-A96204B-R48-C30,182.22,2.95,B
7,SA919X7XB05691-A96204B-R48-C34,118.6,2.94,B
7,SA919X7XB05691-A96204B-R48-C35,196.04,2.89,B
7,SA919X7XB05691-A96204B-R48-C38,166.91,2.94,B
7,SA919X7XB05691-A96204B-R48-C43,213.92,2.97,B
7,SA919X7XB05691-A96204B-R48-C48,203.71,2.87,B
7,SA919X7XB05691-A96204B-R48-C51,225.1,3.02,B
7,SA919X7XB05691-A96204B-R48-C55,192.08,2.9,B
7,SA919X7XB05691-A96204B-R48-C56,208.64,2.95,B
7,SA919X7XB05691-A96204B-R48-C57,212.86,2.88,B
7,SA919X7XB05691-A96204B-R48-C58,159.62,2.94,B
7,SA919X7XB05691-A96204B-R48-C60,254.01,2.99,B
7,SA919X7XB05691-A96204B-R49-C12,163.89,2.96,B
7,SA919X7XB05691-A96204B-R49-C17,197.46,2.97,B
7,SA919X7XB05691-A96204B-R49-C21,150.92,2.9,B
7,SA919X7XB05691-A96204B-R49-C24,234.31,2.94,B
7,SA919X7XB05691-A96204B-R49-C25,134.98,2.86,B
7,SA919X7XB05691-A96204B-R49-C28,182.4,2.93,B
7,SA919X7XB05691-A96204B-R49-C31,199.35,2.92,B
7,SA919X7XB05691-A96204B-R49-C32,187.93,2.96,B
7,SA919X7XB05691-A96204B-R49-C33,121.52,2.91,B
7,SA919X7XB05691-A96204B-R49-C35,180.4,2.92,B
7,SA919X7XB05691-A96204B-R49-C36,91.7,2.95,B
7,SA919X7XB05691-A96204B-R49-C37,151.04,2.93,B
7,SA919X7XB05691-A96204B-R49-C40,225.37,2.94,B
7,SA919X7XB05691-A96204B-R49-C42,161.85,2.88,B
7,SA919X7XB05691-A96204B-R49-C44,188.37,2.88,B
7,SA919X7XB05691-A96204B-R49-C46,158.91,2.97,B
7,SA919X7XB05691-A96204B-R49-C48,179.9,2.99,B
7,SA919X7XB05691-A96204B-R49-C50,149.2,2.95,B
7,SA919X7XB05691-A96204B-R49-C51,161.49,2.98,B
7,SA919X7XB05691-A96204B-R49-C69,185.03,3,B
7,SA919X7XB05691-A96204B-R50-C07,228.38,2.98,B
7,SA919X7XB05691-A96204B-R50-C08,173.93,2.92,B
7,SA919X7XB05691-A96204B-R50-C12,168.14,2.92,B
7,SA919X7XB05691-A96204B-R50-C17,189.19,2.88,B
7,SA919X7XB05691-A96204B-R50-C18,121.68,2.96,B
7,SA919X7XB05691-A96204B-R50-C20,146.29,2.88,B
7,SA919X7XB05691-A96204B-R50-C24,249.68,3.01,B
7,SA919X7XB05691-A96204B-R50-C26,146.89,2.95,B
7,SA919X7XB05691-A96204B-R50-C27,113.84,2.94,B
7,SA919X7XB05691-A96204B-R50-C28,165.5,2.84,B
7,SA919X7XB05691-A96204B-R50-C29,167.13,2.98,B
7,SA919X7XB05691-A96204B-R50-C31,164.04,2.95,B
7,SA919X7XB05691-A96204B-R50-C32,162.91,2.97,B
7,SA919X7XB05691-A96204B-R50-C35,164.88,2.94,B
7,SA919X7XB05691-A96204B-R50-C37,128.49,2.94,B
7,SA919X7XB05691-A96204B-R50-C38,127.62,2.93,B
7,SA919X7XB05691-A96204B-R50-C41,146.94,2.87,B
7,SA919X7XB05691-A96204B-R50-C46,174.94,2.91,B
7,SA919X7XB05691-A96204B-R50-C48,141.09,2.87,B
7,SA919X7XB05691-A96204B-R50-C54,151.98,2.89,B
7,SA919X7XB05691-A96204B-R50-C60,186.05,2.93,B
7,SA919X7XB05691-A96204B-R50-C67,100.65,2.98,B
7,SA919X7XB05691-A96204B-R50-C68,123.73,3.01,B
7,SA919X7XB05691-A96204B-R51-C13,241.02,2.98,B
7,SA919X7XB05691-A96204B-R51-C15,192.03,3,B
7,SA919X7XB05691-A96204B-R51-C18,131.14,2.97,B
7,SA919X7XB05691-A96204B-R51-C19,115.88,2.79,B
7,SA919X7XB05691-A96204B-R51-C21,143.72,2.99,B
7,SA919X7XB05691-A96204B-R51-C24,191.48,2.95,B
7,SA919X7XB05691-A96204B-R51-C25,184.48,2.93,B
7,SA919X7XB05691-A96204B-R51-C26,169.56,2.93,B
7,SA919X7XB05691-A96204B-R51-C27,110.45,2.93,B
7,SA919X7XB05691-A96204B-R51-C28,168.91,2.95,B
7,SA919X7XB05691-A96204B-R51-C29,138.76,2.94,B
7,SA919X7XB05691-A96204B-R51-C30,140.13,2.89,B
7,SA919X7XB05691-A96204B-R51-C35,167.77,2.98,B
7,SA919X7XB05691-A96204B-R51-C38,93.7,2.9,B
7,SA919X7XB05691-A96204B-R51-C39,161.49,3.05,B
7,SA919X7XB05691-A96204B-R51-C40,163.11,2.92,B
7,SA919X7XB05691-A96204B-R51-C41,167.84,2.96,B
7,SA919X7XB05691-A96204B-R51-C42,150.81,2.92,B
7,SA919X7XB05691-A96204B-R51-C43,151.88,2.88,B
7,SA919X7XB05691-A96204B-R51-C45,92.13,2.93,B
7,SA919X7XB05691-A96204B-R51-C47,151.65,2.87,B
7,SA919X7XB05691-A96204B-R51-C50,118.42,3.05,B
7,SA919X7XB05691-A96204B-R51-C52,113.56,2.97,B
7,SA919X7XB05691-A96204B-R51-C57,148.37,2.95,B
7,SA919X7XB05691-A96204B-R51-C58,110.03,2.9,B
7,SA919X7XB05691-A96204B-R51-C59,128.95,2.93,B
7,SA919X7XB05691-A96204B-R51-C65,104.71,2.99,B
7,SA919X7XB05691-A96204B-R51-C66,89.32,2.91,B
7,SA919X7XB05691-A96204B-R51-C70,138.34,2.93,B
7,SA919X7XB05691-A96204B-R52-C12,186.93,2.95,B
7,SA919X7XB05691-A96204B-R52-C14,190.76,2.93,B
7,SA919X7XB05691-A96204B-R52-C15,191.52,2.89,B
7,SA919X7XB05691-A96204B-R52-C16,197.54,2.95,B
7,SA919X7XB05691-A96204B-R52-C19,148.2,2.87,B
7,SA919X7XB05691-A96204B-R52-C22,167.47,2.9,B
7,SA919X7XB05691-A96204B-R52-C24,220.02,2.94,B
7,SA919X7XB05691-A96204B-R52-C27,133.19,2.99,B
7,SA919X7XB05691-A96204B-R52-C29,178.4,2.91,B
7,SA919X7XB05691-A96204B-R52-C30,165.57,2.9,B
7,SA919X7XB05691-A96204B-R52-C31,207.7,2.87,B
7,SA919X7XB05691-A96204B-R52-C32,188.53,2.88,B
7,SA919X7XB05691-A96204B-R52-C35,183.78,2.85,B
7,SA919X7XB05691-A96204B-R52-C38,158.02,2.96,B
7,SA919X7XB05691-A96204B-R52-C39,199.59,3,B
7,SA919X7XB05691-A96204B-R52-C40,164.43,2.72,B
7,SA919X7XB05691-A96204B-R52-C41,194.19,2.94,B
7,SA919X7XB05691-A96204B-R52-C42,175.85,2.86,B
7,SA919X7XB05691-A96204B-R52-C47,189.04,2.88,B
7,SA919X7XB05691-A96204B-R52-C48,185.74,2.93,B
7,SA919X7XB05691-A96204B-R52-C49,166.58,2.95,B
7,SA919X7XB05691-A96204B-R52-C51,171.2,2.94,B
7,SA919X7XB05691-A96204B-R52-C52,137.59,2.9,B
7,SA919X7XB05691-A96204B-R52-C54,207.52,3.1,B
7,SA919X7XB05691-A96204B-R52-C56,212.7,2.96,B
7,SA919X7XB05691-A96204B-R52-C57,171.55,2.78,B
7,SA919X7XB05691-A96204B-R52-C59,229.53,2.85,B
7,SA919X7XB05691-A96204B-R52-C61,182.22,2.96,B
7,SA919X7XB05691-A96204B-R52-C64,158.07,2.93,B
7,SA919X7XB05691-A96204B-R52-C68,90.81,2.96,B
7,SA919X7XB05691-A96204B-R52-C69,156.99,2.89,B
7,SA919X7XB05691-A96204B-R53-C08,194.88,2.92,B
7,SA919X7XB05691-A96204B-R53-C11,198.07,2.91,B
7,SA919X7XB05691-A96204B-R53-C12,154.62,2.96,B
7,SA919X7XB05691-A96204B-R53-C14,237.76,2.94,B
7,SA919X7XB05691-A96204B-R53-C16,243.77,2.89,B
7,SA919X7XB05691-A96204B-R53-C17,240.78,2.92,B
7,SA919X7XB05691-A96204B-R53-C18,205.72,2.98,B
7,SA919X7XB05691-A96204B-R53-C19,186.25,2.97,B
7,SA919X7XB05691-A96204B-R53-C20,190.44,2.96,B
7,SA919X7XB05691-A96204B-R53-C21,222.67,2.95,B
7,SA919X7XB05691-A96204B-R53-C24,213.2,2.87,B
7,SA919X7XB05691-A96204B-R53-C26,191.56,2.96,B
7,SA919X7XB05691-A96204B-R53-C28,286.57,2.96,B
7,SA919X7XB05691-A96204B-R53-C29,216.27,2.92,B
7,SA919X7XB05691-A96204B-R53-C30,218.75,2.91,B
7,SA919X7XB05691-A96204B-R53-C31,254.75,2.9,B
7,SA919X7XB05691-A96204B-R53-C34,146.43,2.96,B
7,SA919X7XB05691-A96204B-R53-C35,214.62,2.88,B
7,SA919X7XB05691-A96204B-R53-C36,125.74,2.92,B
7,SA919X7XB05691-A96204B-R53-C37,193.43,2.96,B
7,SA919X7XB05691-A96204B-R53-C39,221.4,2.94,B
7,SA919X7XB05691-A96204B-R53-C40,205.91,2.98,B
7,SA919X7XB05691-A96204B-R53-C41,225.5,2.97,B
7,SA919X7XB05691-A96204B-R53-C43,219.82,2.9,B
7,SA919X7XB05691-A96204B-R53-C47,217.05,2.87,B
7,SA919X7XB05691-A96204B-R53-C50,195.02,2.97,B
7,SA919X7XB05691-A96204B-R53-C54,188.49,2.89,B
7,SA919X7XB05691-A96204B-R53-C59,149.07,2.96,B
7,SA919X7XB05691-A96204B-R53-C67,150.95,2.95,B
7,SA919X7XB05691-A96204B-R53-C68,163.9,2.88,B
7,SA919X7XB05691-A96204B-R53-C69,165.15,2.93,B
7,SA919X7XB05691-A96204B-R54-C09,172.08,2.93,B
7,SA919X7XB05691-A96204B-R54-C10,118.3,2.83,B
7,SA919X7XB05691-A96204B-R54-C12,172.86,2.91,B
7,SA919X7XB05691-A96204B-R54-C14,179.28,3,B
7,SA919X7XB05691-A96204B-R54-C15,198.3,2.97,B
7,SA919X7XB05691-A96204B-R54-C18,127.66,2.98,B
7,SA919X7XB05691-A96204B-R54-C19,143.06,2.93,B
7,SA919X7XB05691-A96204B-R54-C22,145.86,2.84,B
7,SA919X7XB05691-A96204B-R54-C27,112.92,2.96,B
7,SA919X7XB05691-A96204B-R54-C28,197.09,2.9,B
7,SA919X7XB05691-A96204B-R54-C31,186.03,2.91,B
7,SA919X7XB05691-A96204B-R54-C32,203.58,3.08,B
7,SA919X7XB05691-A96204B-R54-C33,123.68,2.97,B
7,SA919X7XB05691-A96204B-R54-C35,176.33,2.93,B
7,SA919X7XB05691-A96204B-R54-C36,91.55,2.92,B
7,SA919X7XB05691-A96204B-R54-C37,154.48,2.99,B
7,SA919X7XB05691-A96204B-R54-C38,149.61,2.95,B
7,SA919X7XB05691-A96204B-R54-C39,183.1,2.93,B
7,SA919X7XB05691-A96204B-R54-C41,175.89,2.96,B
7,SA919X7XB05691-A96204B-R54-C42,182.88,2.89,B
7,SA919X7XB05691-A96204B-R54-C44,188.65,2.84,B
7,SA919X7XB05691-A96204B-R54-C46,156.87,2.94,B
7,SA919X7XB05691-A96204B-R54-C47,211.09,2.96,B
7,SA919X7XB05691-A96204B-R54-C55,144.97,2.97,B
7,SA919X7XB05691-A96204B-R54-C59,150.01,2.88,B
7,SA919X7XB05691-A96204B-R54-C60,138.52,2.89,B
7,SA919X7XB05691-A96204B-R54-C61,164.45,2.92,B
7,SA919X7XB05691-A96204B-R54-C63,166.09,2.87,B
7,SA919X7XB05691-A96204B-R54-C64,169.27,2.83,B
7,SA919X7XB05691-A96204B-R54-C69,150.92,2.98,B
7,SA919X7XB05691-A96204B-R55-C08,182.76,2.91,B
7,SA919X7XB05691-A96204B-R55-C09,168.94,2.89,B
7,SA919X7XB05691-A96204B-R55-C11,148.04,2.99,B
7,SA919X7XB05691-A96204B-R55-C13,212.32,2.9,B
7,SA919X7XB05691-A96204B-R55-C15,171.12,2.96,B
7,SA919X7XB05691-A96204B-R55-C20,172.08,2.98,B
7,SA919X7XB05691-A96204B-R55-C21,159.77,2.9,B
7,SA919X7XB05691-A96204B-R55-C27,121.79,2.98,B
7,SA919X7XB05691-A96204B-R55-C31,148.31,2.41,B
7,SA919X7XB05691-A96204B-R55-C32,171.82,2.79,B
7,SA919X7XB05691-A96204B-R55-C35,178.25,2.94,B
7,SA919X7XB05691-A96204B-R55-C37,157.25,2.96,B
7,SA919X7XB05691-A96204B-R55-C39,174.98,2.54,B
7,SA919X7XB05691-A96204B-R55-C41,177.32,2.91,B
7,SA919X7XB05691-A96204B-R55-C43,186.53,2.94,B
7,SA919X7XB05691-A96204B-R55-C46,160.04,2.96,B
7,SA919X7XB05691-A96204B-R55-C51,146.28,2.94,B
7,SA919X7XB05691-A96204B-R55-C52,116.35,2.99,B
7,SA919X7XB05691-A96204B-R55-C57,146.41,2.91,B
7,SA919X7XB05691-A96204B-R55-C58,122.06,2.88,B
7,SA919X7XB05691-A96204B-R55-C59,151.7,2.92,B
7,SA919X7XB05691-A96204B-R55-C61,150.59,2.85,B
7,SA919X7XB05691-A96204B-R55-C66,117.41,2.94,B
7,SA919X7XB05691-A96204B-R56-C12,172.78,2.94,B
7,SA919X7XB05691-A96204B-R56-C14,185.74,2.86,B
7,SA919X7XB05691-A96204B-R56-C15,178.83,2.93,B
7,SA919X7XB05691-A96204B-R56-C16,198.36,2.96,B
7,SA919X7XB05691-A96204B-R56-C22,160.14,2.99,B
7,SA919X7XB05691-A96204B-R56-C26,150.45,2.99,B
7,SA919X7XB05691-A96204B-R56-C27,135.37,2.86,B
7,SA919X7XB05691-A96204B-R56-C28,179.75,2.92,B
7,SA919X7XB05691-A96204B-R56-C29,168.67,2.92,B
7,SA919X7XB05691-A96204B-R56-C30,154.57,2.89,B
7,SA919X7XB05691-A96204B-R56-C31,200.78,2.97,B
7,SA919X7XB05691-A96204B-R56-C32,188.84,2.97,B
7,SA919X7XB05691-A96204B-R56-C40,181,2.93,B
7,SA919X7XB05691-A96204B-R56-C43,180.58,2.92,B
7,SA919X7XB05691-A96204B-R56-C44,202.8,2.96,B
7,SA919X7XB05691-A96204B-R56-C48,179.32,2.93,B
7,SA919X7XB05691-A96204B-R56-C49,162.06,3.03,B
7,SA919X7XB05691-A96204B-R56-C51,151.03,2.95,B
7,SA919X7XB05691-A96204B-R56-C54,103.48,2.95,B
7,SA919X7XB05691-A96204B-R56-C55,151.05,2.92,B
7,SA919X7XB05691-A96204B-R56-C57,120.63,2.95,B
7,SA919X7XB05691-A96204B-R56-C64,172.68,2.94,B
7,SA919X7XB05691-A96204B-R57-C08,182.17,2.93,B
7,SA919X7XB05691-A96204B-R57-C09,189.5,2.92,B
7,SA919X7XB05691-A96204B-R57-C11,142.03,2.93,B
7,SA919X7XB05691-A96204B-R57-C13,219.57,2.92,B
7,SA919X7XB05691-A96204B-R57-C24,258.83,2.96,B
7,SA919X7XB05691-A96204B-R57-C26,155.28,2.97,A
7,SA919X7XB05691-A96204B-R57-C29,152.7,2.85,B
7,SA919X7XB05691-A96204B-R57-C31,197.75,2.95,B
7,SA919X7XB05691-A96204B-R57-C33,124.18,2.94,B
7,SA919X7XB05691-A96204B-R57-C41,161.65,2.89,B
7,SA919X7XB05691-A96204B-R57-C42,178.6,2.91,B
7,SA919X7XB05691-A96204B-R57-C43,186.49,2.91,B
7,SA919X7XB05691-A96204B-R57-C50,122.12,2.95,B
7,SA919X7XB05691-A96204B-R57-C55,170.59,2.93,B
7,SA919X7XB05691-A96204B-R57-C56,168.21,2.93,B
7,SA919X7XB05691-A96204B-R57-C59,161.41,2.96,B
7,SA919X7XB05691-A96204B-R57-C60,186.06,3.02,B
7,SA919X7XB05691-A96204B-R57-C63,169.64,2.97,B
7,SA919X7XB05691-A96204B-R57-C64,186.36,2.97,B
7,SA919X7XB05691-A96204B-R57-C69,146.45,2.92,B
7,SA919X7XB05691-A96204B-R58-C08,141.73,2.94,B
7,SA919X7XB05691-A96204B-R58-C10,96.77,3.03,B
7,SA919X7XB05691-A96204B-R58-C11,116.36,3.03,B
7,SA919X7XB05691-A96204B-R58-C16,143.03,2.95,B
7,SA919X7XB05691-A96204B-R58-C17,135.16,3.01,B
7,SA919X7XB05691-A96204B-R58-C19,109.36,3,B
7,SA919X7XB05691-A96204B-R58-C25,151.06,2.98,B
7,SA919X7XB05691-A96204B-R58-C26,113.97,3.18,B
7,SA919X7XB05691-A96204B-R58-C27,88.46,2.88,B
7,SA919X7XB05691-A96204B-R58-C28,143.18,2.95,B
7,SA919X7XB05691-A96204B-R58-C30,119.53,2.99,B
7,SA919X7XB05691-A96204B-R58-C40,123.79,3.08,B
7,SA919X7XB05691-A96204B-R58-C46,154.62,2.97,B
7,SA919X7XB05691-A96204B-R58-C49,106.83,3,B
7,SA919X7XB05691-A96204B-R58-C54,126.73,2.9,B
7,SA919X7XB05691-A96204B-R58-C58,106.47,2.92,B
7,SA919X7XB05691-A96204B-R58-C63,111.27,2.96,B
7,SA919X7XB05691-A96204B-R58-C64,128.33,2.99,B
7,SA919X7XB05691-A96204B-R59-C13,151.2,2.97,B
7,SA919X7XB05691-A96204B-R59-C14,143.59,2.96,B
7,SA919X7XB05691-A96204B-R59-C19,120.47,3.01,B
7,SA919X7XB05691-A96204B-R59-C22,115.54,2.92,B
7,SA919X7XB05691-A96204B-R59-C26,122.75,2.96,B
7,SA919X7XB05691-A96204B-R59-C31,146.8,3.03,B
7,SA919X7XB05691-A96204B-R59-C39,150.1,2.91,B
7,SA919X7XB05691-A96204B-R59-C40,137.28,3.01,B
7,SA919X7XB05691-A96204B-R59-C46,143.16,2.93,B
7,SA919X7XB05691-A96204B-R59-C47,131.16,2.89,B
7,SA919X7XB05691-A96204B-R59-C50,115.31,2.95,B
7,SA919X7XB05691-A96204B-R59-C57,144.83,2.86,B
7,SA919X7XB05691-A96204B-R59-C58,119.42,3,B
7,SA919X7XB05691-A96204B-R59-C59,123.21,2.98,B
7,SA919X7XB05691-A96204B-R59-C69,177.92,2.98,B
7,SA919X7XB05691-A96204B-R60-C09,156.45,2.93,B
7,SA919X7XB05691-A96204B-R60-C11,116.75,2.95,B
7,SA919X7XB05691-A96204B-R60-C15,150.52,2.97,B
7,SA919X7XB05691-A96204B-R60-C23,144.85,2.94,B
7,SA919X7XB05691-A96204B-R60-C25,156.87,2.92,A
7,SA919X7XB05691-A96204B-R60-C26,123.85,2.98,B
7,SA919X7XB05691-A96204B-R60-C27,126.23,2.93,B
7,SA919X7XB05691-A96204B-R60-C30,124.02,2.92,B
7,SA919X7XB05691-A96204B-R60-C32,142.79,2.95,B
7,SA919X7XB05691-A96204B-R60-C38,115.66,2.91,B
7,SA919X7XB05691-A96204B-R60-C42,155.82,2.93,B
7,SA919X7XB05691-A96204B-R60-C46,165.31,3,B
7,SA919X7XB05691-A96204B-R60-C63,117.21,2.92,B
