chr,cell_id,total_reads,total_copy,clone_id
10,SA919X4XB40509-A98217A-R03-C08,11076,185.74880616799,A
10,SA919X4XB40509-A98217A-R03-C09,8678,190.508705465638,A
10,SA919X4XB40509-A98217A-R03-C11,8324,181.851737567089,A
10,SA919X4XB40509-A98217A-R03-C13,11495,174.25128425843,A
10,SA919X4XB40509-A98217A-R03-C17,8754,184.099119240592,A
10,SA919X4XB40509-A98217A-R03-C19,9668,194.536198480894,A
10,SA919X4XB40509-A98217A-R03-C22,6435,179.389740327289,A
10,SA919X4XB40509-A98217A-R03-C23,10958,192.907629839186,A
10,SA919X4XB40509-A98217A-R03-C24,9033,179.906233690615,A
10,SA919X4XB40509-A98217A-R03-C30,12163,200.0258075695,A
10,SA919X4XB40509-A98217A-R03-C34,6160,187.853246644258,A
10,SA919X4XB40509-A98217A-R03-C35,9584,187.92612858371,A
10,SA919X4XB40509-A98217A-R03-C41,8236,188.123843841067,A
10,SA919X4XB40509-A98217A-R03-C43,11984,190.690551888377,A
10,SA919X4XB40509-A98217A-R03-C54,9538,188.337923302003,A
10,SA919X4XB40509-A98217A-R03-C55,7896,178.08802050299,A
10,SA919X4XB40509-A98217A-R03-C56,11472,199.354691332561,A
10,SA919X4XB40509-A98217A-R03-C63,10844,194.836279329628,A
10,SA919X4XB40509-A98217A-R03-C66,10670,186.887971765729,A
10,SA919X4XB40509-A98217A-R03-C67,8865,176.370740746498,A
10,SA919X4XB40509-A98217A-R04-C11,8934,187.514053562425,A
10,SA919X4XB40509-A98217A-R04-C12,8943,187.357511665824,A
10,SA919X4XB40509-A98217A-R04-C13,11015,190.711021495523,A
10,SA919X4XB40509-A98217A-R04-C14,10210,192.811045696174,A
10,SA919X4XB40509-A98217A-R04-C16,10598,190.372647654017,A
10,SA919X4XB40509-A98217A-R04-C17,10674,189.179981711982,A
10,SA919X4XB40509-A98217A-R04-C18,8423,189.983550481814,A
10,SA919X4XB40509-A98217A-R04-C19,9064,193.01364395532,A
10,SA919X4XB40509-A98217A-R04-C23,8746,183.505316207818,A
10,SA919X4XB40509-A98217A-R04-C26,9634,187.088206304567,A
10,SA919X4XB40509-A98217A-R04-C28,9572,191.545246228645,A
10,SA919X4XB40509-A98217A-R04-C29,7672,187.679346151176,A
10,SA919X4XB40509-A98217A-R04-C30,9380,192.074008660252,A
10,SA919X4XB40509-A98217A-R04-C31,10486,193.310478951841,A
10,SA919X4XB40509-A98217A-R04-C33,6686,186.284697461385,A
10,SA919X4XB40509-A98217A-R04-C34,7624,194.731389978128,A
10,SA919X4XB40509-A98217A-R04-C35,10492,192.648809859227,A
10,SA919X4XB40509-A98217A-R04-C37,9163,189.358830175613,A
10,SA919X4XB40509-A98217A-R04-C38,9471,189.389987228136,A
10,SA919X4XB40509-A98217A-R04-C40,9585,191.90718262329,A
10,SA919X4XB40509-A98217A-R04-C42,10517,196.126267440466,A
10,SA919X4XB40509-A98217A-R04-C43,10754,193.967934714485,A
10,SA919X4XB40509-A98217A-R04-C47,14204,191.219427768154,A
10,SA919X4XB40509-A98217A-R04-C48,9937,188.442272675104,A
10,SA919X4XB40509-A98217A-R04-C52,9134,183.670441239441,A
10,SA919X4XB40509-A98217A-R04-C54,9192,188.903489500134,A
10,SA919X4XB40509-A98217A-R04-C55,7685,197.937495364397,A
10,SA919X4XB40509-A98217A-R04-C56,10039,184.974872717543,A
10,SA919X4XB40509-A98217A-R04-C57,10072,191.341485905725,A
10,SA919X4XB40509-A98217A-R04-C58,9006,187.591367081106,A
10,SA919X4XB40509-A98217A-R04-C59,9422,188.416872898195,A
10,SA919X4XB40509-A98217A-R04-C61,9454,190.23332518934,A
10,SA919X4XB40509-A98217A-R04-C64,10579,186.288412015221,A
10,SA919X4XB40509-A98217A-R04-C66,9721,188.005734076378,A
10,SA919X4XB40509-A98217A-R04-C68,7208,188.437733221132,A
10,SA919X4XB40509-A98217A-R05-C07,12018,191.258652602035,A
10,SA919X4XB40509-A98217A-R05-C09,10612,191.124264240994,A
10,SA919X4XB40509-A98217A-R05-C12,9218,194.123188657433,A
10,SA919X4XB40509-A98217A-R05-C13,11282,189.054965034994,A
10,SA919X4XB40509-A98217A-R05-C15,10531,190.702313461073,A
10,SA919X4XB40509-A98217A-R05-C16,11142,188.9307110895,A
10,SA919X4XB40509-A98217A-R05-C17,11554,191.121412627688,A
10,SA919X4XB40509-A98217A-R05-C18,9279,191.629269418163,A
10,SA919X4XB40509-A98217A-R05-C21,7552,191.033931415814,A
10,SA919X4XB40509-A98217A-R05-C23,10197,185.582950449682,A
10,SA919X4XB40509-A98217A-R05-C24,12072,187.718373005308,A
10,SA919X4XB40509-A98217A-R05-C26,10712,194.86186486857,A
10,SA919X4XB40509-A98217A-R05-C31,11161,189.561768962166,A
10,SA919X4XB40509-A98217A-R05-C32,10709,188.67648024643,A
10,SA919X4XB40509-A98217A-R05-C33,7845,199.238878991835,A
10,SA919X4XB40509-A98217A-R05-C35,11679,189.438479092361,A
10,SA919X4XB40509-A98217A-R05-C38,10419,190.014110826483,A
10,SA919X4XB40509-A98217A-R05-C40,10662,193.038528485759,A
10,SA919X4XB40509-A98217A-R05-C41,10399,192.751403819073,A
10,SA919X4XB40509-A98217A-R05-C44,10370,192.824265255991,A
10,SA919X4XB40509-A98217A-R05-C46,10782,196.951082381715,A
10,SA919X4XB40509-A98217A-R05-C48,9608,189.918536286032,A
10,SA919X4XB40509-A98217A-R05-C50,9719,189.462608764946,A
10,SA919X4XB40509-A98217A-R05-C51,10469,194.787542947352,A
10,SA919X4XB40509-A98217A-R05-C54,9676,188.429532219993,A
10,SA919X4XB40509-A98217A-R05-C55,10506,187.350065915494,A
10,SA919X4XB40509-A98217A-R05-C58,9682,190.036101541973,A
10,SA919X4XB40509-A98217A-R05-C59,10259,194.03681365589,A
10,SA919X4XB40509-A98217A-R05-C60,9358,190.964151098543,A
10,SA919X4XB40509-A98217A-R05-C61,10689,188.600276834914,A
10,SA919X4XB40509-A98217A-R05-C62,8981,182.908004571987,A
10,SA919X4XB40509-A98217A-R05-C63,11397,192.106935009981,A
10,SA919X4XB40509-A98217A-R05-C64,10826,190.381762388894,A
10,SA919X4XB40509-A98217A-R05-C66,10344,186.858694796709,A
10,SA919X4XB40509-A98217A-R05-C67,9860,189.810674036472,A
10,SA919X4XB40509-A98217A-R05-C69,8327,185.800942443199,A
10,SA919X4XB40509-A98217A-R06-C08,14698,184.199048909817,A
10,SA919X4XB40509-A98217A-R06-C09,11377,191.270350927585,A
10,SA919X4XB40509-A98217A-R06-C11,9537,187.994225919751,A
10,SA919X4XB40509-A98217A-R06-C12,9584,192.132808464485,A
10,SA919X4XB40509-A98217A-R06-C14,10594,187.173603036757,A
10,SA919X4XB40509-A98217A-R06-C15,10505,190.092819226188,A
10,SA919X4XB40509-A98217A-R06-C17,11702,194.411335760886,A
10,SA919X4XB40509-A98217A-R06-C18,9447,185.51506843274,A
10,SA919X4XB40509-A98217A-R06-C19,9837,187.696769737202,A
10,SA919X4XB40509-A98217A-R06-C22,9657,189.714070882865,A
10,SA919X4XB40509-A98217A-R06-C23,9521,188.052761807429,A
10,SA919X4XB40509-A98217A-R06-C24,12416,187.145883728764,A
10,SA919X4XB40509-A98217A-R06-C26,10895,190.926857729316,A
10,SA919X4XB40509-A98217A-R06-C27,7707,194.221760231684,A
10,SA919X4XB40509-A98217A-R06-C28,10018,183.230820080708,A
10,SA919X4XB40509-A98217A-R06-C30,10609,189.583867869422,A
10,SA919X4XB40509-A98217A-R06-C32,11194,190.352206079142,A
10,SA919X4XB40509-A98217A-R06-C33,7511,190.312540358668,A
10,SA919X4XB40509-A98217A-R06-C37,12860,189.986749001527,A
10,SA919X4XB40509-A98217A-R06-C41,11165,190.506275814491,A
10,SA919X4XB40509-A98217A-R06-C42,11376,184.773719009198,A
10,SA919X4XB40509-A98217A-R06-C46,7706,186.150438160519,A
10,SA919X4XB40509-A98217A-R06-C47,10931,195.017958710752,A
10,SA919X4XB40509-A98217A-R06-C48,10788,191.554190793565,A
10,SA919X4XB40509-A98217A-R06-C49,9144,182.695407628661,A
10,SA919X4XB40509-A98217A-R06-C50,9401,191.055197956447,A
10,SA919X4XB40509-A98217A-R06-C51,11237,175.682043581521,A
10,SA919X4XB40509-A98217A-R06-C54,9552,183.734726266716,A
10,SA919X4XB40509-A98217A-R06-C55,8944,185.554096785146,A
10,SA919X4XB40509-A98217A-R06-C56,11136,187.599271532335,A
10,SA919X4XB40509-A98217A-R06-C58,9740,191.738994907607,A
10,SA919X4XB40509-A98217A-R06-C59,9860,193.629401336062,A
10,SA919X4XB40509-A98217A-R06-C60,9486,184.539313517763,A
10,SA919X4XB40509-A98217A-R06-C61,11688,200.548769185785,A
10,SA919X4XB40509-A98217A-R06-C63,10643,192.063113850228,A
10,SA919X4XB40509-A98217A-R06-C64,11342,193.744621630301,A
10,SA919X4XB40509-A98217A-R06-C68,6930,190.536094952624,A
10,SA919X4XB40509-A98217A-R06-C69,9368,190.985647955116,A
10,SA919X4XB40509-A98217A-R06-C70,8470,192.560408644609,A
10,SA919X4XB40509-A98217A-R07-C07,12256,194.763045563683,A
10,SA919X4XB40509-A98217A-R07-C08,14345,185.777052185745,A
10,SA919X4XB40509-A98217A-R07-C11,11437,181.167936125321,A
10,SA919X4XB40509-A98217A-R07-C12,9201,192.237033035102,A
10,SA919X4XB40509-A98217A-R07-C14,10519,191.860825094553,A
10,SA919X4XB40509-A98217A-R07-C15,9856,186.819936205987,A
10,SA919X4XB40509-A98217A-R07-C16,11215,188.452390056766,A
10,SA919X4XB40509-A98217A-R07-C18,9780,191.838456782491,A
10,SA919X4XB40509-A98217A-R07-C19,9568,187.319601287158,A
10,SA919X4XB40509-A98217A-R07-C24,16574,187.891157780031,A
10,SA919X4XB40509-A98217A-R07-C25,11051,190.656954062567,A
10,SA919X4XB40509-A98217A-R07-C26,10267,189.101441959039,A
10,SA919X4XB40509-A98217A-R07-C27,8461,185.846856989351,A
10,SA919X4XB40509-A98217A-R07-C34,7934,194.014896133072,A
10,SA919X4XB40509-A98217A-R07-C37,9675,188.882337166053,A
10,SA919X4XB40509-A98217A-R07-C39,10760,182.015319132059,A
10,SA919X4XB40509-A98217A-R07-C44,8344,182.086644243317,A
10,SA919X4XB40509-A98217A-R07-C46,10611,194.42029305409,A
10,SA919X4XB40509-A98217A-R07-C48,9518,181.507940978293,A
10,SA919X4XB40509-A98217A-R07-C49,9689,197.076190681157,A
10,SA919X4XB40509-A98217A-R07-C51,9832,189.018039747096,A
10,SA919X4XB40509-A98217A-R07-C52,8957,187.256546978283,A
10,SA919X4XB40509-A98217A-R07-C54,10263,191.710887357124,A
10,SA919X4XB40509-A98217A-R07-C57,11216,186.138899970782,A
10,SA919X4XB40509-A98217A-R07-C58,9333,192.389495508491,A
10,SA919X4XB40509-A98217A-R07-C59,9605,191.771218018829,A
10,SA919X4XB40509-A98217A-R07-C62,8022,188.939413138111,A
10,SA919X4XB40509-A98217A-R07-C66,10775,186.651426886989,A
10,SA919X4XB40509-A98217A-R07-C68,9502,175.709307535492,A
10,SA919X4XB40509-A98217A-R08-C08,11371,193.481384861689,A
10,SA919X4XB40509-A98217A-R08-C09,11241,186.169848846107,A
10,SA919X4XB40509-A98217A-R08-C10,10344,191.689928860059,A
10,SA919X4XB40509-A98217A-R08-C11,10004,177.570391607244,A
10,SA919X4XB40509-A98217A-R08-C12,10240,192.416521642454,A
10,SA919X4XB40509-A98217A-R08-C14,11193,189.35062116414,A
10,SA919X4XB40509-A98217A-R08-C15,10885,186.76701960717,A
10,SA919X4XB40509-A98217A-R08-C16,12237,185.902454181168,A
10,SA919X4XB40509-A98217A-R08-C17,12777,193.129018813048,A
10,SA919X4XB40509-A98217A-R08-C18,10279,192.078067286298,A
10,SA919X4XB40509-A98217A-R08-C21,10528,195.269159624283,A
10,SA919X4XB40509-A98217A-R08-C22,10516,194.110945239822,A
10,SA919X4XB40509-A98217A-R08-C23,11375,188.650823708138,A
10,SA919X4XB40509-A98217A-R08-C24,13582,187.656164543588,A
10,SA919X4XB40509-A98217A-R08-C28,10751,193.232690401669,A
10,SA919X4XB40509-A98217A-R08-C30,11081,184.184881082427,A
10,SA919X4XB40509-A98217A-R08-C31,12861,189.333071213298,A
10,SA919X4XB40509-A98217A-R08-C32,12371,186.768232434194,A
10,SA919X4XB40509-A98217A-R08-C34,10658,190.480190031104,A
10,SA919X4XB40509-A98217A-R08-C35,12620,191.054998143112,A
10,SA919X4XB40509-A98217A-R08-C36,6377,190.974727138723,A
10,SA919X4XB40509-A98217A-R08-C37,13843,185.941740122703,A
10,SA919X4XB40509-A98217A-R08-C38,12460,182.711677222355,A
10,SA919X4XB40509-A98217A-R08-C39,11405,188.256177401539,A
10,SA919X4XB40509-A98217A-R08-C41,15502,188.573308847971,A
10,SA919X4XB40509-A98217A-R08-C45,8021,195.163887290145,A
10,SA919X4XB40509-A98217A-R08-C46,11102,189.454186326019,A
10,SA919X4XB40509-A98217A-R08-C47,11613,187.961801646601,A
10,SA919X4XB40509-A98217A-R08-C51,11109,192.534055358612,A
10,SA919X4XB40509-A98217A-R08-C54,10547,190.533504198499,A
10,SA919X4XB40509-A98217A-R08-C55,11711,186.795928870275,A
10,SA919X4XB40509-A98217A-R08-C57,11979,191.2442625323,A
10,SA919X4XB40509-A98217A-R08-C59,8854,190.450017320809,A
10,SA919X4XB40509-A98217A-R08-C60,10270,189.950929393785,A
10,SA919X4XB40509-A98217A-R08-C61,11867,192.681232930364,A
10,SA919X4XB40509-A98217A-R08-C64,12955,193.747827008987,A
10,SA919X4XB40509-A98217A-R08-C65,9004,188.189816336615,A
10,SA919X4XB40509-A98217A-R08-C67,9320,193.630481091084,A
10,SA919X4XB40509-A98217A-R08-C69,10483,190.352076368098,A
10,SA919X4XB40509-A98217A-R08-C70,9630,187.420886924206,A
10,SA919X4XB40509-A98217A-R09-C07,10518,184.536789795097,A
10,SA919X4XB40509-A98217A-R09-C08,9591,183.635439780215,A
10,SA919X4XB40509-A98217A-R09-C10,8551,188.818572958722,A
10,SA919X4XB40509-A98217A-R09-C14,9958,193.291440060893,A
10,SA919X4XB40509-A98217A-R09-C15,6771,126.100993196958,A
10,SA919X4XB40509-A98217A-R09-C16,10435,188.832431205239,A
10,SA919X4XB40509-A98217A-R09-C18,8733,191.644932962612,A
10,SA919X4XB40509-A98217A-R09-C19,8470,192.385596542968,A
10,SA919X4XB40509-A98217A-R09-C25,9196,189.792663503579,A
10,SA919X4XB40509-A98217A-R09-C29,6844,178.627378151489,A
10,SA919X4XB40509-A98217A-R09-C31,10484,190.642137902266,A
10,SA919X4XB40509-A98217A-R09-C32,9514,188.654034869964,A
10,SA919X4XB40509-A98217A-R09-C34,6896,181.147435380075,A
10,SA919X4XB40509-A98217A-R09-C37,8092,190.384054299071,A
10,SA919X4XB40509-A98217A-R09-C39,9851,194.082285117893,A
10,SA919X4XB40509-A98217A-R09-C40,9092,189.06479637524,A
10,SA919X4XB40509-A98217A-R09-C41,9582,190.41612176526,A
10,SA919X4XB40509-A98217A-R09-C42,10025,189.255628103209,A
10,SA919X4XB40509-A98217A-R09-C47,9526,186.441120802233,A
10,SA919X4XB40509-A98217A-R09-C48,8600,190.379741226859,A
10,SA919X4XB40509-A98217A-R09-C51,8897,190.829026669319,A
10,SA919X4XB40509-A98217A-R09-C52,8394,193.708106041459,A
10,SA919X4XB40509-A98217A-R09-C54,9351,186.844156062329,A
10,SA919X4XB40509-A98217A-R09-C55,10241,191.047080306116,A
10,SA919X4XB40509-A98217A-R09-C56,10714,190.27480198344,A
10,SA919X4XB40509-A98217A-R09-C59,8584,188.431772179285,A
10,SA919X4XB40509-A98217A-R09-C63,9342,183.360268314751,A
10,SA919X4XB40509-A98217A-R09-C65,7291,178.962066704599,A
10,SA919X4XB40509-A98217A-R09-C67,7020,190.559851654383,A
10,SA919X4XB40509-A98217A-R10-C07,10862,186.997638654944,A
10,SA919X4XB40509-A98217A-R10-C10,9141,190.308061724778,A
10,SA919X4XB40509-A98217A-R10-C15,9825,191.137787700671,A
10,SA919X4XB40509-A98217A-R10-C16,10357,189.150721243781,A
10,SA919X4XB40509-A98217A-R10-C17,10452,187.785137053044,A
10,SA919X4XB40509-A98217A-R10-C18,8953,189.083596806691,A
10,SA919X4XB40509-A98217A-R10-C19,9181,191.696616176048,A
10,SA919X4XB40509-A98217A-R10-C25,10313,189.098370375139,A
10,SA919X4XB40509-A98217A-R10-C26,10303,188.383813468377,A
10,SA919X4XB40509-A98217A-R10-C27,9338,195.568503399229,A
10,SA919X4XB40509-A98217A-R10-C32,9904,187.287445116771,A
10,SA919X4XB40509-A98217A-R10-C33,6630,184.141224804024,A
10,SA919X4XB40509-A98217A-R10-C34,7366,188.032996847056,A
10,SA919X4XB40509-A98217A-R10-C35,10612,187.992961956129,A
10,SA919X4XB40509-A98217A-R10-C37,8839,190.616724606909,A
10,SA919X4XB40509-A98217A-R10-C38,9422,199.299423235646,A
10,SA919X4XB40509-A98217A-R10-C40,9569,186.609008222987,A
10,SA919X4XB40509-A98217A-R10-C42,10703,188.140295587084,A
10,SA919X4XB40509-A98217A-R10-C43,9689,182.146851460272,A
10,SA919X4XB40509-A98217A-R10-C44,8096,191.052031556967,A
10,SA919X4XB40509-A98217A-R10-C48,12596,187.967971928998,A
10,SA919X4XB40509-A98217A-R10-C49,9148,190.945449331576,A
10,SA919X4XB40509-A98217A-R10-C50,8589,189.412492362708,A
10,SA919X4XB40509-A98217A-R10-C51,9516,187.347797172163,A
10,SA919X4XB40509-A98217A-R10-C55,9364,184.095696246659,A
10,SA919X4XB40509-A98217A-R10-C56,10291,187.299638642016,A
10,SA919X4XB40509-A98217A-R10-C57,10508,188.301794294342,A
10,SA919X4XB40509-A98217A-R10-C59,9994,202.745407499726,A
10,SA919X4XB40509-A98217A-R10-C60,9018,186.756320589671,A
10,SA919X4XB40509-A98217A-R10-C61,10161,192.015121298266,A
10,SA919X4XB40509-A98217A-R10-C65,7605,189.474664364636,A
10,SA919X4XB40509-A98217A-R10-C70,8536,189.947880713396,A
10,SA919X4XB40509-A98217A-R11-C09,9938,188.385714353885,A
10,SA919X4XB40509-A98217A-R11-C11,8670,187.355199831645,A
10,SA919X4XB40509-A98217A-R11-C12,7612,194.031257120261,A
10,SA919X4XB40509-A98217A-R11-C19,8920,188.032991121496,A
10,SA919X4XB40509-A98217A-R11-C25,9479,194.448140107806,A
10,SA919X4XB40509-A98217A-R11-C28,9439,191.541815815709,A
10,SA919X4XB40509-A98217A-R11-C29,8500,196.482899838266,A
10,SA919X4XB40509-A98217A-R11-C31,11255,193.508545657951,A
10,SA919X4XB40509-A98217A-R11-C48,9123,187.151779371796,A
10,SA919X4XB40509-A98217A-R11-C54,8941,191.220146006843,A
10,SA919X4XB40509-A98217A-R11-C58,9044,187.206451472138,A
10,SA919X4XB40509-A98217A-R11-C59,9127,187.978678673915,A
10,SA919X4XB40509-A98217A-R11-C63,10133,191.836751819724,A
10,SA919X4XB40509-A98217A-R11-C66,11055,198.979809081221,A
10,SA919X4XB40509-A98217A-R11-C67,10188,195.550913317883,A
10,SA919X4XB40509-A98217A-R12-C10,9528,188.422040650208,A
10,SA919X4XB40509-A98217A-R12-C21,9468,191.474645298259,A
10,SA919X4XB40509-A98217A-R12-C26,10227,183.088571580501,A
10,SA919X4XB40509-A98217A-R12-C28,10278,192.529549732893,A
10,SA919X4XB40509-A98217A-R12-C30,10096,189.85603195695,A
10,SA919X4XB40509-A98217A-R12-C31,10854,192.007597781148,A
10,SA919X4XB40509-A98217A-R12-C41,11007,195.680063467633,A
10,SA919X4XB40509-A98217A-R12-C43,11393,184.182278630503,A
10,SA919X4XB40509-A98217A-R12-C48,8087,189.083060255105,A
10,SA919X4XB40509-A98217A-R12-C59,10248,192.666932737861,A
10,SA919X4XB40509-A98217A-R12-C66,11227,187.744695558861,A
10,SA919X4XB40509-A98217A-R12-C69,7048,178.050265771229,A
10,SA919X4XB40509-A98217A-R13-C15,10008,187.010061756873,A
10,SA919X4XB40509-A98217A-R13-C44,9924,192.763166378728,A
10,SA919X4XB40509-A98217A-R13-C55,9606,190.026679358493,A
10,SA919X4XB40509-A98217A-R13-C59,10485,191.90584878347,A
10,SA919X4XB40509-A98217A-R13-C63,11194,199.233439183073,A
10,SA919X4XB40509-A98217A-R13-C65,8541,190.70098055577,A
10,SA919X4XB40509-A98217A-R14-C13,12713,188.921871056994,A
10,SA919X4XB40509-A98217A-R14-C17,11259,185.138126248129,A
10,SA919X4XB40509-A98217A-R14-C19,9759,185.17894402248,A
10,SA919X4XB40509-A98217A-R14-C20,10310,198.297705255373,A
10,SA919X4XB40509-A98217A-R14-C24,13104,195.227171410178,A
10,SA919X4XB40509-A98217A-R14-C25,11679,195.338895081128,A
10,SA919X4XB40509-A98217A-R14-C36,6619,190.228526396381,A
10,SA919X4XB40509-A98217A-R15-C10,8530,193.482002068211,A
10,SA919X4XB40509-A98217A-R15-C12,9428,185.946007760214,A
10,SA919X4XB40509-A98217A-R15-C13,12395,189.855500214244,A
10,SA919X4XB40509-A98217A-R15-C14,11372,189.943764393693,A
10,SA919X4XB40509-A98217A-R15-C17,11669,191.849567520401,A
10,SA919X4XB40509-A98217A-R15-C18,9289,193.593982366059,A
10,SA919X4XB40509-A98217A-R15-C19,9757,186.904933165325,A
10,SA919X4XB40509-A98217A-R15-C20,10259,192.767466428674,A
10,SA919X4XB40509-A98217A-R15-C22,10561,184.853375925778,A
10,SA919X4XB40509-A98217A-R15-C23,10111,189.105450692414,A
10,SA919X4XB40509-A98217A-R15-C24,11641,180.759967069313,A
10,SA919X4XB40509-A98217A-R15-C25,11038,194.504097250115,A
10,SA919X4XB40509-A98217A-R15-C26,10165,188.75098702022,A
10,SA919X4XB40509-A98217A-R15-C28,9586,185.137601343405,A
10,SA919X4XB40509-A98217A-R15-C32,10972,186.494528156042,A
10,SA919X4XB40509-A98217A-R15-C35,11638,194.385048134875,A
10,SA919X4XB40509-A98217A-R15-C37,9026,185.218590514696,A
10,SA919X4XB40509-A98217A-R15-C38,9377,184.490670534613,A
10,SA919X4XB40509-A98217A-R15-C39,10973,189.483267646279,A
10,SA919X4XB40509-A98217A-R15-C40,10232,190.585886034182,A
10,SA919X4XB40509-A98217A-R15-C42,11234,185.934803679273,A
10,SA919X4XB40509-A98217A-R15-C43,11573,189.555073007044,A
10,SA919X4XB40509-A98217A-R15-C46,9761,183.87422399751,A
10,SA919X4XB40509-A98217A-R15-C49,9342,191.952659623627,A
10,SA919X4XB40509-A98217A-R15-C50,9165,189.943107448316,A
10,SA919X4XB40509-A98217A-R15-C52,8612,191.898691082274,A
10,SA919X4XB40509-A98217A-R15-C58,9725,183.988167046653,A
10,SA919X4XB40509-A98217A-R15-C62,9640,189.256589303573,A
10,SA919X4XB40509-A98217A-R15-C65,8166,184.270360098536,A
10,SA919X4XB40509-A98217A-R15-C66,11051,193.235648898275,A
10,SA919X4XB40509-A98217A-R15-C67,9200,191.515184663302,A
10,SA919X4XB40509-A98217A-R15-C68,10579,188.962028255238,A
10,SA919X4XB40509-A98217A-R15-C70,9139,189.251464944397,A
10,SA919X4XB40509-A98217A-R16-C07,9746,188.218747571204,A
10,SA919X4XB40509-A98217A-R16-C08,9525,183.355791569788,A
10,SA919X4XB40509-A98217A-R16-C09,9262,189.544482864678,A
10,SA919X4XB40509-A98217A-R16-C10,7560,181.080161455912,A
10,SA919X4XB40509-A98217A-R16-C13,9182,179.077885208757,A
10,SA919X4XB40509-A98217A-R16-C19,7859,190.897422523433,A
10,SA919X4XB40509-A98217A-R16-C20,8573,190.264208842374,A
10,SA919X4XB40509-A98217A-R16-C24,10494,185.553749532753,A
10,SA919X4XB40509-A98217A-R16-C25,9257,187.932806886654,A
10,SA919X4XB40509-A98217A-R16-C26,8822,189.273017626653,A
10,SA919X4XB40509-A98217A-R16-C27,9486,188.835452327837,A
10,SA919X4XB40509-A98217A-R16-C28,6377,175.148476976208,A
10,SA919X4XB40509-A98217A-R16-C29,5790,173.450730117122,A
10,SA919X4XB40509-A98217A-R16-C33,6454,189.925995097005,A
10,SA919X4XB40509-A98217A-R16-C38,7343,183.217131539213,A
10,SA919X4XB40509-A98217A-R16-C39,9383,195.384989221192,A
10,SA919X4XB40509-A98217A-R16-C41,9151,190.646279758968,A
10,SA919X4XB40509-A98217A-R16-C44,8471,196.977607998972,A
10,SA919X4XB40509-A98217A-R16-C46,9349,185.454503245844,A
10,SA919X4XB40509-A98217A-R16-C47,9143,189.889972324284,A
10,SA919X4XB40509-A98217A-R16-C48,8238,191.201079892965,A
10,SA919X4XB40509-A98217A-R16-C49,8131,188.336035713993,A
10,SA919X4XB40509-A98217A-R16-C50,7504,186.986920161566,A
10,SA919X4XB40509-A98217A-R16-C51,8709,190.842358647045,A
10,SA919X4XB40509-A98217A-R16-C52,8052,186.227011035674,A
10,SA919X4XB40509-A98217A-R16-C54,7853,186.399773660184,A
10,SA919X4XB40509-A98217A-R16-C55,11173,190.209679691822,A
10,SA919X4XB40509-A98217A-R16-C56,9222,189.581187881425,A
10,SA919X4XB40509-A98217A-R16-C58,8376,193.619923005157,A
10,SA919X4XB40509-A98217A-R16-C63,10227,192.265862364468,A
10,SA919X4XB40509-A98217A-R16-C64,9706,207.028566209915,A
10,SA919X4XB40509-A98217A-R16-C66,8282,180.323700566509,A
10,SA919X4XB40509-A98217A-R16-C68,8729,183.468976797925,A
10,SA919X4XB40509-A98217A-R17-C12,8236,187.008568670659,A
10,SA919X4XB40509-A98217A-R17-C13,10073,183.675416097648,A
10,SA919X4XB40509-A98217A-R17-C15,8954,187.880563321402,A
10,SA919X4XB40509-A98217A-R17-C19,8337,182.633800146992,A
10,SA919X4XB40509-A98217A-R17-C20,8928,190.504935099304,A
10,SA919X4XB40509-A98217A-R17-C23,9515,192.812626564686,A
10,SA919X4XB40509-A98217A-R17-C25,9456,179.43832152988,A
10,SA919X4XB40509-A98217A-R17-C27,8169,186.933763096094,A
10,SA919X4XB40509-A98217A-R17-C29,7941,192.715381114506,A
10,SA919X4XB40509-A98217A-R17-C35,12702,194.346576379361,A
10,SA919X4XB40509-A98217A-R17-C38,8713,204.343733115007,A
10,SA919X4XB40509-A98217A-R17-C39,9433,191.040926409759,A
10,SA919X4XB40509-A98217A-R17-C40,8529,181.908140312151,A
10,SA919X4XB40509-A98217A-R17-C42,12368,184.870986312412,A
10,SA919X4XB40509-A98217A-R17-C46,9181,185.547926270701,A
10,SA919X4XB40509-A98217A-R17-C47,9550,192.3855287829,A
10,SA919X4XB40509-A98217A-R17-C48,8780,189.601325907257,A
10,SA919X4XB40509-A98217A-R17-C49,8706,189.229359080279,A
10,SA919X4XB40509-A98217A-R17-C51,9794,188.573960747721,A
10,SA919X4XB40509-A98217A-R17-C52,8595,193.804639701098,A
10,SA919X4XB40509-A98217A-R17-C55,9074,189.693108224838,A
10,SA919X4XB40509-A98217A-R17-C57,9506,187.704958750255,A
10,SA919X4XB40509-A98217A-R17-C60,8528,192.251144962136,A
10,SA919X4XB40509-A98217A-R17-C61,7476,191.916641571006,A
10,SA919X4XB40509-A98217A-R17-C63,9920,186.882527778709,A
10,SA919X4XB40509-A98217A-R17-C64,7826,185.949702523393,A
10,SA919X4XB40509-A98217A-R17-C67,8476,190.632232702119,A
10,SA919X4XB40509-A98217A-R17-C69,8712,179.557913546461,A
10,SA919X4XB40509-A98217A-R17-C70,8411,187.074746957073,A
10,SA919X4XB40509-A98217A-R18-C08,9596,186.283915730163,A
10,SA919X4XB40509-A98217A-R18-C09,9317,182.956982642143,A
10,SA919X4XB40509-A98217A-R18-C11,8826,190.926529029043,A
10,SA919X4XB40509-A98217A-R18-C13,11346,188.350776437163,A
10,SA919X4XB40509-A98217A-R18-C14,9459,189.174525566168,A
10,SA919X4XB40509-A98217A-R18-C15,8806,188.026964949977,A
10,SA919X4XB40509-A98217A-R18-C16,9261,181.040174834096,A
10,SA919X4XB40509-A98217A-R18-C18,8086,191.042928693078,A
10,SA919X4XB40509-A98217A-R18-C19,8464,185.820967490026,A
10,SA919X4XB40509-A98217A-R18-C20,8942,187.550475646209,A
10,SA919X4XB40509-A98217A-R18-C22,8616,185.525405036281,A
10,SA919X4XB40509-A98217A-R18-C24,10194,188.344147168843,A
10,SA919X4XB40509-A98217A-R18-C28,8573,188.853411055035,A
10,SA919X4XB40509-A98217A-R18-C29,8566,186.334134452986,A
10,SA919X4XB40509-A98217A-R18-C31,10397,194.065547098881,A
10,SA919X4XB40509-A98217A-R18-C32,9169,193.949087907857,A
10,SA919X4XB40509-A98217A-R18-C34,6586,186.71759113006,A
10,SA919X4XB40509-A98217A-R18-C35,10452,193.820864260145,A
10,SA919X4XB40509-A98217A-R18-C37,7898,176.432116670169,A
10,SA919X4XB40509-A98217A-R18-C40,9618,195.583707297601,A
10,SA919X4XB40509-A98217A-R18-C41,9176,182.473583479275,A
10,SA919X4XB40509-A98217A-R18-C44,9964,194.673662743355,A
10,SA919X4XB40509-A98217A-R18-C46,9592,188.527957416714,A
10,SA919X4XB40509-A98217A-R18-C48,9165,184.956741586706,A
10,SA919X4XB40509-A98217A-R18-C50,8001,191.211163350176,A
10,SA919X4XB40509-A98217A-R18-C51,9117,186.626291000236,A
10,SA919X4XB40509-A98217A-R18-C54,9285,198.037936587758,A
10,SA919X4XB40509-A98217A-R18-C58,9130,192.388995917666,A
10,SA919X4XB40509-A98217A-R18-C59,9847,194.169794124562,A
10,SA919X4XB40509-A98217A-R18-C61,10176,190.263773697782,A
10,SA919X4XB40509-A98217A-R18-C62,8318,199.316083749311,A
10,SA919X4XB40509-A98217A-R18-C64,9828,187.812533777155,A
10,SA919X4XB40509-A98217A-R18-C65,7136,361.535866821291,A
10,SA919X4XB40509-A98217A-R18-C66,10221,196.00553927201,A
10,SA919X4XB40509-A98217A-R18-C67,7934,182.172592068011,A
10,SA919X4XB40509-A98217A-R18-C68,8328,188.666695696716,A
10,SA919X4XB40509-A98217A-R18-C70,6855,189.425104336249,A
10,SA919X4XB40509-A98217A-R19-C07,6500,175.398172288627,A
10,SA919X4XB40509-A98217A-R19-C09,6381,191.274344243737,A
10,SA919X4XB40509-A98217A-R19-C18,6417,187.969900987943,A
10,SA919X4XB40509-A98217A-R19-C25,6329,194.296489710753,A
10,SA919X4XB40509-A98217A-R19-C28,6589,204.117110760573,A
10,SA919X4XB40509-A98217A-R19-C31,7244,182.205080770729,A
10,SA919X4XB40509-A98217A-R19-C41,6626,187.808150480103,A
10,SA919X4XB40509-A98217A-R19-C43,7043,190.605439521213,A
10,SA919X4XB40509-A98217A-R19-C57,6525,185.675023287149,A
10,SA919X4XB40509-A98217A-R19-C60,6272,189.488588639335,A
10,SA919X4XB40509-A98217A-R19-C61,7011,190.238424266758,A
10,SA919X4XB40509-A98217A-R19-C63,7319,193.598415554633,A
10,SA919X4XB40509-A98217A-R20-C10,9487,181.160877057105,A
10,SA919X4XB40509-A98217A-R20-C11,7938,183.585115117745,A
10,SA919X4XB40509-A98217A-R20-C13,10526,184.705681616398,A
10,SA919X4XB40509-A98217A-R20-C14,9780,189.771384168344,A
10,SA919X4XB40509-A98217A-R20-C15,8954,183.353353906896,A
10,SA919X4XB40509-A98217A-R20-C16,9942,195.911625113859,A
10,SA919X4XB40509-A98217A-R20-C17,10567,192.506424548887,A
10,SA919X4XB40509-A98217A-R20-C19,8565,185.35886184748,A
10,SA919X4XB40509-A98217A-R20-C20,9296,190.864871061714,A
10,SA919X4XB40509-A98217A-R20-C21,8574,187.801577597915,A
10,SA919X4XB40509-A98217A-R20-C22,9644,190.222964658157,A
10,SA919X4XB40509-A98217A-R20-C23,9110,182.094578279508,A
10,SA919X4XB40509-A98217A-R20-C24,10847,195.150453477509,A
10,SA919X4XB40509-A98217A-R20-C30,9354,195.258109631417,A
10,SA919X4XB40509-A98217A-R20-C32,8695,176.595333146602,A
10,SA919X4XB40509-A98217A-R20-C35,11201,188.824711954486,A
10,SA919X4XB40509-A98217A-R20-C37,8386,177.917699102637,A
10,SA919X4XB40509-A98217A-R20-C39,10381,190.015694771509,A
10,SA919X4XB40509-A98217A-R20-C40,9356,193.153379130434,A
10,SA919X4XB40509-A98217A-R20-C42,10117,187.815135712555,A
10,SA919X4XB40509-A98217A-R20-C43,11149,192.987780585607,A
10,SA919X4XB40509-A98217A-R20-C44,8843,185.209129385396,A
10,SA919X4XB40509-A98217A-R20-C45,6962,188.552506920403,A
10,SA919X4XB40509-A98217A-R20-C47,9530,187.810847984196,A
10,SA919X4XB40509-A98217A-R20-C48,9138,186.93943474906,A
10,SA919X4XB40509-A98217A-R20-C49,9038,189.939568497536,A
10,SA919X4XB40509-A98217A-R20-C52,7485,191.839760562881,A
10,SA919X4XB40509-A98217A-R20-C54,9665,186.994375324841,A
10,SA919X4XB40509-A98217A-R20-C55,10604,185.849295047458,A
10,SA919X4XB40509-A98217A-R20-C56,9906,190.316890120315,A
10,SA919X4XB40509-A98217A-R20-C57,10058,182.251121473224,A
10,SA919X4XB40509-A98217A-R20-C59,9626,198.606526458977,A
10,SA919X4XB40509-A98217A-R20-C61,10139,188.449412328382,A
10,SA919X4XB40509-A98217A-R20-C62,8544,189.884086747547,A
10,SA919X4XB40509-A98217A-R20-C63,10856,191.253025245022,A
10,SA919X4XB40509-A98217A-R20-C64,8990,178.898953606482,A
10,SA919X4XB40509-A98217A-R20-C68,9036,192.960860160417,A
10,SA919X4XB40509-A98217A-R21-C07,8865,187.466675616224,A
10,SA919X4XB40509-A98217A-R21-C08,8406,181.481388788811,A
10,SA919X4XB40509-A98217A-R21-C12,7370,184.06206637237,A
10,SA919X4XB40509-A98217A-R21-C13,9713,190.177366342997,A
10,SA919X4XB40509-A98217A-R21-C16,9711,186.326677931396,A
10,SA919X4XB40509-A98217A-R21-C17,9171,191.407229574764,A
10,SA919X4XB40509-A98217A-R21-C18,7414,203.117608510885,A
10,SA919X4XB40509-A98217A-R21-C21,7687,187.271986842361,A
10,SA919X4XB40509-A98217A-R21-C26,7733,183.176446858796,A
10,SA919X4XB40509-A98217A-R21-C32,9013,201.66670697394,A
10,SA919X4XB40509-A98217A-R21-C35,7452,164.912355996834,A
10,SA919X4XB40509-A98217A-R21-C37,8049,191.513776202993,A
10,SA919X4XB40509-A98217A-R21-C38,7081,185.795671395236,A
10,SA919X4XB40509-A98217A-R21-C39,8187,185.61953426816,A
10,SA919X4XB40509-A98217A-R21-C40,8681,190.311971030959,A
10,SA919X4XB40509-A98217A-R21-C43,8992,188.906644121452,A
10,SA919X4XB40509-A98217A-R21-C44,8201,183.904965677248,A
10,SA919X4XB40509-A98217A-R21-C56,8723,190.86780971051,A
10,SA919X4XB40509-A98217A-R21-C57,9526,193.551234867957,A
10,SA919X4XB40509-A98217A-R21-C59,7912,179.314560239121,A
10,SA919X4XB40509-A98217A-R21-C61,8411,183.736248690937,A
10,SA919X4XB40509-A98217A-R21-C64,8604,192.625583664581,A
10,SA919X4XB40509-A98217A-R21-C67,7417,189.779131930002,A
10,SA919X4XB40509-A98217A-R21-C68,6531,197.494125092547,A
10,SA919X4XB40509-A98217A-R21-C70,7764,199.042381892326,A
10,SA919X4XB40509-A98217A-R22-C11,7133,186.05571671207,A
10,SA919X4XB40509-A98217A-R22-C12,7170,206.566162070967,A
10,SA919X4XB40509-A98217A-R22-C14,7699,183.420080403905,A
10,SA919X4XB40509-A98217A-R22-C16,8364,182.836070284896,A
10,SA919X4XB40509-A98217A-R22-C17,8494,184.423736765386,A
10,SA919X4XB40509-A98217A-R22-C19,6831,179.832334654416,A
10,SA919X4XB40509-A98217A-R22-C24,9151,192.237753767756,A
10,SA919X4XB40509-A98217A-R22-C31,8847,189.941700770247,A
10,SA919X4XB40509-A98217A-R22-C35,8343,183.962908871158,A
10,SA919X4XB40509-A98217A-R22-C37,6949,189.932266664374,A
10,SA919X4XB40509-A98217A-R22-C40,7295,204.925976009947,A
10,SA919X4XB40509-A98217A-R22-C41,8221,189.886263678038,A
10,SA919X4XB40509-A98217A-R22-C43,8972,190.963030241612,A
10,SA919X4XB40509-A98217A-R22-C44,7405,187.89822472186,A
10,SA919X4XB40509-A98217A-R22-C48,7448,187.103792885019,A
10,SA919X4XB40509-A98217A-R22-C49,8002,187.186595892621,A
10,SA919X4XB40509-A98217A-R22-C51,7307,188.922921903129,A
10,SA919X4XB40509-A98217A-R22-C52,7377,199.262913366808,A
10,SA919X4XB40509-A98217A-R22-C55,7773,186.32444853183,A
10,SA919X4XB40509-A98217A-R22-C57,8182,187.403824154044,A
10,SA919X4XB40509-A98217A-R22-C59,7682,189.774274599288,A
10,SA919X4XB40509-A98217A-R22-C67,7171,192.636638878632,A
10,SA919X4XB40509-A98217A-R22-C69,6775,199.487276889929,A
10,SA919X4XB40509-A98217A-R22-C70,7356,189.765234331187,A
10,SA919X4XB40509-A98217A-R23-C09,8983,181.797567980143,A
10,SA919X4XB40509-A98217A-R23-C13,10200,190.057083568528,A
10,SA919X4XB40509-A98217A-R23-C14,9325,192.54704516978,A
10,SA919X4XB40509-A98217A-R23-C15,9509,190.408549085916,A
10,SA919X4XB40509-A98217A-R23-C16,11468,189.454633044626,A
10,SA919X4XB40509-A98217A-R23-C18,7785,187.646312548907,A
10,SA919X4XB40509-A98217A-R23-C19,7787,182.239227237472,A
10,SA919X4XB40509-A98217A-R23-C20,8196,188.476224000877,A
10,SA919X4XB40509-A98217A-R23-C22,8261,186.745193386297,A
10,SA919X4XB40509-A98217A-R23-C23,9486,192.313900288099,A
10,SA919X4XB40509-A98217A-R23-C29,8118,186.386228492856,A
10,SA919X4XB40509-A98217A-R23-C32,9016,197.709278397936,A
10,SA919X4XB40509-A98217A-R23-C41,9399,188.927886886393,A
10,SA919X4XB40509-A98217A-R23-C42,10463,187.900224727751,A
10,SA919X4XB40509-A98217A-R23-C43,11676,190.452844007483,A
10,SA919X4XB40509-A98217A-R23-C46,10206,191.183827433207,A
10,SA919X4XB40509-A98217A-R23-C47,9562,190.002748191241,A
10,SA919X4XB40509-A98217A-R23-C48,9177,185.10069490543,A
10,SA919X4XB40509-A98217A-R23-C49,8641,191.13330240069,A
10,SA919X4XB40509-A98217A-R23-C51,9527,197.510801649502,A
10,SA919X4XB40509-A98217A-R23-C54,9041,191.731426767045,A
10,SA919X4XB40509-A98217A-R23-C56,9275,179.96583103,A
10,SA919X4XB40509-A98217A-R23-C59,9473,194.020700797121,A
10,SA919X4XB40509-A98217A-R23-C61,9417,189.299385380081,A
10,SA919X4XB40509-A98217A-R23-C63,10168,185.80108564763,A
10,SA919X4XB40509-A98217A-R23-C67,8469,178.67352849364,A
10,SA919X4XB40509-A98217A-R23-C68,7015,193.658914302648,A
10,SA919X4XB40509-A98217A-R23-C69,7287,186.401606804365,A
10,SA919X4XB40509-A98217A-R24-C08,9611,187.935575052841,A
10,SA919X4XB40509-A98217A-R24-C09,10038,196.917493947019,A
10,SA919X4XB40509-A98217A-R24-C11,7814,183.815679841409,A
10,SA919X4XB40509-A98217A-R24-C13,10659,189.03220208102,A
10,SA919X4XB40509-A98217A-R24-C14,9182,192.592826396841,A
10,SA919X4XB40509-A98217A-R24-C16,10296,188.997925731647,A
10,SA919X4XB40509-A98217A-R24-C17,9216,183.860953845369,A
10,SA919X4XB40509-A98217A-R24-C18,8569,183.32839094783,A
10,SA919X4XB40509-A98217A-R24-C20,8731,185.243822833813,A
10,SA919X4XB40509-A98217A-R24-C21,8883,193.58430456644,A
10,SA919X4XB40509-A98217A-R24-C22,9013,187.634927568809,A
10,SA919X4XB40509-A98217A-R24-C26,8416,180.505870794345,A
10,SA919X4XB40509-A98217A-R24-C27,7894,191.053466235212,A
10,SA919X4XB40509-A98217A-R24-C28,8171,191.465705882962,A
10,SA919X4XB40509-A98217A-R24-C31,10141,189.262205114032,A
10,SA919X4XB40509-A98217A-R24-C37,8105,187.336572131536,A
10,SA919X4XB40509-A98217A-R24-C38,8096,193.518912716745,A
10,SA919X4XB40509-A98217A-R24-C39,9785,192.100729517621,A
10,SA919X4XB40509-A98217A-R24-C40,9973,204.285858698387,A
10,SA919X4XB40509-A98217A-R24-C42,9979,187.023416218488,A
10,SA919X4XB40509-A98217A-R24-C44,8584,183.511085350025,A
10,SA919X4XB40509-A98217A-R24-C47,10019,192.869313837168,A
10,SA919X4XB40509-A98217A-R24-C49,8902,196.338935760528,A
10,SA919X4XB40509-A98217A-R24-C50,8897,186.94172700632,A
10,SA919X4XB40509-A98217A-R24-C54,8942,199.163234925483,A
10,SA919X4XB40509-A98217A-R24-C56,10724,186.636793764766,A
10,SA919X4XB40509-A98217A-R24-C61,8596,181.084648064887,A
10,SA919X4XB40509-A98217A-R24-C62,8609,191.856163781151,A
10,SA919X4XB40509-A98217A-R24-C63,10668,192.170230299099,A
10,SA919X4XB40509-A98217A-R24-C66,9877,187.51894284886,A
10,SA919X4XB40509-A98217A-R24-C67,7779,184.296498686254,A
10,SA919X4XB40509-A98217A-R25-C14,8693,199.362344346941,A
10,SA919X4XB40509-A98217A-R25-C16,8692,191.657736573808,A
10,SA919X4XB40509-A98217A-R25-C17,8974,196.05302051362,A
10,SA919X4XB40509-A98217A-R25-C19,7000,190.49688940771,A
10,SA919X4XB40509-A98217A-R25-C23,8379,192.476842275206,A
10,SA919X4XB40509-A98217A-R25-C25,8971,189.339737118073,A
10,SA919X4XB40509-A98217A-R25-C26,7919,188.127538895923,A
10,SA919X4XB40509-A98217A-R25-C27,7988,189.061838234273,A
10,SA919X4XB40509-A98217A-R25-C28,8154,190.347093605557,A
10,SA919X4XB40509-A98217A-R25-C35,9757,192.948630281237,A
10,SA919X4XB40509-A98217A-R25-C39,8876,187.565860505751,A
10,SA919X4XB40509-A98217A-R25-C40,8000,186.943796007112,A
10,SA919X4XB40509-A98217A-R25-C41,8167,186.941843658542,A
10,SA919X4XB40509-A98217A-R25-C44,7421,177.48551929461,A
10,SA919X4XB40509-A98217A-R25-C48,8011,186.148558473551,A
10,SA919X4XB40509-A98217A-R25-C50,6993,184.11177294241,A
10,SA919X4XB40509-A98217A-R25-C51,7980,180.684037578216,A
10,SA919X4XB40509-A98217A-R25-C54,8401,186.444946839907,A
10,SA919X4XB40509-A98217A-R25-C55,9511,188.441348055514,A
10,SA919X4XB40509-A98217A-R25-C59,8507,188.577895583086,A
10,SA919X4XB40509-A98217A-R25-C61,8497,181.022211654658,A
10,SA919X4XB40509-A98217A-R25-C64,9289,194.259803864636,A
10,SA919X4XB40509-A98217A-R25-C65,6754,543.149555109782,A
10,SA919X4XB40509-A98217A-R25-C66,7692,191.696868584073,A
10,SA919X4XB40509-A98217A-R25-C67,6692,187.46966699605,A
10,SA919X4XB40509-A98217A-R25-C69,6653,186.831104328765,A
10,SA919X4XB40509-A98217A-R25-C70,7434,182.991103080709,A
10,SA919X4XB40509-A98217A-R26-C08,7679,192.816964634754,A
10,SA919X4XB40509-A98217A-R26-C12,7259,194.29641497176,A
10,SA919X4XB40509-A98217A-R26-C13,9849,191.981755123793,A
10,SA919X4XB40509-A98217A-R26-C17,9213,190.994999253984,A
10,SA919X4XB40509-A98217A-R26-C18,6868,195.303912149847,A
10,SA919X4XB40509-A98217A-R26-C21,7390,197.144852170836,A
10,SA919X4XB40509-A98217A-R26-C23,7239,177.968213365337,A
10,SA919X4XB40509-A98217A-R26-C25,8134,190.633788768361,A
10,SA919X4XB40509-A98217A-R26-C27,7102,201.346759719326,A
10,SA919X4XB40509-A98217A-R26-C29,6418,189.559380178306,A
10,SA919X4XB40509-A98217A-R26-C31,8367,184.553279358054,A
10,SA919X4XB40509-A98217A-R26-C38,6411,182.455124122459,A
10,SA919X4XB40509-A98217A-R26-C39,8483,190.871766693333,A
10,SA919X4XB40509-A98217A-R26-C44,7622,193.200476055218,A
10,SA919X4XB40509-A98217A-R26-C46,8328,188.408429300871,A
10,SA919X4XB40509-A98217A-R26-C50,6767,193.3108454998,A
10,SA919X4XB40509-A98217A-R26-C55,7938,185.228323449467,A
10,SA919X4XB40509-A98217A-R26-C56,9290,189.420138945509,A
10,SA919X4XB40509-A98217A-R26-C57,8210,188.814234573672,A
10,SA919X4XB40509-A98217A-R26-C61,7438,188.425952145134,A
10,SA919X4XB40509-A98217A-R26-C63,8097,193.484420714964,A
10,SA919X4XB40509-A98217A-R26-C66,7608,195.611300329005,A
10,SA919X4XB40509-A98217A-R26-C68,7040,191.818130131307,A
10,SA919X4XB40509-A98217A-R27-C09,8792,187.937376035959,A
10,SA919X4XB40509-A98217A-R27-C10,7265,192.907382827945,A
10,SA919X4XB40509-A98217A-R27-C12,7433,182.352721097578,A
10,SA919X4XB40509-A98217A-R27-C14,6875,184.632361573983,A
10,SA919X4XB40509-A98217A-R27-C16,8731,185.61276229035,A
10,SA919X4XB40509-A98217A-R27-C19,7497,186.99757000601,A
10,SA919X4XB40509-A98217A-R27-C24,10156,187.852145274259,A
10,SA919X4XB40509-A98217A-R27-C26,8859,191.887413727984,A
10,SA919X4XB40509-A98217A-R27-C31,8439,187.426143276242,A
10,SA919X4XB40509-A98217A-R27-C35,8704,182.193758578405,A
10,SA919X4XB40509-A98217A-R27-C38,7531,186.688887428949,A
10,SA919X4XB40509-A98217A-R27-C39,8313,187.988632818644,A
10,SA919X4XB40509-A98217A-R27-C41,8736,186.91462523596,A
10,SA919X4XB40509-A98217A-R27-C43,10410,193.855628634427,A
10,SA919X4XB40509-A98217A-R27-C48,8695,182.506875901804,A
10,SA919X4XB40509-A98217A-R27-C50,6808,183.145449422258,A
10,SA919X4XB40509-A98217A-R27-C51,10185,211.77326768213,A
10,SA919X4XB40509-A98217A-R27-C60,6651,191.694938168607,A
10,SA919X4XB40509-A98217A-R27-C61,8037,184.024870364973,A
10,SA919X4XB40509-A98217A-R27-C66,8483,188.93740550409,A
10,SA919X4XB40509-A98217A-R27-C67,7020,191.861460790097,A
10,SA919X4XB40509-A98217A-R27-C68,7327,192.104911690374,A
10,SA919X4XB40509-A98217A-R28-C13,8800,178.466723059639,A
10,SA919X4XB40509-A98217A-R28-C14,9118,188.745680369039,A
10,SA919X4XB40509-A98217A-R28-C17,8084,178.634130099693,A
10,SA919X4XB40509-A98217A-R28-C18,7422,191.99143012833,A
10,SA919X4XB40509-A98217A-R28-C20,7618,188.731834975417,A
10,SA919X4XB40509-A98217A-R28-C21,7371,188.565641317892,A
10,SA919X4XB40509-A98217A-R28-C23,6477,193.403814502296,A
10,SA919X4XB40509-A98217A-R28-C24,9405,194.589617562036,A
10,SA919X4XB40509-A98217A-R28-C28,7091,198.671536396644,A
10,SA919X4XB40509-A98217A-R28-C29,6662,183.82152652482,A
10,SA919X4XB40509-A98217A-R28-C31,8836,189.896418387615,A
10,SA919X4XB40509-A98217A-R28-C32,7181,180.305587734783,A
10,SA919X4XB40509-A98217A-R28-C37,7017,185.211439135771,A
10,SA919X4XB40509-A98217A-R28-C38,7377,185.315631728802,A
10,SA919X4XB40509-A98217A-R28-C44,7743,204.311484315541,A
10,SA919X4XB40509-A98217A-R28-C46,8187,191.533714936674,A
10,SA919X4XB40509-A98217A-R28-C50,7530,192.584576213987,A
10,SA919X4XB40509-A98217A-R28-C57,6645,187.791860150518,A
10,SA919X4XB40509-A98217A-R28-C60,6693,176.429818710033,A
10,SA919X4XB40509-A98217A-R28-C66,7043,186.104367843002,A
10,SA919X4XB40509-A98217A-R28-C68,6018,175.59634642001,A
10,SA919X4XB40509-A98217A-R29-C08,8663,184.933071155027,A
10,SA919X4XB40509-A98217A-R29-C09,8589,187.410515173846,A
10,SA919X4XB40509-A98217A-R29-C14,8114,177.317894572051,A
10,SA919X4XB40509-A98217A-R29-C15,8132,192.362704558629,A
10,SA919X4XB40509-A98217A-R29-C18,7829,188.267833603614,A
10,SA919X4XB40509-A98217A-R29-C19,7706,192.180933263171,A
10,SA919X4XB40509-A98217A-R29-C21,7672,185.319663488246,A
10,SA919X4XB40509-A98217A-R29-C23,8688,186.396544052899,A
10,SA919X4XB40509-A98217A-R29-C28,9355,201.965338560084,A
10,SA919X4XB40509-A98217A-R29-C30,7548,180.88995741129,A
10,SA919X4XB40509-A98217A-R29-C31,8064,171.992146944086,A
10,SA919X4XB40509-A98217A-R29-C32,8769,192.39113619965,A
10,SA919X4XB40509-A98217A-R29-C40,7791,181.332555225683,A
10,SA919X4XB40509-A98217A-R29-C43,10414,197.00265629359,A
10,SA919X4XB40509-A98217A-R29-C46,9312,196.098157665704,A
10,SA919X4XB40509-A98217A-R29-C52,7323,183.305006947329,A
10,SA919X4XB40509-A98217A-R29-C57,9820,197.255672414464,A
10,SA919X4XB40509-A98217A-R29-C59,8330,178.003171308528,A
10,SA919X4XB40509-A98217A-R29-C60,8330,194.637673917069,A
10,SA919X4XB40509-A98217A-R29-C66,8057,199.711185867154,A
10,SA919X4XB40509-A98217A-R29-C68,7003,188.879795331621,A
10,SA919X4XB40509-A98217A-R30-C12,6976,189.299867079602,A
10,SA919X4XB40509-A98217A-R30-C21,6592,190.397329659902,A
10,SA919X4XB40509-A98217A-R30-C35,8327,189.851656735575,A
10,SA919X4XB40509-A98217A-R30-C37,6671,183.816146557485,A
10,SA919X4XB40509-A98217A-R30-C38,6669,189.27702627673,A
10,SA919X4XB40509-A98217A-R30-C39,7287,173.629268254251,A
10,SA919X4XB40509-A98217A-R30-C40,7305,187.377958384025,A
10,SA919X4XB40509-A98217A-R30-C41,8267,186.139849426414,A
10,SA919X4XB40509-A98217A-R30-C42,7300,179.618740817673,A
10,SA919X7XB05588-A98299A-R03-C07,14089,251.473675814208,C
10,SA919X7XB05588-A98299A-R03-C09,12692,244.589103033974,C
10,SA919X7XB05588-A98299A-R03-C15,13779,240.490031853081,C
10,SA919X7XB05588-A98299A-R03-C17,16320,248.817142834462,C
10,SA919X7XB05588-A98299A-R03-C19,12339,241.349607900936,B
10,SA919X7XB05588-A98299A-R03-C24,14704,243.760017460388,C
10,SA919X7XB05588-A98299A-R03-C25,17116,245.360150620419,C
10,SA919X7XB05588-A98299A-R03-C27,15494,253.315263514431,C
10,SA919X7XB05588-A98299A-R03-C31,7502,244.518804771781,C
10,SA919X7XB05588-A98299A-R03-C39,16117,245.593035941583,C
10,SA919X7XB05588-A98299A-R03-C46,18596,244.743892382927,C
10,SA919X7XB05588-A98299A-R03-C47,10498,184.736997687027,B
10,SA919X7XB05588-A98299A-R03-C48,10191,243.977735883748,C
10,SA919X7XB05588-A98299A-R03-C49,15520,252.546251229178,C
10,SA919X7XB05588-A98299A-R03-C52,11204,247.329165813363,C
10,SA919X7XB05588-A98299A-R03-C56,18036,244.758469320647,C
10,SA919X7XB05588-A98299A-R03-C59,12322,246.31361050328,C
10,SA919X7XB05588-A98299A-R03-C60,16298,246.096509029296,C
10,SA919X7XB05588-A98299A-R03-C67,17106,239.318216736266,C
10,SA919X7XB05588-A98299A-R03-C68,18033,247.794590196013,C
10,SA919X7XB05588-A98299A-R03-C70,15266,249.797007799569,C
10,SA919X7XB05588-A98299A-R04-C08,18562,246.837661944759,C
10,SA919X7XB05588-A98299A-R04-C09,19236,244.791464689586,C
10,SA919X7XB05588-A98299A-R04-C13,28832,241.660570036695,C
10,SA919X7XB05588-A98299A-R04-C14,19198,243.893678329716,C
10,SA919X7XB05588-A98299A-R04-C15,17855,248.765855432918,C
10,SA919X7XB05588-A98299A-R04-C17,14738,239.381943720809,C
10,SA919X7XB05588-A98299A-R04-C22,14124,247.408662930398,C
10,SA919X7XB05588-A98299A-R04-C25,19057,248.990978366159,C
10,SA919X7XB05588-A98299A-R04-C39,17125,240.193317361923,C
10,SA919X7XB05588-A98299A-R04-C40,18120,251.673463715211,C
10,SA919X7XB05588-A98299A-R04-C41,19653,250.555805252447,C
10,SA919X7XB05588-A98299A-R04-C44,18804,245.372732127288,C
10,SA919X7XB05588-A98299A-R04-C48,14197,191.190834575772,A
10,SA919X7XB05588-A98299A-R04-C49,15877,243.846162860102,C
10,SA919X7XB05588-A98299A-R04-C56,18165,249.59357710474,C
10,SA919X7XB05588-A98299A-R04-C57,19374,244.633523749054,C
10,SA919X7XB05588-A98299A-R04-C60,19110,238.43836207758,C
10,SA919X7XB05588-A98299A-R04-C61,21096,255.22898178984,C
10,SA919X7XB05588-A98299A-R04-C63,18304,247.710118264475,C
10,SA919X7XB05588-A98299A-R05-C08,18089,243.606834261068,C
10,SA919X7XB05588-A98299A-R05-C11,16650,245.789398757265,C
10,SA919X7XB05588-A98299A-R05-C14,18454,242.353526417002,C
10,SA919X7XB05588-A98299A-R05-C15,19100,249.852592992152,C
10,SA919X7XB05588-A98299A-R05-C19,18413,244.542801755194,C
10,SA919X7XB05588-A98299A-R05-C21,19127,247.768020017463,C
10,SA919X7XB05588-A98299A-R05-C22,17217,243.643281565568,C
10,SA919X7XB05588-A98299A-R05-C24,20560,249.56174592697,C
10,SA919X7XB05588-A98299A-R05-C33,13315,252.606230672456,C
10,SA919X7XB05588-A98299A-R05-C35,21943,251.360034111419,C
10,SA919X7XB05588-A98299A-R05-C36,19253,244.45772126502,C
10,SA919X7XB05588-A98299A-R05-C39,20262,241.347504581307,C
10,SA919X7XB05588-A98299A-R05-C40,17627,245.526452034374,C
10,SA919X7XB05588-A98299A-R05-C48,18048,244.970020703383,C
10,SA919X7XB05588-A98299A-R05-C49,16627,249.587191263909,C
10,SA919X7XB05588-A98299A-R05-C51,20865,253.286741035175,C
10,SA919X7XB05588-A98299A-R05-C52,16240,247.539746966482,C
10,SA919X7XB05588-A98299A-R05-C57,19607,246.142539453646,C
10,SA919X7XB05588-A98299A-R05-C60,28672,250.239143647344,C
10,SA919X7XB05588-A98299A-R05-C67,19362,237.128085219737,C
10,SA919X7XB05588-A98299A-R05-C69,18968,245.064608325511,C
10,SA919X7XB05588-A98299A-R06-C16,17113,242.292250042871,C
10,SA919X7XB05588-A98299A-R06-C21,16021,247.391985503341,C
10,SA919X7XB05588-A98299A-R06-C25,18521,245.560254069812,C
10,SA919X7XB05588-A98299A-R06-C29,16180,249.587187248184,C
10,SA919X7XB05588-A98299A-R06-C35,16396,249.253166427333,C
10,SA919X7XB05588-A98299A-R06-C37,16256,248.939624931272,C
10,SA919X7XB05588-A98299A-R06-C38,8754,252.560149436186,C
10,SA919X7XB05588-A98299A-R06-C51,18440,249.246011110301,C
10,SA919X7XB05588-A98299A-R06-C59,15497,234.933816617364,C
10,SA919X7XB05588-A98299A-R06-C60,18269,257.189857081777,C
10,SA919X7XB05588-A98299A-R06-C61,18436,250.56363239265,C
10,SA919X7XB05588-A98299A-R06-C64,16918,240.267079790793,C
10,SA919X7XB05588-A98299A-R07-C14,18223,247.041020552739,C
10,SA919X7XB05588-A98299A-R07-C19,15167,250.984190126108,C
10,SA919X7XB05588-A98299A-R07-C25,18984,247.122149829105,C
10,SA919X7XB05588-A98299A-R07-C28,16678,242.64224678843,C
10,SA919X7XB05588-A98299A-R07-C31,16933,239.57728559529,C
10,SA919X7XB05588-A98299A-R07-C32,16360,242.411005195536,C
10,SA919X7XB05588-A98299A-R07-C36,13077,251.92001311826,C
10,SA919X7XB05588-A98299A-R07-C39,17555,249.782363211488,B
10,SA919X7XB05588-A98299A-R07-C46,18103,252.383425185653,C
10,SA919X7XB05588-A98299A-R07-C48,17218,250.27119277373,C
10,SA919X7XB05588-A98299A-R07-C54,17232,250.851862218992,C
10,SA919X7XB05588-A98299A-R07-C61,21630,240.706094315496,C
10,SA919X7XB05588-A98299A-R07-C63,17954,240.918173555876,C
10,SA919X7XB05588-A98299A-R08-C07,17589,245.440556802574,C
10,SA919X7XB05588-A98299A-R08-C09,18122,241.917301315897,C
10,SA919X7XB05588-A98299A-R08-C13,21097,244.081523111025,C
10,SA919X7XB05588-A98299A-R08-C17,18188,247.236896864356,C
10,SA919X7XB05588-A98299A-R08-C19,15759,244.586331967515,C
10,SA919X7XB05588-A98299A-R08-C23,16297,254.466656126929,C
10,SA919X7XB05588-A98299A-R08-C24,19366,243.164610503338,C
10,SA919X7XB05588-A98299A-R08-C28,17803,250.856988157504,C
10,SA919X7XB05588-A98299A-R08-C30,18759,239.933511653922,C
10,SA919X7XB05588-A98299A-R08-C31,18515,245.548913083132,C
10,SA919X7XB05588-A98299A-R08-C33,13030,243.589629928579,C
10,SA919X7XB05588-A98299A-R08-C36,15196,241.464584059739,C
10,SA919X7XB05588-A98299A-R08-C37,18332,244.902602086708,C
10,SA919X7XB05588-A98299A-R08-C39,18544,244.54671606494,C
10,SA919X7XB05588-A98299A-R08-C41,17684,244.461510214694,C
10,SA919X7XB05588-A98299A-R08-C46,18603,252.896750944253,C
10,SA919X7XB05588-A98299A-R08-C51,20069,246.936082862624,C
10,SA919X7XB05588-A98299A-R08-C52,14375,251.332845720532,C
10,SA919X7XB05588-A98299A-R08-C63,18828,239.254583476114,C
10,SA919X7XB05588-A98299A-R09-C08,14055,251.910022504916,C
10,SA919X7XB05588-A98299A-R09-C09,15171,247.77659808561,C
10,SA919X7XB05588-A98299A-R09-C11,14118,249.271637849344,C
10,SA919X7XB05588-A98299A-R09-C12,12367,244.923238191611,C
10,SA919X7XB05588-A98299A-R09-C13,19194,245.043176247999,C
10,SA919X7XB05588-A98299A-R09-C15,13186,263.04750734425,C
10,SA919X7XB05588-A98299A-R09-C19,13646,247.361272890502,C
10,SA919X7XB05588-A98299A-R09-C20,10128,240.765925014016,C
10,SA919X7XB05588-A98299A-R09-C23,14438,244.754021299126,C
10,SA919X7XB05588-A98299A-R09-C25,16878,249.560172767775,C
10,SA919X7XB05588-A98299A-R09-C30,14162,247.066445371557,C
10,SA919X7XB05588-A98299A-R09-C40,14208,249.46133330826,C
10,SA919X7XB05588-A98299A-R09-C43,23000,244.600151773585,C
10,SA919X7XB05588-A98299A-R09-C44,15432,244.965125306373,C
10,SA919X7XB05588-A98299A-R09-C48,19305,252.389689491026,C
10,SA919X7XB05588-A98299A-R09-C52,15561,249.563969362774,C
10,SA919X7XB05588-A98299A-R09-C59,14974,256.460109230494,C
10,SA919X7XB05588-A98299A-R09-C61,17650,243.398709821561,C
10,SA919X7XB05588-A98299A-R09-C67,17523,251.814919544546,C
10,SA919X7XB05588-A98299A-R09-C68,7798,236.38541091719,C
10,SA919X7XB05588-A98299A-R09-C69,13651,244.294108688944,C
10,SA919X7XB05588-A98299A-R10-C20,12580,241.619712137485,C
10,SA919X7XB05588-A98299A-R10-C22,13722,235.894573129081,C
10,SA919X7XB05588-A98299A-R10-C24,19631,246.125471302709,C
10,SA919X7XB05588-A98299A-R10-C33,11172,244.304318777222,C
10,SA919X7XB05588-A98299A-R10-C35,19720,243.905086199472,C
10,SA919X7XB05588-A98299A-R10-C36,16577,251.42530503632,C
10,SA919X7XB05588-A98299A-R10-C38,9344,242.545185285231,C
10,SA919X7XB05588-A98299A-R10-C40,18406,244.599432603368,C
10,SA919X7XB05588-A98299A-R10-C43,21617,242.818682376591,C
10,SA919X7XB05588-A98299A-R10-C44,18042,246.015509306349,C
10,SA919X7XB05588-A98299A-R10-C48,17505,249.198077191042,C
10,SA919X7XB05588-A98299A-R10-C49,15525,242.716685726313,C
10,SA919X7XB05588-A98299A-R10-C51,20534,245.868904913793,C
10,SA919X7XB05588-A98299A-R10-C59,17042,235.940593986797,B
10,SA919X7XB05588-A98299A-R10-C61,20267,243.433714274179,C
10,SA919X7XB05588-A98299A-R10-C63,20030,241.108016229397,C
10,SA919X7XB05588-A98299A-R10-C64,17037,246.289076457336,B
10,SA919X7XB05588-A98299A-R10-C68,18767,250.049104690573,B
10,SA919X7XB05588-A98299A-R10-C70,14011,182.587668211511,B
10,SA919X7XB05588-A98299A-R11-C09,17297,249.217133181264,C
10,SA919X7XB05588-A98299A-R11-C13,20845,246.667456802168,C
10,SA919X7XB05588-A98299A-R11-C21,17807,248.258482507257,C
10,SA919X7XB05588-A98299A-R11-C24,19335,247.387776035787,C
10,SA919X7XB05588-A98299A-R11-C30,18578,246.705051013956,C
10,SA919X7XB05588-A98299A-R11-C31,18669,247.857444086779,C
10,SA919X7XB05588-A98299A-R11-C32,17248,253.128759329298,C
10,SA919X7XB05588-A98299A-R11-C33,11534,250.677844439757,C
10,SA919X7XB05588-A98299A-R11-C40,17562,243.372545070794,C
10,SA919X7XB05588-A98299A-R11-C48,17828,250.227039021029,C
10,SA919X7XB05588-A98299A-R11-C68,11101,235.908395413591,C
10,SA919X7XB05588-A98299A-R12-C17,19214,246.931918002373,C
10,SA919X7XB05588-A98299A-R12-C19,16021,254.885770578293,C
10,SA919X7XB05588-A98299A-R12-C22,13853,240.131381496685,C
10,SA919X7XB05588-A98299A-R12-C23,20452,247.516911471989,C
10,SA919X7XB05588-A98299A-R12-C25,27287,243.113670903892,C
10,SA919X7XB05588-A98299A-R12-C28,17523,243.31110737976,C
10,SA919X7XB05588-A98299A-R12-C30,13900,581.258194727777,B
10,SA919X7XB05588-A98299A-R12-C35,25674,247.704900146804,C
10,SA919X7XB05588-A98299A-R12-C36,22269,245.112406209259,C
10,SA919X7XB05588-A98299A-R12-C41,18883,242.372988008501,C
10,SA919X7XB05588-A98299A-R12-C45,8458,244.677083228369,C
10,SA919X7XB05588-A98299A-R12-C46,19751,243.46724069685,C
10,SA919X7XB05588-A98299A-R12-C47,20821,249.494888967123,C
10,SA919X7XB05588-A98299A-R12-C51,20554,245.957004970099,C
10,SA919X7XB05588-A98299A-R12-C55,19340,248.861680881068,C
10,SA919X7XB05588-A98299A-R12-C57,19781,244.529652455537,C
10,SA919X7XB05588-A98299A-R12-C60,20383,249.704895607013,C
10,SA919X7XB05588-A98299A-R12-C67,20806,250.612505038958,C
10,SA919X7XB05588-A98299A-R12-C69,18147,249.562768613719,C
10,SA919X7XB05588-A98299A-R12-C70,16167,232.398306652603,C
10,SA919X7XB05588-A98299A-R13-C13,18312,246.798286388967,C
10,SA919X7XB05588-A98299A-R13-C14,16282,241.490038074873,C
10,SA919X7XB05588-A98299A-R13-C23,10004,239.587188119254,C
10,SA919X7XB05588-A98299A-R13-C27,13044,247.773691339867,C
10,SA919X7XB05588-A98299A-R13-C30,15772,250.642294292556,C
10,SA919X7XB05588-A98299A-R13-C31,16636,244.127794207678,C
10,SA919X7XB05588-A98299A-R13-C36,13340,243.112605957191,C
10,SA919X7XB05588-A98299A-R13-C49,16993,246.907765082449,C
10,SA919X7XB05588-A98299A-R13-C51,16251,249.817257600856,C
10,SA919X7XB05588-A98299A-R13-C56,16068,246.016527143215,C
10,SA919X7XB05588-A98299A-R13-C60,16845,247.005686374905,C
10,SA919X7XB05588-A98299A-R13-C67,14881,249.975943393793,C
10,SA919X7XB05588-A98299A-R14-C11,15460,251.056306556311,C
10,SA919X7XB05588-A98299A-R14-C13,21013,246.448020408878,C
10,SA919X7XB05588-A98299A-R14-C14,18654,243.593609470531,C
10,SA919X7XB05588-A98299A-R14-C16,18758,249.229971448677,C
10,SA919X7XB05588-A98299A-R14-C17,16095,248.373218877226,C
10,SA919X7XB05588-A98299A-R14-C19,12534,243.771441486213,C
10,SA919X7XB05588-A98299A-R14-C21,16165,243.781860742675,C
10,SA919X7XB05588-A98299A-R14-C22,14166,246.152644987182,C
10,SA919X7XB05588-A98299A-R14-C23,10001,126.327921526609,B
10,SA919X7XB05588-A98299A-R14-C24,19949,243.511025639204,C
10,SA919X7XB05588-A98299A-R14-C25,20814,246.3370243664,C
10,SA919X7XB05588-A98299A-R14-C27,14756,245.378740866773,C
10,SA919X7XB05588-A98299A-R14-C28,18155,244.360458965231,C
10,SA919X7XB05588-A98299A-R14-C31,19987,246.415977072569,C
10,SA919X7XB05588-A98299A-R14-C35,21223,246.058491633258,C
10,SA919X7XB05588-A98299A-R14-C37,17502,244.699666769141,B
10,SA919X7XB05588-A98299A-R14-C38,5342,123.067554558622,B
10,SA919X7XB05588-A98299A-R14-C41,17966,191.423257475932,B
10,SA919X7XB05588-A98299A-R14-C51,20642,241.532741645871,C
10,SA919X7XB05588-A98299A-R14-C54,16735,243.597641831608,C
10,SA919X7XB05588-A98299A-R14-C59,18461,251.43305485273,C
10,SA919X7XB05588-A98299A-R14-C64,18660,249.659391345477,C
10,SA919X7XB05588-A98299A-R14-C67,20598,251.582543157217,C
10,SA919X7XB05588-A98299A-R14-C70,15047,254.558757765484,C
10,SA919X7XB05588-A98299A-R15-C12,16742,248.185660135102,C
10,SA919X7XB05588-A98299A-R15-C14,20855,246.535939352593,C
10,SA919X7XB05588-A98299A-R15-C16,20159,243.149945192415,C
10,SA919X7XB05588-A98299A-R15-C37,17791,244.9822636874,C
10,SA919X7XB05588-A98299A-R15-C38,11220,246.122881846371,C
10,SA919X7XB05588-A98299A-R15-C39,19690,245.34116945623,C
10,SA919X7XB05588-A98299A-R15-C46,18078,250.767779077672,C
10,SA919X7XB05588-A98299A-R15-C52,14591,252.333644757374,C
10,SA919X7XB05588-A98299A-R15-C56,19722,238.432669610581,C
10,SA919X7XB05588-A98299A-R15-C70,17821,248.658565110085,C
10,SA919X7XB05588-A98299A-R16-C07,16217,244.447098530942,C
10,SA919X7XB05588-A98299A-R16-C09,20333,252.414736136519,C
10,SA919X7XB05588-A98299A-R16-C14,19728,240.930868589307,C
10,SA919X7XB05588-A98299A-R16-C16,15669,241.340634609031,C
10,SA919X7XB05588-A98299A-R16-C22,8242,180.290766437327,B
10,SA919X7XB05588-A98299A-R16-C24,16582,244.318217253302,C
10,SA919X7XB05588-A98299A-R16-C25,16449,242.873176942,C
10,SA919X7XB05588-A98299A-R16-C29,14792,246.382184876284,C
10,SA919X7XB05588-A98299A-R16-C32,15959,249.541653629066,C
10,SA919X7XB05588-A98299A-R16-C36,13434,245.898590910111,C
10,SA919X7XB05588-A98299A-R16-C38,8087,243.078739265632,C
10,SA919X7XB05588-A98299A-R16-C39,17148,249.864495357075,C
10,SA919X7XB05588-A98299A-R16-C47,16243,242.088294820075,C
10,SA919X7XB05588-A98299A-R16-C48,15299,243.161635723247,C
10,SA919X7XB05588-A98299A-R16-C49,13496,245.553359630949,C
10,SA919X7XB05588-A98299A-R16-C64,14020,234.957076659787,C
10,SA919X7XB05588-A98299A-R16-C65,11163,240.901772958118,C
10,SA919X7XB05588-A98299A-R16-C70,13951,246.503087541315,C
10,SA919X7XB05588-A98299A-R17-C13,18195,239.620947316781,C
10,SA919X7XB05588-A98299A-R17-C14,17743,245.26875870066,C
10,SA919X7XB05588-A98299A-R17-C17,17470,242.932634051874,C
10,SA919X7XB05588-A98299A-R17-C21,18100,251.900140875731,C
10,SA919X7XB05588-A98299A-R17-C24,19360,246.605470638476,C
10,SA919X7XB05588-A98299A-R17-C27,15118,242.505624939006,C
10,SA919X7XB05588-A98299A-R17-C31,15345,233.818651966779,C
10,SA919X7XB05588-A98299A-R17-C32,16766,240.067699895723,C
10,SA919X7XB05588-A98299A-R17-C33,10297,243.412336471599,C
10,SA919X7XB05588-A98299A-R17-C35,19635,247.243366306364,C
10,SA919X7XB05588-A98299A-R17-C36,14089,243.787939509726,C
10,SA919X7XB05588-A98299A-R17-C37,17500,251.625725248551,C
10,SA919X7XB05588-A98299A-R17-C39,18131,241.408987651215,C
10,SA919X7XB05588-A98299A-R17-C41,17959,247.366355180568,C
10,SA919X7XB05588-A98299A-R17-C44,18760,244.027458339171,C
10,SA919X7XB05588-A98299A-R17-C48,17774,243.406490842094,B
10,SA919X7XB05588-A98299A-R17-C51,20258,242.810718951205,C
10,SA919X7XB05588-A98299A-R17-C54,16303,247.356919460361,C
10,SA919X7XB05588-A98299A-R17-C57,18116,248.131041968303,C
10,SA919X7XB05588-A98299A-R17-C60,18708,248.736117658276,C
10,SA919X7XB05588-A98299A-R17-C67,19015,245.417524865265,C
10,SA919X7XB05588-A98299A-R17-C69,14556,245.606080710451,C
10,SA919X7XB05588-A98299A-R18-C08,17415,246.577943915184,C
10,SA919X7XB05588-A98299A-R18-C09,17443,245.768108894153,C
10,SA919X7XB05588-A98299A-R18-C14,18293,246.416368909845,C
10,SA919X7XB05588-A98299A-R18-C15,15692,242.942028075797,C
10,SA919X7XB05588-A98299A-R18-C21,16566,246.382825877177,C
10,SA919X7XB05588-A98299A-R18-C27,8381,245.029074533841,C
10,SA919X7XB05588-A98299A-R18-C28,16422,245.12719569195,C
10,SA919X7XB05588-A98299A-R18-C29,11941,183.242191090059,B
10,SA919X7XB05588-A98299A-R18-C30,20208,245.239655784394,C
10,SA919X7XB05588-A98299A-R18-C32,16515,247.206249497318,C
10,SA919X7XB05588-A98299A-R18-C36,12835,238.571092529294,C
10,SA919X7XB05588-A98299A-R18-C37,15424,247.026204532048,C
10,SA919X7XB05588-A98299A-R18-C38,8632,246.695660140619,C
10,SA919X7XB05588-A98299A-R18-C39,14876,239.210376576358,C
10,SA919X7XB05588-A98299A-R18-C40,15979,239.492076093024,C
10,SA919X7XB05588-A98299A-R18-C48,16154,244.873997329554,C
10,SA919X7XB05588-A98299A-R18-C52,13548,245.077523849747,C
10,SA919X7XB05588-A98299A-R18-C59,16016,237.703754026488,C
10,SA919X7XB05588-A98299A-R18-C60,16707,247.683321046828,C
10,SA919X7XB05588-A98299A-R18-C67,17417,242.416525224689,C
10,SA919X7XB05588-A98299A-R19-C09,8920,246.331388452057,C
10,SA919X7XB05588-A98299A-R19-C12,8413,251.689965432302,C
10,SA919X7XB05588-A98299A-R19-C15,7774,240.578398661809,C
10,SA919X7XB05588-A98299A-R19-C21,8184,241.048086912986,C
10,SA919X7XB05588-A98299A-R19-C31,9060,247.960743450069,C
10,SA919X7XB05588-A98299A-R19-C32,8707,257.909107934758,C
10,SA919X7XB05588-A98299A-R19-C41,8207,252.482103317309,C
10,SA919X7XB05588-A98299A-R19-C51,9683,250.90856370909,C
10,SA919X7XB05588-A98299A-R19-C54,8184,242.778666609888,C
10,SA919X7XB05588-A98299A-R19-C55,8390,248.300082321374,C
10,SA919X7XB05588-A98299A-R19-C57,8812,254.23075570222,C
10,SA919X7XB05588-A98299A-R19-C63,8964,253.036952864651,C
10,SA919X7XB05588-A98299A-R19-C64,8444,238.468141945046,C
10,SA919X7XB05588-A98299A-R19-C67,9267,243.473939218777,C
10,SA919X7XB05588-A98299A-R19-C68,7792,248.896569519287,C
10,SA919X7XB05588-A98299A-R20-C13,14582,245.747473477633,C
10,SA919X7XB05588-A98299A-R20-C27,20204,253.28811515206,C
10,SA919X7XB05588-A98299A-R20-C29,17782,251.032974026341,C
10,SA919X7XB05588-A98299A-R20-C31,17601,237.415240551875,C
10,SA919X7XB05588-A98299A-R20-C33,9668,253.872191976466,C
10,SA919X7XB05588-A98299A-R20-C36,16318,251.862054224065,C
10,SA919X7XB05588-A98299A-R20-C37,17798,251.911848175231,C
10,SA919X7XB05588-A98299A-R20-C38,10581,250.714068968618,C
10,SA919X7XB05588-A98299A-R20-C40,21021,250.425459165617,C
10,SA919X7XB05588-A98299A-R20-C43,22443,247.195339225646,C
10,SA919X7XB05588-A98299A-R20-C44,17178,243.519182342765,C
10,SA919X7XB05588-A98299A-R20-C46,16527,244.303990020912,C
10,SA919X7XB05588-A98299A-R20-C49,14470,248.923945952507,C
10,SA919X7XB05588-A98299A-R20-C52,12054,254.926842598696,C
10,SA919X7XB05588-A98299A-R20-C55,22382,254.208227760856,C
10,SA919X7XB05588-A98299A-R20-C57,18087,245.805441360065,C
10,SA919X7XB05588-A98299A-R20-C59,17738,237.76632508292,C
10,SA919X7XB05588-A98299A-R20-C68,17779,246.445230503085,C
10,SA919X7XB05588-A98299A-R20-C69,15560,245.371440051412,C
10,SA919X7XB05588-A98299A-R20-C70,18119,248.138299947439,C
10,SA919X7XB05588-A98299A-R21-C09,11450,246.753718299579,C
10,SA919X7XB05588-A98299A-R21-C15,13731,250.958663518667,C
10,SA919X7XB05588-A98299A-R21-C16,14190,246.274087931553,C
10,SA919X7XB05588-A98299A-R21-C22,11333,249.747643361537,C
10,SA919X7XB05588-A98299A-R21-C27,12215,259.973604531491,C
10,SA919X7XB05588-A98299A-R21-C28,13397,243.275505000043,C
10,SA919X7XB05588-A98299A-R21-C31,11908,247.687702845798,C
10,SA919X7XB05588-A98299A-R21-C35,8517,226.816532297489,C
10,SA919X7XB05588-A98299A-R21-C37,12840,242.647942858494,B
10,SA919X7XB05588-A98299A-R21-C39,13251,255.158005979547,C
10,SA919X7XB05588-A98299A-R21-C46,10350,247.384867068215,C
10,SA919X7XB05588-A98299A-R21-C47,11878,242.999092535751,C
10,SA919X7XB05588-A98299A-R21-C49,12004,250.737200721364,C
10,SA919X7XB05588-A98299A-R21-C54,12399,249.356546363928,C
10,SA919X7XB05588-A98299A-R21-C61,14634,248.609097388295,C
10,SA919X7XB05588-A98299A-R21-C64,13035,249.665814497386,C
10,SA919X7XB05588-A98299A-R21-C65,9082,256.841825823346,C
10,SA919X7XB05588-A98299A-R21-C68,10217,248.346182051285,C
10,SA919X7XB05588-A98299A-R22-C09,14057,254.969608322985,C
10,SA919X7XB05588-A98299A-R22-C14,14250,246.434836962533,C
10,SA919X7XB05588-A98299A-R22-C22,8868,246.073339649744,C
10,SA919X7XB05588-A98299A-R22-C27,12388,246.734495605781,C
10,SA919X7XB05588-A98299A-R22-C28,11084,187.902187432792,B
10,SA919X7XB05588-A98299A-R22-C31,14690,249.41538734298,C
10,SA919X7XB05588-A98299A-R22-C38,8109,247.905265021702,C
10,SA919X7XB05588-A98299A-R22-C40,11587,245.286455174657,C
10,SA919X7XB05588-A98299A-R22-C43,15863,249.0880262011,C
10,SA919X7XB05588-A98299A-R22-C46,16139,243.009029782012,C
10,SA919X7XB05588-A98299A-R22-C48,12159,243.327837142451,C
10,SA919X7XB05588-A98299A-R22-C51,14580,243.860576279421,C
10,SA919X7XB05588-A98299A-R22-C55,15103,252.140568737261,C
10,SA919X7XB05588-A98299A-R22-C57,12305,238.074906022209,C
10,SA919X7XB05588-A98299A-R22-C61,14422,247.217125046859,C
10,SA919X7XB05588-A98299A-R22-C64,12005,244.682142741882,C
10,SA919X7XB05588-A98299A-R22-C67,14577,248.727252413416,C
10,SA919X7XB05588-A98299A-R22-C70,12223,219.268864079204,B
10,SA919X7XB05588-A98299A-R23-C09,23124,253.703862997839,C
10,SA919X7XB05588-A98299A-R23-C13,15199,241.726253505077,C
10,SA919X7XB05588-A98299A-R23-C16,18917,240.030477140158,C
10,SA919X7XB05588-A98299A-R23-C23,18267,242.864674717411,C
10,SA919X7XB05588-A98299A-R23-C27,16284,252.227629067985,C
10,SA919X7XB05588-A98299A-R23-C28,9913,233.178236998263,C
10,SA919X7XB05588-A98299A-R23-C30,13860,250.556107871322,C
10,SA919X7XB05588-A98299A-R23-C33,10145,237.464359383776,C
10,SA919X7XB05588-A98299A-R23-C47,17799,250.992938436692,C
10,SA919X7XB05588-A98299A-R23-C48,19267,248.073486917929,C
10,SA919X7XB05588-A98299A-R23-C49,14589,243.67028020965,C
10,SA919X7XB05588-A98299A-R23-C69,13691,253.376562653944,C
10,SA919X7XB05588-A98299A-R24-C17,18989,246.503218976305,C
10,SA919X7XB05588-A98299A-R24-C55,19289,247.797895500899,C
10,SA919X7XB05588-A98299A-R24-C57,18539,243.07305719958,C
10,SA919X7XB05588-A98299A-R24-C59,16296,231.313905833183,C
10,SA919X7XB05588-A98299A-R24-C61,19661,246.06245073486,C
10,SA919X7XB05588-A98299A-R24-C70,16505,246.484374743812,C
10,SA919X7XB05588-A98299A-R25-C22,11084,249.209194902084,C
10,SA919X7XB05588-A98299A-R25-C32,15328,244.566159470509,C
10,SA919X7XB05588-A98299A-R25-C51,16357,245.040850284989,C
10,SA919X7XB05588-A98299A-R25-C52,11500,244.808649045371,C
10,SA919X7XB05588-A98299A-R25-C55,18209,243.909901633681,C
10,SA919X7XB05588-A98299A-R25-C56,15483,244.891428363527,C
10,SA919X7XB05588-A98299A-R25-C60,14780,253.513228869376,C
10,SA919X7XB05588-A98299A-R25-C64,16138,249.526677618572,C
10,SA919X7XB05588-A98299A-R25-C65,8423,246.52567688327,C
10,SA919X7XB05588-A98299A-R26-C38,8935,248.55419709844,C
10,SA919X7XB05588-A98299A-R26-C46,16256,244.263813931331,C
10,SA919X7XB05588-A98299A-R26-C48,15058,251.666905317115,C
10,SA919X7XB05588-A98299A-R26-C49,13193,248.331632928581,C
10,SA919X7XB05588-A98299A-R26-C55,16487,247.753378865681,C
10,SA919X7XB05588-A98299A-R26-C59,15150,251.675312950177,C
10,SA919X7XB05588-A98299A-R26-C65,9683,240.169031058719,C
10,SA919X7XB05588-A98299A-R27-C07,16009,247.600549953094,C
10,SA919X7XB05588-A98299A-R27-C08,16604,250.122763874347,C
10,SA919X7XB05588-A98299A-R27-C24,17925,246.741951887871,C
10,SA919X7XB05588-A98299A-R27-C32,16576,249.217542680817,C
10,SA919X7XB05588-A98299A-R27-C44,15428,249.189918575693,C
10,SA919X7XB05588-A98299A-R27-C46,17814,247.448240292524,B
10,SA919X7XB05588-A98299A-R27-C56,17854,247.499096573287,C
10,SA919X7XB05588-A98299A-R27-C59,14093,242.547144939581,C
10,SA919X7XB05588-A98299A-R27-C61,15526,243.957344297516,C
10,SA919X7XB05588-A98299A-R27-C63,17053,249.534556627212,C
10,SA919X7XB05588-A98299A-R27-C68,13871,246.822691274403,C
10,SA919X7XB05588-A98299A-R28-C32,16047,244.745439713847,C
10,SA919X7XB05588-A98299A-R28-C40,16978,253.721200267301,C
10,SA919X7XB05588-A98299A-R28-C44,13988,244.354598090094,B
10,SA919X7XB05588-A98299A-R28-C47,16406,256.691904908067,C
10,SA919X7XB05588-A98299A-R28-C49,8918,241.62317207439,C
10,SA919X7XB05588-A98299A-R28-C51,19090,246.394991740731,C
10,SA919X7XB05588-A98299A-R28-C59,15998,244.656624817713,C
10,SA919X7XB05588-A98299A-R28-C63,18839,251.015709704101,C
10,SA919X7XB05588-A98299A-R28-C68,11352,237.392689216959,C
10,SA919X7XB05588-A98299A-R28-C69,13792,241.991360527647,B
10,SA919X7XB05588-A98299A-R28-C70,11010,237.531690334549,C
10,SA919X7XB05588-A98299A-R29-C07,17039,249.278343276148,C
10,SA919X7XB05588-A98299A-R29-C19,14577,242.138704798895,C
10,SA919X7XB05588-A98299A-R29-C21,17294,249.342249034385,C
10,SA919X7XB05588-A98299A-R29-C41,17221,248.391032384474,C
10,SA919X7XB05588-A98299A-R29-C46,17080,243.35632996754,C
10,SA919X7XB05588-A98299A-R29-C47,17170,249.654522336858,C
10,SA919X7XB05588-A98299A-R29-C51,18841,245.563324766319,C
10,SA919X7XB05588-A98299A-R29-C55,13940,250.428758560976,C
10,SA919X7XB05588-A98299A-R29-C59,16449,252.803510987558,C
10,SA919X7XB05588-A98299A-R29-C64,18190,247.127830402592,C
10,SA919X7XB05588-A98299A-R29-C65,10449,241.351927717756,C
10,SA919X7XB05588-A98299A-R29-C69,14272,252.259231714277,C
10,SA919X7XB05588-A98299A-R29-C70,13264,244.394571170517,C
10,SA919X7XB05588-A98299A-R30-C07,13700,245.529690725494,C
10,SA919X7XB05588-A98299A-R30-C35,13433,240.207607076793,C
10,SA919X7XB05588-A98299A-R30-C46,9979,187.524944109822,B
10,SA919X7XB05588-A98299A-R30-C48,12861,245.990316421142,C
10,SA919X7XB05588-A98299A-R30-C49,11677,250.202543958146,C
10,SA919X7XB05588-A98299A-R30-C54,12672,258.209615845987,C
10,SA919X7XB05588-A98299A-R30-C60,13446,251.640394016262,C
10,SA919X7XB05691-A96204B-R29-C07,22333,184.047479180258,B
10,SA919X7XB05691-A96204B-R29-C08,22428,183.161220736678,B
10,SA919X7XB05691-A96204B-R29-C12,25565,188.898750576608,B
10,SA919X7XB05691-A96204B-R29-C15,22731,183.357281858543,B
10,SA919X7XB05691-A96204B-R29-C16,24140,184.283964036044,B
10,SA919X7XB05691-A96204B-R29-C17,23783,185.842659467823,B
10,SA919X7XB05691-A96204B-R29-C18,14984,182.018709487231,B
10,SA919X7XB05691-A96204B-R29-C20,22060,182.168680390331,B
10,SA919X7XB05691-A96204B-R29-C22,22064,186.170179596204,B
10,SA919X7XB05691-A96204B-R29-C23,23648,188.66938708601,B
10,SA919X7XB05691-A96204B-R29-C29,19667,188.540101358223,B
10,SA919X7XB05691-A96204B-R29-C30,19436,182.383682337506,B
10,SA919X7XB05691-A96204B-R29-C32,23829,189.466018443213,B
10,SA919X7XB05691-A96204B-R29-C33,14681,192.298753372698,B
10,SA919X7XB05691-A96204B-R29-C34,13668,185.573759602969,B
10,SA919X7XB05691-A96204B-R29-C35,33433,187.326635551933,B
10,SA919X7XB05691-A96204B-R29-C36,13612,190.91725008289,B
10,SA919X7XB05691-A96204B-R29-C38,18317,180.808541081318,B
10,SA919X7XB05691-A96204B-R29-C40,21286,182.332522048052,B
10,SA919X7XB05691-A96204B-R29-C41,22472,186.185824727911,B
10,SA919X7XB05691-A96204B-R29-C43,22666,182.953380852578,B
10,SA919X7XB05691-A96204B-R29-C44,31374,186.975426462105,B
10,SA919X7XB05691-A96204B-R29-C45,14096,180.810298099232,B
10,SA919X7XB05691-A96204B-R29-C48,22685,184.592215373119,B
10,SA919X7XB05691-A96204B-R29-C49,19942,181.398302796277,B
10,SA919X7XB05691-A96204B-R29-C54,21059,176.604646124819,B
10,SA919X7XB05691-A96204B-R29-C57,23466,187.690967861859,B
10,SA919X7XB05691-A96204B-R29-C58,31224,188.752509582889,B
10,SA919X7XB05691-A96204B-R29-C63,24272,189.926067663345,B
10,SA919X7XB05691-A96204B-R29-C65,12923,179.772090949372,B
10,SA919X7XB05691-A96204B-R29-C68,19168,181.825554239348,B
10,SA919X7XB05691-A96204B-R29-C69,20232,184.217054661218,B
10,SA919X7XB05691-A96204B-R30-C07,18290,181.631303389153,B
10,SA919X7XB05691-A96204B-R30-C09,21397,180.801831516037,B
10,SA919X7XB05691-A96204B-R30-C10,12619,181.159205353115,B
10,SA919X7XB05691-A96204B-R30-C11,22347,190.690711688482,B
10,SA919X7XB05691-A96204B-R30-C12,15627,200.28329812474,B
10,SA919X7XB05691-A96204B-R30-C14,16723,184.146168813938,B
10,SA919X7XB05691-A96204B-R30-C19,15183,192.130809559965,B
10,SA919X7XB05691-A96204B-R30-C22,17552,184.913474277141,B
10,SA919X7XB05691-A96204B-R30-C28,24666,187.273782590729,B
10,SA919X7XB05691-A96204B-R30-C33,13439,184.734876331584,B
10,SA919X7XB05691-A96204B-R30-C35,16892,184.459018721562,B
10,SA919X7XB05691-A96204B-R30-C37,14868,188.459858593781,B
10,SA919X7XB05691-A96204B-R30-C41,17858,183.809405679349,B
10,SA919X7XB05691-A96204B-R30-C42,17528,187.688513755054,B
10,SA919X7XB05691-A96204B-R30-C45,9247,174.203401962079,B
10,SA919X7XB05691-A96204B-R30-C48,15713,185.72397594471,B
10,SA919X7XB05691-A96204B-R30-C49,16529,183.690288765001,B
10,SA919X7XB05691-A96204B-R30-C57,19491,189.133147982325,B
10,SA919X7XB05691-A96204B-R30-C58,24640,184.444224020441,B
10,SA919X7XB05691-A96204B-R31-C10,13887,182.735229240116,B
10,SA919X7XB05691-A96204B-R31-C12,18215,186.029630804726,B
10,SA919X7XB05691-A96204B-R31-C21,16551,188.05649456663,B
10,SA919X7XB05691-A96204B-R31-C22,17421,191.32492527284,B
10,SA919X7XB05691-A96204B-R31-C23,19729,186.803183705106,B
10,SA919X7XB05691-A96204B-R31-C25,18295,179.598199986287,B
10,SA919X7XB05691-A96204B-R31-C26,16976,185.978514296172,B
10,SA919X7XB05691-A96204B-R31-C33,11504,183.216321142692,B
10,SA919X7XB05691-A96204B-R31-C36,11861,191.254447419152,B
10,SA919X7XB05691-A96204B-R31-C37,16625,184.284922275869,B
10,SA919X7XB05691-A96204B-R31-C39,17025,186.306611779792,B
10,SA919X7XB05691-A96204B-R31-C41,19049,183.617416647453,B
10,SA919X7XB05691-A96204B-R31-C44,19542,182.857622260419,B
10,SA919X7XB05691-A96204B-R31-C45,11702,189.199515477503,B
10,SA919X7XB05691-A96204B-R31-C47,17165,182.896222372631,B
10,SA919X7XB05691-A96204B-R31-C49,18199,187.540254183792,B
10,SA919X7XB05691-A96204B-R31-C50,14437,185.388718200624,B
10,SA919X7XB05691-A96204B-R31-C51,13019,183.991274792942,B
10,SA919X7XB05691-A96204B-R31-C53,7285,187.111224922438,B
10,SA919X7XB05691-A96204B-R31-C55,14583,192.889717663223,B
10,SA919X7XB05691-A96204B-R31-C63,16341,182.612399136309,B
10,SA919X7XB05691-A96204B-R31-C65,10442,194.109905360369,B
10,SA919X7XB05691-A96204B-R31-C68,11994,180.299307896258,B
10,SA919X7XB05691-A96204B-R32-C10,14512,185.0356701193,B
10,SA919X7XB05691-A96204B-R32-C16,19290,189.868506677732,B
10,SA919X7XB05691-A96204B-R32-C17,15690,185.449017653217,B
10,SA919X7XB05691-A96204B-R32-C20,19999,182.103883438086,B
10,SA919X7XB05691-A96204B-R32-C21,9597,191.591524247963,B
10,SA919X7XB05691-A96204B-R32-C22,13628,183.182582997851,B
10,SA919X7XB05691-A96204B-R32-C25,18521,185.911026368546,B
10,SA919X7XB05691-A96204B-R32-C26,16459,186.908273823301,B
10,SA919X7XB05691-A96204B-R32-C32,21267,187.225417724584,B
10,SA919X7XB05691-A96204B-R32-C33,10796,188.271402086209,B
10,SA919X7XB05691-A96204B-R32-C34,11086,185.013192864021,B
10,SA919X7XB05691-A96204B-R32-C36,12010,188.384112402405,B
10,SA919X7XB05691-A96204B-R32-C39,19351,190.188762662797,B
10,SA919X7XB05691-A96204B-R32-C40,17837,182.887753763327,B
10,SA919X7XB05691-A96204B-R32-C41,18432,185.293638341509,B
10,SA919X7XB05691-A96204B-R32-C44,19912,183.747878471561,B
10,SA919X7XB05691-A96204B-R32-C50,16675,182.759670905064,B
10,SA919X7XB05691-A96204B-R32-C51,9892,179.784709379587,B
10,SA919X7XB05691-A96204B-R32-C54,17310,184.252783534863,B
10,SA919X7XB05691-A96204B-R32-C56,15423,189.845598227731,B
10,SA919X7XB05691-A96204B-R32-C59,18345,185.167079532442,B
10,SA919X7XB05691-A96204B-R32-C61,16374,183.949629584649,B
10,SA919X7XB05691-A96204B-R32-C62,17193,193.603568287713,B
10,SA919X7XB05691-A96204B-R32-C63,17817,184.797729594489,B
10,SA919X7XB05691-A96204B-R32-C64,20789,194.237416224027,B
10,SA919X7XB05691-A96204B-R33-C10,12942,187.793216812205,B
10,SA919X7XB05691-A96204B-R33-C12,15939,185.508326858745,B
10,SA919X7XB05691-A96204B-R33-C13,22640,184.351790755819,B
10,SA919X7XB05691-A96204B-R33-C16,16882,181.558117318951,B
10,SA919X7XB05691-A96204B-R33-C17,17223,189.442297780954,B
10,SA919X7XB05691-A96204B-R33-C18,16528,190.550578204878,B
10,SA919X7XB05691-A96204B-R33-C20,16988,188.886489682948,B
10,SA919X7XB05691-A96204B-R33-C21,24558,193.297079258131,B
10,SA919X7XB05691-A96204B-R33-C23,16402,184.54224546462,B
10,SA919X7XB05691-A96204B-R33-C26,13865,188.679503587657,B
10,SA919X7XB05691-A96204B-R33-C29,11065,188.32350649497,B
10,SA919X7XB05691-A96204B-R33-C31,17314,186.422032031153,B
10,SA919X7XB05691-A96204B-R33-C32,16133,184.505800193296,B
10,SA919X7XB05691-A96204B-R33-C34,9242,189.840002100066,B
10,SA919X7XB05691-A96204B-R33-C37,8708,184.647270771241,B
10,SA919X7XB05691-A96204B-R33-C39,22360,186.257506794309,B
10,SA919X7XB05691-A96204B-R33-C46,22605,182.657542838499,B
10,SA919X7XB05691-A96204B-R33-C47,15770,184.576732970037,B
10,SA919X7XB05691-A96204B-R33-C48,15331,186.045332889921,B
10,SA919X7XB05691-A96204B-R33-C49,14870,189.111677134198,B
10,SA919X7XB05691-A96204B-R33-C50,13622,184.046120193689,B
10,SA919X7XB05691-A96204B-R33-C54,14077,182.328972544427,B
10,SA919X7XB05691-A96204B-R33-C55,14944,186.675229038274,B
10,SA919X7XB05691-A96204B-R33-C58,12167,189.397445291602,B
10,SA919X7XB05691-A96204B-R33-C59,14342,190.33860814183,B
10,SA919X7XB05691-A96204B-R33-C61,14606,185.572160196181,B
10,SA919X7XB05691-A96204B-R33-C65,10400,180.668050505012,B
10,SA919X7XB05691-A96204B-R33-C67,14362,182.388382220193,B
10,SA919X7XB05691-A96204B-R33-C69,13560,183.211890893388,B
10,SA919X7XB05691-A96204B-R34-C10,13956,184.349793006718,B
10,SA919X7XB05691-A96204B-R34-C11,16087,184.713275055266,B
10,SA919X7XB05691-A96204B-R34-C12,16132,182.058207014433,B
10,SA919X7XB05691-A96204B-R34-C13,20082,187.903689379225,B
10,SA919X7XB05691-A96204B-R34-C14,16498,186.471368059803,B
10,SA919X7XB05691-A96204B-R34-C15,28760,186.754020151709,B
10,SA919X7XB05691-A96204B-R34-C16,18550,187.004532740101,B
10,SA919X7XB05691-A96204B-R34-C17,20121,185.969563987297,B
10,SA919X7XB05691-A96204B-R34-C19,14219,180.80262054234,B
10,SA919X7XB05691-A96204B-R34-C21,15211,180.277356406679,B
10,SA919X7XB05691-A96204B-R34-C24,21070,186.495199231155,B
10,SA919X7XB05691-A96204B-R34-C26,15173,188.655972271338,B
10,SA919X7XB05691-A96204B-R34-C27,13545,180.975099653749,B
10,SA919X7XB05691-A96204B-R34-C28,19232,185.416024081836,B
10,SA919X7XB05691-A96204B-R34-C29,14675,181.376156367429,B
10,SA919X7XB05691-A96204B-R34-C32,18395,186.723876098758,B
10,SA919X7XB05691-A96204B-R34-C33,14022,183.489803764031,B
10,SA919X7XB05691-A96204B-R34-C34,10141,174.904407339644,B
10,SA919X7XB05691-A96204B-R34-C35,16170,185.301148257657,B
10,SA919X7XB05691-A96204B-R34-C37,14734,183.921091798904,B
10,SA919X7XB05691-A96204B-R34-C39,18376,193.021023788601,B
10,SA919X7XB05691-A96204B-R34-C41,18130,179.91422701464,B
10,SA919X7XB05691-A96204B-R34-C42,24098,187.717933099851,B
10,SA919X7XB05691-A96204B-R34-C43,16609,183.57351468872,B
10,SA919X7XB05691-A96204B-R34-C45,11561,190.176791645848,B
10,SA919X7XB05691-A96204B-R34-C47,18293,186.157339010231,B
10,SA919X7XB05691-A96204B-R34-C48,18214,188.182810637795,B
10,SA919X7XB05691-A96204B-R34-C56,18982,189.514564437109,B
10,SA919X7XB05691-A96204B-R34-C57,19420,187.865535130743,B
10,SA919X7XB05691-A96204B-R34-C59,15303,190.018931406777,B
10,SA919X7XB05691-A96204B-R34-C62,15139,187.738365153172,B
10,SA919X7XB05691-A96204B-R34-C63,17878,186.679436025135,B
10,SA919X7XB05691-A96204B-R34-C66,17840,186.622612230999,B
10,SA919X7XB05691-A96204B-R34-C67,16773,190.037216121691,B
10,SA919X7XB05691-A96204B-R34-C70,15932,185.068203457804,B
10,SA919X7XB05691-A96204B-R35-C07,17320,183.509003249892,B
10,SA919X7XB05691-A96204B-R35-C09,25999,185.261340973457,B
10,SA919X7XB05691-A96204B-R35-C12,13977,183.234548092584,B
10,SA919X7XB05691-A96204B-R35-C14,15101,187.349382038845,B
10,SA919X7XB05691-A96204B-R35-C23,17935,183.688186545533,B
10,SA919X7XB05691-A96204B-R35-C24,20100,181.425272592117,B
10,SA919X7XB05691-A96204B-R35-C25,16695,189.186631812807,B
10,SA919X7XB05691-A96204B-R35-C28,19257,187.513862839612,B
10,SA919X7XB05691-A96204B-R35-C31,18213,187.041365078583,B
10,SA919X7XB05691-A96204B-R35-C33,12942,186.010090139928,B
10,SA919X7XB05691-A96204B-R35-C36,10836,188.438961461862,B
10,SA919X7XB05691-A96204B-R35-C37,14830,184.484799338647,B
10,SA919X7XB05691-A96204B-R35-C39,18985,184.149762169341,B
10,SA919X7XB05691-A96204B-R35-C45,11039,186.025422389652,B
10,SA919X7XB05691-A96204B-R35-C47,14364,187.583120620773,B
10,SA919X7XB05691-A96204B-R35-C50,13256,186.319903679309,B
10,SA919X7XB05691-A96204B-R35-C51,11968,185.935987251183,B
10,SA919X7XB05691-A96204B-R35-C58,12337,184.318954312468,B
10,SA919X7XB05691-A96204B-R35-C59,14872,184.05391690697,B
10,SA919X7XB05691-A96204B-R35-C66,15628,187.796911133671,B
10,SA919X7XB05691-A96204B-R36-C07,14304,184.65067173103,B
10,SA919X7XB05691-A96204B-R36-C10,11634,182.813955698381,B
10,SA919X7XB05691-A96204B-R36-C14,13362,192.14513413632,B
10,SA919X7XB05691-A96204B-R36-C16,15527,188.076866407872,B
10,SA919X7XB05691-A96204B-R36-C17,21265,189.993572741223,B
10,SA919X7XB05691-A96204B-R36-C25,20026,192.403842083296,A
10,SA919X7XB05691-A96204B-R36-C28,13919,186.330030381301,B
10,SA919X7XB05691-A96204B-R36-C30,12058,185.453400731743,B
10,SA919X7XB05691-A96204B-R36-C32,13553,191.110927182226,B
10,SA919X7XB05691-A96204B-R36-C37,11088,186.931643205194,B
10,SA919X7XB05691-A96204B-R36-C38,10808,187.532945315199,B
10,SA919X7XB05691-A96204B-R36-C39,13912,183.916072998157,B
10,SA919X7XB05691-A96204B-R36-C42,13158,186.42517184942,B
10,SA919X7XB05691-A96204B-R36-C44,14811,186.377789243531,B
10,SA919X7XB05691-A96204B-R36-C49,12486,185.737721511876,B
10,SA919X7XB05691-A96204B-R36-C52,14383,187.236836466904,B
10,SA919X7XB05691-A96204B-R36-C55,13122,186.149618368572,B
10,SA919X7XB05691-A96204B-R36-C58,11369,188.174318055987,B
10,SA919X7XB05691-A96204B-R36-C63,13257,188.650971751153,B
10,SA919X7XB05691-A96204B-R36-C64,13278,186.304560537291,B
10,SA919X7XB05691-A96204B-R36-C65,10195,182.375018856126,B
10,SA919X7XB05691-A96204B-R37-C08,21724,185.441252842187,B
10,SA919X7XB05691-A96204B-R37-C10,11038,185.032447689535,B
10,SA919X7XB05691-A96204B-R37-C12,13141,186.579980923919,B
10,SA919X7XB05691-A96204B-R37-C13,16921,183.720116847957,B
10,SA919X7XB05691-A96204B-R37-C16,22686,187.543596291132,B
10,SA919X7XB05691-A96204B-R37-C17,21607,183.771274739363,B
10,SA919X7XB05691-A96204B-R37-C20,13449,184.192371293548,B
10,SA919X7XB05691-A96204B-R37-C22,14212,186.97545193961,B
10,SA919X7XB05691-A96204B-R37-C23,16453,185.502738471462,B
10,SA919X7XB05691-A96204B-R37-C24,16450,180.13974940138,B
10,SA919X7XB05691-A96204B-R37-C26,16807,187.097055933054,B
10,SA919X7XB05691-A96204B-R37-C27,17204,189.706124200528,B
10,SA919X7XB05691-A96204B-R37-C28,22962,193.72880036105,B
10,SA919X7XB05691-A96204B-R37-C31,15101,187.133787717968,B
10,SA919X7XB05691-A96204B-R37-C32,15229,184.512662213296,B
10,SA919X7XB05691-A96204B-R37-C35,14083,187.228139654162,B
10,SA919X7XB05691-A96204B-R37-C36,14055,188.892803179954,B
10,SA919X7XB05691-A96204B-R37-C38,11143,182.555096585066,B
10,SA919X7XB05691-A96204B-R37-C39,16314,183.141557027615,B
10,SA919X7XB05691-A96204B-R37-C40,14869,187.078352853801,B
10,SA919X7XB05691-A96204B-R37-C41,15097,178.236128431051,B
10,SA919X7XB05691-A96204B-R37-C42,13492,181.748837099507,B
10,SA919X7XB05691-A96204B-R37-C44,16179,186.364424953299,B
10,SA919X7XB05691-A96204B-R37-C46,16770,183.577561576471,B
10,SA919X7XB05691-A96204B-R37-C47,16280,183.389477717845,B
10,SA919X7XB05691-A96204B-R37-C49,14185,188.423014485931,B
10,SA919X7XB05691-A96204B-R37-C50,12239,186.129492267777,B
10,SA919X7XB05691-A96204B-R37-C55,14876,190.440949410574,B
10,SA919X7XB05691-A96204B-R37-C57,15332,185.803072861297,B
10,SA919X7XB05691-A96204B-R37-C58,12827,187.982113942706,B
10,SA919X7XB05691-A96204B-R37-C60,14088,188.477784696372,B
10,SA919X7XB05691-A96204B-R37-C63,16874,185.419088140497,B
10,SA919X7XB05691-A96204B-R37-C64,16297,184.244830061469,B
10,SA919X7XB05691-A96204B-R37-C70,14394,182.337565277098,B
10,SA919X7XB05691-A96204B-R38-C11,20477,185.777163878015,B
10,SA919X7XB05691-A96204B-R38-C18,13256,187.427123108419,B
10,SA919X7XB05691-A96204B-R38-C19,14695,185.625433027724,B
10,SA919X7XB05691-A96204B-R38-C20,16915,190.873387757061,B
10,SA919X7XB05691-A96204B-R38-C22,16586,182.858928477255,B
10,SA919X7XB05691-A96204B-R38-C23,12787,179.532906099044,B
10,SA919X7XB05691-A96204B-R38-C25,17900,180.870413895248,B
10,SA919X7XB05691-A96204B-R38-C30,15252,189.875512722348,B
10,SA919X7XB05691-A96204B-R38-C33,12890,172.491701300961,B
10,SA919X7XB05691-A96204B-R38-C34,10690,191.397126238128,B
10,SA919X7XB05691-A96204B-R38-C36,11377,186.494887483118,B
10,SA919X7XB05691-A96204B-R38-C38,12046,181.591945673168,B
10,SA919X7XB05691-A96204B-R38-C39,17629,183.280081983792,B
10,SA919X7XB05691-A96204B-R38-C40,17002,182.659091099162,B
10,SA919X7XB05691-A96204B-R38-C42,15455,180.283121322122,B
10,SA919X7XB05691-A96204B-R38-C44,17740,183.848111711725,B
10,SA919X7XB05691-A96204B-R38-C46,16982,184.042770613919,B
10,SA919X7XB05691-A96204B-R38-C47,16464,186.405089390678,B
10,SA919X7XB05691-A96204B-R38-C51,14322,188.487619274975,B
10,SA919X7XB05691-A96204B-R38-C56,18442,181.071569166327,B
10,SA919X7XB05691-A96204B-R38-C59,17309,184.513579521504,B
10,SA919X7XB05691-A96204B-R38-C60,22589,191.545985783105,B
10,SA919X7XB05691-A96204B-R38-C61,15292,187.133772669363,B
10,SA919X7XB05691-A96204B-R38-C66,17079,185.411749350083,B
10,SA919X7XB05691-A96204B-R38-C68,12689,179.273577885136,B
10,SA919X7XB05691-A96204B-R38-C70,12982,186.36500420299,B
10,SA919X7XB05691-A96204B-R39-C07,14796,187.226324544817,B
10,SA919X7XB05691-A96204B-R39-C10,15022,185.895533422805,B
10,SA919X7XB05691-A96204B-R39-C12,13215,187.02807652457,B
10,SA919X7XB05691-A96204B-R39-C15,13608,183.414791559051,B
10,SA919X7XB05691-A96204B-R39-C17,14909,188.734814098442,B
10,SA919X7XB05691-A96204B-R39-C19,11197,186.125671872818,B
10,SA919X7XB05691-A96204B-R39-C22,12880,185.870204674674,B
10,SA919X7XB05691-A96204B-R39-C23,12489,176.759970382827,B
10,SA919X7XB05691-A96204B-R39-C24,15545,181.807050838552,B
10,SA919X7XB05691-A96204B-R39-C29,12463,184.367817387885,B
10,SA919X7XB05691-A96204B-R39-C34,8963,188.346225193011,B
10,SA919X7XB05691-A96204B-R39-C36,9154,181.875115714414,B
10,SA919X7XB05691-A96204B-R39-C44,14971,184.799739755058,B
10,SA919X7XB05691-A96204B-R39-C52,13475,184.620585772478,B
10,SA919X7XB05691-A96204B-R39-C58,11368,183.956703527275,B
10,SA919X7XB05691-A96204B-R39-C62,11888,192.806117693635,B
10,SA919X7XB05691-A96204B-R39-C64,21396,192.387596009672,B
10,SA919X7XB05691-A96204B-R39-C66,14258,188.701013491801,B
10,SA919X7XB05691-A96204B-R39-C68,17000,186.486722189957,B
10,SA919X7XB05691-A96204B-R40-C11,13267,191.612147873189,B
10,SA919X7XB05691-A96204B-R40-C13,16788,185.836896703939,B
10,SA919X7XB05691-A96204B-R40-C17,22368,183.350021476705,B
10,SA919X7XB05691-A96204B-R40-C37,13411,188.619641350241,B
10,SA919X7XB05691-A96204B-R40-C50,12776,187.563361483819,B
10,SA919X7XB05691-A96204B-R40-C60,15655,183.630346225466,B
10,SA919X7XB05691-A96204B-R40-C63,15891,189.768073108631,B
10,SA919X7XB05691-A96204B-R40-C64,13953,187.21141039694,B
10,SA919X7XB05691-A96204B-R40-C68,14000,183.032312421929,B
10,SA919X7XB05691-A96204B-R42-C07,15313,186.622895871507,B
10,SA919X7XB05691-A96204B-R42-C10,10293,177.741052983915,B
10,SA919X7XB05691-A96204B-R42-C12,20490,187.374685013248,B
10,SA919X7XB05691-A96204B-R42-C14,13857,185.232177661866,B
10,SA919X7XB05691-A96204B-R42-C16,17566,187.650910793688,B
10,SA919X7XB05691-A96204B-R42-C26,13294,182.769123163064,B
10,SA919X7XB05691-A96204B-R42-C31,16098,187.765720562648,B
10,SA919X7XB05691-A96204B-R42-C32,22043,183.13794132223,B
10,SA919X7XB05691-A96204B-R42-C33,11140,177.08864339424,B
10,SA919X7XB05691-A96204B-R42-C35,14291,187.365232884822,B
10,SA919X7XB05691-A96204B-R42-C36,11610,188.002843271826,B
10,SA919X7XB05691-A96204B-R42-C37,12954,180.765404301566,B
10,SA919X7XB05691-A96204B-R42-C38,12686,187.546517048312,B
10,SA919X7XB05691-A96204B-R42-C39,12326,179.75704804936,B
10,SA919X7XB05691-A96204B-R42-C42,14762,183.82278720703,B
10,SA919X7XB05691-A96204B-R42-C43,22718,187.038902459789,B
10,SA919X7XB05691-A96204B-R42-C44,17620,183.767139614781,B
10,SA919X7XB05691-A96204B-R42-C49,14875,185.549631718615,B
10,SA919X7XB05691-A96204B-R42-C51,11921,184.644058884369,B
10,SA919X7XB05691-A96204B-R42-C52,12234,186.087524032689,B
10,SA919X7XB05691-A96204B-R42-C54,14186,184.56073384718,B
10,SA919X7XB05691-A96204B-R42-C55,12263,185.397119045528,B
10,SA919X7XB05691-A96204B-R42-C56,12735,191.457756756438,B
10,SA919X7XB05691-A96204B-R42-C57,18103,196.418459927487,B
10,SA919X7XB05691-A96204B-R42-C59,14385,184.247666174171,B
10,SA919X7XB05691-A96204B-R42-C60,14811,184.341208057809,B
10,SA919X7XB05691-A96204B-R42-C61,15663,189.742892383379,B
10,SA919X7XB05691-A96204B-R42-C63,15747,181.977380728754,B
10,SA919X7XB05691-A96204B-R42-C66,15220,186.377228581371,B
10,SA919X7XB05691-A96204B-R42-C67,13144,184.577122694901,B
10,SA919X7XB05691-A96204B-R42-C69,17020,186.73349608685,B
10,SA919X7XB05691-A96204B-R42-C70,13746,186.386943715235,B
10,SA919X7XB05691-A96204B-R43-C07,11530,190.584419870999,B
10,SA919X7XB05691-A96204B-R43-C09,12245,189.20404022527,B
10,SA919X7XB05691-A96204B-R43-C11,8743,176.408266166143,B
10,SA919X7XB05691-A96204B-R43-C12,11072,184.04222818333,B
10,SA919X7XB05691-A96204B-R43-C13,13956,188.606117690715,B
10,SA919X7XB05691-A96204B-R43-C14,10792,185.900268990424,B
10,SA919X7XB05691-A96204B-R43-C19,10409,183.632220173542,B
10,SA919X7XB05691-A96204B-R43-C20,12189,184.179331437841,B
10,SA919X7XB05691-A96204B-R43-C21,11247,186.785835335957,B
10,SA919X7XB05691-A96204B-R43-C23,12078,186.376469673002,B
10,SA919X7XB05691-A96204B-R43-C25,13144,184.881943375932,B
10,SA919X7XB05691-A96204B-R43-C28,12834,185.142259024411,B
10,SA919X7XB05691-A96204B-R43-C31,12280,190.098108452948,B
10,SA919X7XB05691-A96204B-R43-C32,11301,188.03453507749,B
10,SA919X7XB05691-A96204B-R43-C33,9110,187.714786787322,B
10,SA919X7XB05691-A96204B-R43-C34,6347,182.956155714337,B
10,SA919X7XB05691-A96204B-R43-C35,10702,185.210469976241,B
10,SA919X7XB05691-A96204B-R43-C36,6512,188.098129255927,B
10,SA919X7XB05691-A96204B-R43-C37,10505,185.829177572301,B
10,SA919X7XB05691-A96204B-R43-C42,10596,182.836284209451,B
10,SA919X7XB05691-A96204B-R43-C43,10790,188.793373685049,B
10,SA919X7XB05691-A96204B-R43-C44,13284,186.864345613395,B
10,SA919X7XB05691-A96204B-R43-C45,8463,187.90913191335,B
10,SA919X7XB05691-A96204B-R43-C46,11628,184.760212461916,B
10,SA919X7XB05691-A96204B-R43-C47,12433,184.578756743435,B
10,SA919X7XB05691-A96204B-R43-C48,11802,181.809551467276,B
10,SA919X7XB05691-A96204B-R43-C49,14490,188.132528424846,B
10,SA919X7XB05691-A96204B-R43-C54,10416,186.605702358851,B
10,SA919X7XB05691-A96204B-R43-C55,10976,185.356761248826,B
10,SA919X7XB05691-A96204B-R43-C56,10517,186.493983566385,B
10,SA919X7XB05691-A96204B-R43-C58,8628,179.70227449788,B
10,SA919X7XB05691-A96204B-R43-C59,7041,183.292183643924,B
10,SA919X7XB05691-A96204B-R43-C60,11982,184.606152918943,B
10,SA919X7XB05691-A96204B-R43-C63,10352,188.951838818789,B
10,SA919X7XB05691-A96204B-R43-C66,15016,187.740902890421,B
10,SA919X7XB05691-A96204B-R43-C67,12070,182.417349582701,B
10,SA919X7XB05691-A96204B-R43-C68,6980,186.655449061479,B
10,SA919X7XB05691-A96204B-R43-C70,6124,190.748427255197,B
10,SA919X7XB05691-A96204B-R44-C10,10333,189.116675330632,B
10,SA919X7XB05691-A96204B-R44-C14,11874,186.655633971502,B
10,SA919X7XB05691-A96204B-R44-C17,13837,184.659679400698,B
10,SA919X7XB05691-A96204B-R44-C18,10552,186.331301416609,B
10,SA919X7XB05691-A96204B-R44-C20,12569,184.303245064769,B
10,SA919X7XB05691-A96204B-R44-C23,12549,180.160271935504,B
10,SA919X7XB05691-A96204B-R44-C27,10565,187.278313059223,B
10,SA919X7XB05691-A96204B-R44-C28,13181,186.122904754204,B
10,SA919X7XB05691-A96204B-R44-C29,10368,188.389661461134,B
10,SA919X7XB05691-A96204B-R44-C31,14192,186.755997879178,B
10,SA919X7XB05691-A96204B-R44-C32,13446,185.477567851643,B
10,SA919X7XB05691-A96204B-R44-C35,12031,187.407919136939,B
10,SA919X7XB05691-A96204B-R44-C36,7917,193.884341690074,B
10,SA919X7XB05691-A96204B-R44-C37,10173,188.924782316837,B
10,SA919X7XB05691-A96204B-R44-C39,12610,185.231183004521,B
10,SA919X7XB05691-A96204B-R44-C40,12811,184.415228473294,B
10,SA919X7XB05691-A96204B-R44-C42,15964,186.280365728973,B
10,SA919X7XB05691-A96204B-R44-C44,13160,183.39627614462,B
10,SA919X7XB05691-A96204B-R44-C46,12519,184.695158566121,B
10,SA919X7XB05691-A96204B-R44-C50,10324,184.877986835067,B
10,SA919X7XB05691-A96204B-R44-C52,10240,178.887943676148,B
10,SA919X7XB05691-A96204B-R44-C59,11659,190.032757398857,B
10,SA919X7XB05691-A96204B-R44-C68,9261,176.220547416345,B
10,SA919X7XB05691-A96204B-R44-C69,9819,185.054344867394,B
10,SA919X7XB05691-A96204B-R44-C70,13852,190.392196652083,B
10,SA919X7XB05691-A96204B-R45-C10,8592,181.248667849752,B
10,SA919X7XB05691-A96204B-R45-C12,12546,181.642573537588,B
10,SA919X7XB05691-A96204B-R45-C13,20780,188.546169417276,B
10,SA919X7XB05691-A96204B-R45-C14,16941,186.693296525155,B
10,SA919X7XB05691-A96204B-R45-C16,11426,186.624071354198,B
10,SA919X7XB05691-A96204B-R45-C17,13837,189.776107783025,B
10,SA919X7XB05691-A96204B-R45-C18,9461,192.890462227261,B
10,SA919X7XB05691-A96204B-R45-C19,14029,190.512000955929,B
10,SA919X7XB05691-A96204B-R45-C20,11488,188.837202807597,B
10,SA919X7XB05691-A96204B-R45-C21,8628,184.597193551032,B
10,SA919X7XB05691-A96204B-R45-C24,14340,184.253740182318,B
10,SA919X7XB05691-A96204B-R45-C25,12807,186.451133784848,B
10,SA919X7XB05691-A96204B-R45-C27,8765,186.593417134158,B
10,SA919X7XB05691-A96204B-R45-C31,12242,187.942177538804,B
10,SA919X7XB05691-A96204B-R45-C32,13377,186.570937019652,B
10,SA919X7XB05691-A96204B-R45-C33,8938,190.570170840896,B
10,SA919X7XB05691-A96204B-R45-C36,6527,182.881305026756,B
10,SA919X7XB05691-A96204B-R45-C38,10125,183.613302422879,B
10,SA919X7XB05691-A96204B-R45-C39,16574,183.076593708229,B
10,SA919X7XB05691-A96204B-R45-C40,11629,177.404668255037,B
10,SA919X7XB05691-A96204B-R45-C43,13006,190.929364331986,B
10,SA919X7XB05691-A96204B-R45-C47,12504,188.538881966273,B
10,SA919X7XB05691-A96204B-R45-C51,11075,189.801793160713,B
10,SA919X7XB05691-A96204B-R45-C61,12348,188.859065345561,B
10,SA919X7XB05691-A96204B-R45-C62,11799,186.076832486564,B
10,SA919X7XB05691-A96204B-R45-C63,13809,184.571302523669,B
10,SA919X7XB05691-A96204B-R45-C64,10419,184.579421310842,B
10,SA919X7XB05691-A96204B-R45-C66,12555,184.7199869876,B
10,SA919X7XB05691-A96204B-R45-C67,10504,183.83628111951,B
10,SA919X7XB05691-A96204B-R45-C69,9632,179.381527819275,B
10,SA919X7XB05691-A96204B-R46-C30,13093,172.490557859547,B
10,SA919X7XB05691-A96204B-R46-C31,15817,188.673677223732,B
10,SA919X7XB05691-A96204B-R46-C33,9886,197.259571885716,B
10,SA919X7XB05691-A96204B-R46-C36,9374,185.547034152528,B
10,SA919X7XB05691-A96204B-R46-C38,13072,186.737982834269,B
10,SA919X7XB05691-A96204B-R46-C41,16013,182.879869573147,B
10,SA919X7XB05691-A96204B-R46-C47,14864,184.208639608109,B
10,SA919X7XB05691-A96204B-R46-C49,13057,185.426773899373,B
10,SA919X7XB05691-A96204B-R46-C52,13003,185.052659388775,B
10,SA919X7XB05691-A96204B-R46-C56,16115,183.45316111227,B
10,SA919X7XB05691-A96204B-R46-C57,16047,187.275602263554,B
10,SA919X7XB05691-A96204B-R46-C59,15018,190.243423705054,B
10,SA919X7XB05691-A96204B-R46-C62,11289,182.014276532369,B
10,SA919X7XB05691-A96204B-R46-C66,15385,185.575901143362,B
10,SA919X7XB05691-A96204B-R46-C67,11951,188.845801531364,B
10,SA919X7XB05691-A96204B-R46-C68,14883,187.384660222155,B
10,SA919X7XB05691-A96204B-R46-C70,14724,186.459572955444,B
10,SA919X7XB05691-A96204B-R47-C08,10174,185.688569651869,B
10,SA919X7XB05691-A96204B-R47-C11,10601,186.618570347506,B
10,SA919X7XB05691-A96204B-R47-C13,16663,186.579586463511,B
10,SA919X7XB05691-A96204B-R47-C14,10753,191.746768301648,B
10,SA919X7XB05691-A96204B-R47-C17,11924,184.045941951027,B
10,SA919X7XB05691-A96204B-R47-C20,11302,182.643754113897,B
10,SA919X7XB05691-A96204B-R47-C21,8865,186.505635964255,B
10,SA919X7XB05691-A96204B-R47-C22,10839,183.337315283653,B
10,SA919X7XB05691-A96204B-R47-C24,17184,179.002580438805,B
10,SA919X7XB05691-A96204B-R47-C28,10878,180.538019873199,B
10,SA919X7XB05691-A96204B-R47-C30,9943,185.244124124395,B
10,SA919X7XB05691-A96204B-R47-C31,11108,185.695127552697,B
10,SA919X7XB05691-A96204B-R47-C32,11000,185.868200828261,B
10,SA919X7XB05691-A96204B-R47-C33,9574,189.163429019786,B
10,SA919X7XB05691-A96204B-R47-C35,9794,182.188698300717,B
10,SA919X7XB05691-A96204B-R47-C40,9987,187.050356175784,B
10,SA919X7XB05691-A96204B-R47-C41,9734,184.802713157647,B
10,SA919X7XB05691-A96204B-R47-C42,11301,187.467274534113,B
10,SA919X7XB05691-A96204B-R47-C45,7498,184.260201288874,B
10,SA919X7XB05691-A96204B-R47-C46,11405,178.740343594009,B
10,SA919X7XB05691-A96204B-R47-C47,10966,186.59323675641,B
10,SA919X7XB05691-A96204B-R47-C48,10205,177.789570783939,B
10,SA919X7XB05691-A96204B-R47-C49,13324,183.418168446054,B
10,SA919X7XB05691-A96204B-R47-C50,9419,183.845114766713,B
10,SA919X7XB05691-A96204B-R47-C52,6465,186.365117766241,B
10,SA919X7XB05691-A96204B-R47-C59,11262,186.00349014328,B
10,SA919X7XB05691-A96204B-R47-C64,8619,167.958650758053,B
10,SA919X7XB05691-A96204B-R47-C65,7465,185.536250141142,B
10,SA919X7XB05691-A96204B-R47-C66,7315,185.657483694908,B
10,SA919X7XB05691-A96204B-R47-C67,10331,194.055575720738,B
10,SA919X7XB05691-A96204B-R47-C69,7530,180.130122437088,B
10,SA919X7XB05691-A96204B-R47-C70,15108,186.28508766693,B
10,SA919X7XB05691-A96204B-R48-C09,13434,182.030900215729,B
10,SA919X7XB05691-A96204B-R48-C10,11189,187.162743752824,B
10,SA919X7XB05691-A96204B-R48-C11,12090,180.137065843245,B
10,SA919X7XB05691-A96204B-R48-C12,12302,177.479952015869,B
10,SA919X7XB05691-A96204B-R48-C14,12499,176.199636856629,B
10,SA919X7XB05691-A96204B-R48-C15,14974,187.515226943386,B
10,SA919X7XB05691-A96204B-R48-C19,16435,188.399632409347,B
10,SA919X7XB05691-A96204B-R48-C21,13400,187.704900598119,B
10,SA919X7XB05691-A96204B-R48-C22,14097,186.953977383353,B
10,SA919X7XB05691-A96204B-R48-C23,15823,185.528165682348,B
10,SA919X7XB05691-A96204B-R48-C28,13642,177.161767935699,B
10,SA919X7XB05691-A96204B-R48-C30,11905,180.357103753504,B
10,SA919X7XB05691-A96204B-R48-C34,7906,184.397271325581,B
10,SA919X7XB05691-A96204B-R48-C35,13192,184.590881356424,B
10,SA919X7XB05691-A96204B-R48-C38,11151,186.027498907169,B
10,SA919X7XB05691-A96204B-R48-C43,14241,186.782949138732,B
10,SA919X7XB05691-A96204B-R48-C48,14028,186.983647658732,B
10,SA919X7XB05691-A96204B-R48-C51,14972,188.636880805006,B
10,SA919X7XB05691-A96204B-R48-C55,12836,183.630911199968,B
10,SA919X7XB05691-A96204B-R48-C56,13457,180.312053318065,B
10,SA919X7XB05691-A96204B-R48-C57,14233,181.878210643748,B
10,SA919X7XB05691-A96204B-R48-C58,10400,181.134662689316,B
10,SA919X7XB05691-A96204B-R48-C60,16631,185.851861522026,B
10,SA919X7XB05691-A96204B-R49-C12,10834,186.651450589091,B
10,SA919X7XB05691-A96204B-R49-C17,13358,188.843894212559,B
10,SA919X7XB05691-A96204B-R49-C21,9171,166.200926681785,B
10,SA919X7XB05691-A96204B-R49-C24,15754,185.5739918339,B
10,SA919X7XB05691-A96204B-R49-C25,8923,180.541702753569,B
10,SA919X7XB05691-A96204B-R49-C28,12079,182.953965459404,B
10,SA919X7XB05691-A96204B-R49-C31,13321,185.215160468389,B
10,SA919X7XB05691-A96204B-R49-C32,12199,181.361689544798,B
10,SA919X7XB05691-A96204B-R49-C33,8010,182.30397053106,B
10,SA919X7XB05691-A96204B-R49-C35,12526,191.726156805349,B
10,SA919X7XB05691-A96204B-R49-C36,6104,187.588597483608,B
10,SA919X7XB05691-A96204B-R49-C37,10344,189.458877615673,B
10,SA919X7XB05691-A96204B-R49-C40,15206,187.331407211585,B
10,SA919X7XB05691-A96204B-R49-C42,10666,180.77931214208,B
10,SA919X7XB05691-A96204B-R49-C44,11992,175.749990103646,B
10,SA919X7XB05691-A96204B-R49-C46,10523,189.082839562796,B
10,SA919X7XB05691-A96204B-R49-C48,11656,183.624278920289,B
10,SA919X7XB05691-A96204B-R49-C50,9766,183.090412499091,B
10,SA919X7XB05691-A96204B-R49-C51,10759,187.626208471425,B
10,SA919X7XB05691-A96204B-R49-C69,12239,188.881062291689,B
10,SA919X7XB05691-A96204B-R50-C07,14851,183.86910779317,B
10,SA919X7XB05691-A96204B-R50-C08,11703,186.122565513532,B
10,SA919X7XB05691-A96204B-R50-C12,11377,185.600351911481,B
10,SA919X7XB05691-A96204B-R50-C17,12744,182.882915858306,B
10,SA919X7XB05691-A96204B-R50-C18,7818,180.320765985227,B
10,SA919X7XB05691-A96204B-R50-C20,9226,172.140579680069,B
10,SA919X7XB05691-A96204B-R50-C24,16811,191.485516056468,B
10,SA919X7XB05691-A96204B-R50-C26,10139,193.143439996754,B
10,SA919X7XB05691-A96204B-R50-C27,7337,178.528478796443,B
10,SA919X7XB05691-A96204B-R50-C28,11475,186.127377780991,B
10,SA919X7XB05691-A96204B-R50-C29,11355,190.432794603183,B
10,SA919X7XB05691-A96204B-R50-C31,10591,180.550714759182,B
10,SA919X7XB05691-A96204B-R50-C32,10960,189.294338441884,B
10,SA919X7XB05691-A96204B-R50-C35,11307,189.384328263993,B
10,SA919X7XB05691-A96204B-R50-C37,8247,178.352777432333,B
10,SA919X7XB05691-A96204B-R50-C38,8366,180.817562971131,B
10,SA919X7XB05691-A96204B-R50-C41,10232,188.974847219206,B
10,SA919X7XB05691-A96204B-R50-C46,11712,185.332277771824,B
10,SA919X7XB05691-A96204B-R50-C48,9496,182.244003877895,B
10,SA919X7XB05691-A96204B-R50-C54,9768,175.346940400555,B
10,SA919X7XB05691-A96204B-R50-C60,11593,173.972266519547,B
10,SA919X7XB05691-A96204B-R50-C67,6537,181.815045699855,B
10,SA919X7XB05691-A96204B-R50-C68,8524,193.517611427688,B
10,SA919X7XB05691-A96204B-R51-C13,16206,186.442448681924,B
10,SA919X7XB05691-A96204B-R51-C15,12549,186.059647781491,B
10,SA919X7XB05691-A96204B-R51-C18,8652,184.326394143791,B
10,SA919X7XB05691-A96204B-R51-C19,7790,176.447629909541,B
10,SA919X7XB05691-A96204B-R51-C21,9486,186.262036560815,B
10,SA919X7XB05691-A96204B-R51-C24,12980,187.888437501657,B
10,SA919X7XB05691-A96204B-R51-C25,12700,190.327881264322,B
10,SA919X7XB05691-A96204B-R51-C26,10859,176.563922667949,B
10,SA919X7XB05691-A96204B-R51-C27,7420,187.064428885526,B
10,SA919X7XB05691-A96204B-R51-C28,11115,182.698725842645,B
10,SA919X7XB05691-A96204B-R51-C29,9686,193.413198622494,B
10,SA919X7XB05691-A96204B-R51-C30,9571,185.703373315214,B
10,SA919X7XB05691-A96204B-R51-C35,11210,186.805891911153,B
10,SA919X7XB05691-A96204B-R51-C38,6234,183.940479807951,B
10,SA919X7XB05691-A96204B-R51-C39,10550,186.913050015691,B
10,SA919X7XB05691-A96204B-R51-C40,10945,185.734223765688,B
10,SA919X7XB05691-A96204B-R51-C41,10878,180.969948230879,B
10,SA919X7XB05691-A96204B-R51-C42,10077,184.945372514191,B
10,SA919X7XB05691-A96204B-R51-C43,10070,182.064006844535,B
10,SA919X7XB05691-A96204B-R51-C45,5863,178.201287481657,B
10,SA919X7XB05691-A96204B-R51-C47,10210,183.797947068843,B
10,SA919X7XB05691-A96204B-R51-C50,7471,181.426511793109,B
10,SA919X7XB05691-A96204B-R51-C52,7342,181.886881614671,B
10,SA919X7XB05691-A96204B-R51-C57,10167,192.554453872917,B
10,SA919X7XB05691-A96204B-R51-C58,7290,180.7228188723,B
10,SA919X7XB05691-A96204B-R51-C59,8769,187.746629758652,B
10,SA919X7XB05691-A96204B-R51-C65,6915,188.809430909228,B
10,SA919X7XB05691-A96204B-R51-C66,6182,189.122351701187,B
10,SA919X7XB05691-A96204B-R51-C70,9072,181.695386386729,B
10,SA919X7XB05691-A96204B-R52-C12,12895,191.961007481418,B
10,SA919X7XB05691-A96204B-R52-C14,12997,188.714438055514,B
10,SA919X7XB05691-A96204B-R52-C15,13293,189.354143229314,B
10,SA919X7XB05691-A96204B-R52-C16,13414,189.739909607218,B
10,SA919X7XB05691-A96204B-R52-C19,9955,182.790086576636,B
10,SA919X7XB05691-A96204B-R52-C22,10963,178.750639746047,B
10,SA919X7XB05691-A96204B-R52-C24,14556,183.509811108412,B
10,SA919X7XB05691-A96204B-R52-C27,8650,182.677822547568,B
10,SA919X7XB05691-A96204B-R52-C29,12433,190.967280495536,B
10,SA919X7XB05691-A96204B-R52-C30,11029,183.719328724651,B
10,SA919X7XB05691-A96204B-R52-C31,13802,179.577133131596,B
10,SA919X7XB05691-A96204B-R52-C32,12677,183.636696747031,B
10,SA919X7XB05691-A96204B-R52-C35,12244,179.892259788999,B
10,SA919X7XB05691-A96204B-R52-C38,10842,192.863897750981,B
10,SA919X7XB05691-A96204B-R52-C39,12561,180.339143648088,B
10,SA919X7XB05691-A96204B-R52-C40,11099,174.870181995563,B
10,SA919X7XB05691-A96204B-R52-C41,12917,184.369561724868,B
10,SA919X7XB05691-A96204B-R52-C42,11714,183.417903345991,B
10,SA919X7XB05691-A96204B-R52-C47,12649,181.985628065888,B
10,SA919X7XB05691-A96204B-R52-C48,12641,189.388527747638,B
10,SA919X7XB05691-A96204B-R52-C49,11323,189.185062545296,B
10,SA919X7XB05691-A96204B-R52-C51,10999,180.4576902396,B
10,SA919X7XB05691-A96204B-R52-C52,9467,187.781132007849,B
10,SA919X7XB05691-A96204B-R52-C54,13497,190.652261192421,B
10,SA919X7XB05691-A96204B-R52-C56,13603,180.993163906517,B
10,SA919X7XB05691-A96204B-R52-C57,11951,183.791600944625,B
10,SA919X7XB05691-A96204B-R52-C59,16173,192.004051184174,B
10,SA919X7XB05691-A96204B-R52-C61,12125,186.882019380992,B
10,SA919X7XB05691-A96204B-R52-C64,10397,181.562302759458,B
10,SA919X7XB05691-A96204B-R52-C68,5990,182.949700603171,B
10,SA919X7XB05691-A96204B-R52-C69,10809,188.768906559566,B
10,SA919X7XB05691-A96204B-R53-C08,13001,186.085592497704,B
10,SA919X7XB05691-A96204B-R53-C11,12615,176.884935809034,B
10,SA919X7XB05691-A96204B-R53-C12,10036,182.551797307813,B
10,SA919X7XB05691-A96204B-R53-C14,16075,186.953736147372,B
10,SA919X7XB05691-A96204B-R53-C16,16588,183.45742809073,B
10,SA919X7XB05691-A96204B-R53-C17,16528,190.241986093516,B
10,SA919X7XB05691-A96204B-R53-C18,13349,182.560376722907,B
10,SA919X7XB05691-A96204B-R53-C19,12456,187.95052145119,B
10,SA919X7XB05691-A96204B-R53-C20,12548,183.066510402316,B
10,SA919X7XB05691-A96204B-R53-C21,14652,184.945280653017,B
10,SA919X7XB05691-A96204B-R53-C24,14556,184.742279819654,B
10,SA919X7XB05691-A96204B-R53-C26,12575,184.625240275954,B
10,SA919X7XB05691-A96204B-R53-C28,18881,184.364406240443,B
10,SA919X7XB05691-A96204B-R53-C29,14162,181.406469278178,B
10,SA919X7XB05691-A96204B-R53-C30,14807,185.279654877417,B
10,SA919X7XB05691-A96204B-R53-C31,17612,190.098004503153,B
10,SA919X7XB05691-A96204B-R53-C34,9369,178.478177129046,B
10,SA919X7XB05691-A96204B-R53-C35,14689,187.219189036586,B
10,SA919X7XB05691-A96204B-R53-C36,8105,178.845142664988,B
10,SA919X7XB05691-A96204B-R53-C37,12557,182.616370938365,B
10,SA919X7XB05691-A96204B-R53-C39,14486,182.227819765769,B
10,SA919X7XB05691-A96204B-R53-C40,13629,186.633894356477,B
10,SA919X7XB05691-A96204B-R53-C41,14229,179.711337011375,B
10,SA919X7XB05691-A96204B-R53-C43,14686,184.51510370772,B
10,SA919X7XB05691-A96204B-R53-C47,14799,184.779684237067,B
10,SA919X7XB05691-A96204B-R53-C50,12570,182.096901553729,B
10,SA919X7XB05691-A96204B-R53-C54,12652,184.017746039991,B
10,SA919X7XB05691-A96204B-R53-C59,10033,187.318178219937,B
10,SA919X7XB05691-A96204B-R53-C67,9996,184.540001844883,B
10,SA919X7XB05691-A96204B-R53-C68,11742,192.110536668113,B
10,SA919X7XB05691-A96204B-R53-C69,11193,188.936115704501,B
10,SA919X7XB05691-A96204B-R54-C09,11644,187.028920569292,B
10,SA919X7XB05691-A96204B-R54-C10,7996,180.560885138692,B
10,SA919X7XB05691-A96204B-R54-C12,11447,181.636457729281,B
10,SA919X7XB05691-A96204B-R54-C14,11906,187.402937017858,B
10,SA919X7XB05691-A96204B-R54-C15,12996,183.114705966557,B
10,SA919X7XB05691-A96204B-R54-C18,8690,191.971224774073,B
10,SA919X7XB05691-A96204B-R54-C19,9611,185.827590762578,B
10,SA919X7XB05691-A96204B-R54-C22,9469,173.538076937969,B
10,SA919X7XB05691-A96204B-R54-C27,7129,177.839103302318,B
10,SA919X7XB05691-A96204B-R54-C28,13205,184.281644928763,B
10,SA919X7XB05691-A96204B-R54-C31,11889,178.537210026786,B
10,SA919X7XB05691-A96204B-R54-C32,13028,187.492476157994,B
10,SA919X7XB05691-A96204B-R54-C33,8097,185.450041571544,B
10,SA919X7XB05691-A96204B-R54-C35,11720,184.220372314577,B
10,SA919X7XB05691-A96204B-R54-C36,6232,188.071435908605,B
10,SA919X7XB05691-A96204B-R54-C37,9653,176.382473046931,B
10,SA919X7XB05691-A96204B-R54-C38,9405,177.093814593631,B
10,SA919X7XB05691-A96204B-R54-C39,12517,188.810809272749,B
10,SA919X7XB05691-A96204B-R54-C41,11371,180.68991216759,B
10,SA919X7XB05691-A96204B-R54-C42,12461,186.359394036437,B
10,SA919X7XB05691-A96204B-R54-C44,12876,184.150515952717,B
10,SA919X7XB05691-A96204B-R54-C46,10747,188.612468677139,B
10,SA919X7XB05691-A96204B-R54-C47,13906,186.038077321969,B
10,SA919X7XB05691-A96204B-R54-C55,9163,180.358909193647,B
10,SA919X7XB05691-A96204B-R54-C59,9937,178.514231596685,B
10,SA919X7XB05691-A96204B-R54-C60,8870,175.980366513303,B
10,SA919X7XB05691-A96204B-R54-C61,11099,186.695456275315,B
10,SA919X7XB05691-A96204B-R54-C63,11272,185.309237569179,B
10,SA919X7XB05691-A96204B-R54-C64,11250,179.012935494233,B
10,SA919X7XB05691-A96204B-R54-C69,9994,187.159837741557,B
10,SA919X7XB05691-A96204B-R55-C08,12468,185.508284970523,B
10,SA919X7XB05691-A96204B-R55-C09,8649,141.607293882507,B
10,SA919X7XB05691-A96204B-R55-C11,9753,186.42165842437,B
10,SA919X7XB05691-A96204B-R55-C13,14725,188.07782559644,B
10,SA919X7XB05691-A96204B-R55-C15,11163,180.429322837669,B
10,SA919X7XB05691-A96204B-R55-C20,11340,185.469023760625,B
10,SA919X7XB05691-A96204B-R55-C21,10593,183.654755061707,B
10,SA919X7XB05691-A96204B-R55-C27,8461,198.528529008884,B
10,SA919X7XB05691-A96204B-R55-C31,11805,183.155243235258,B
10,SA919X7XB05691-A96204B-R55-C32,11537,174.330859179983,B
10,SA919X7XB05691-A96204B-R55-C35,11805,185.729082729046,B
10,SA919X7XB05691-A96204B-R55-C37,10433,185.787708013572,B
10,SA919X7XB05691-A96204B-R55-C39,13455,184.28805549919,B
10,SA919X7XB05691-A96204B-R55-C41,12052,189.727137888999,B
10,SA919X7XB05691-A96204B-R55-C43,12604,188.363805325098,B
10,SA919X7XB05691-A96204B-R55-C46,10495,185.629530284404,B
10,SA919X7XB05691-A96204B-R55-C51,9490,180.737585444023,B
10,SA919X7XB05691-A96204B-R55-C52,7435,181.713820868503,B
10,SA919X7XB05691-A96204B-R55-C57,10045,188.045854257174,B
10,SA919X7XB05691-A96204B-R55-C58,8133,181.419143578178,B
10,SA919X7XB05691-A96204B-R55-C59,9636,174.902325308558,B
10,SA919X7XB05691-A96204B-R55-C61,10175,182.169318078755,B
10,SA919X7XB05691-A96204B-R55-C66,7971,188.524818875467,B
10,SA919X7XB05691-A96204B-R56-C12,11455,182.643344982829,B
10,SA919X7XB05691-A96204B-R56-C14,12101,176.262186220956,B
10,SA919X7XB05691-A96204B-R56-C15,11773,180.806184730146,B
10,SA919X7XB05691-A96204B-R56-C16,13087,183.961827592587,B
10,SA919X7XB05691-A96204B-R56-C22,10937,194.084109868289,B
10,SA919X7XB05691-A96204B-R56-C26,10191,192.154351723882,B
10,SA919X7XB05691-A96204B-R56-C27,8984,178.874366251218,B
10,SA919X7XB05691-A96204B-R56-C28,12032,183.112892862096,B
10,SA919X7XB05691-A96204B-R56-C29,11510,188.268872498484,B
10,SA919X7XB05691-A96204B-R56-C30,10407,183.517295243894,B
10,SA919X7XB05691-A96204B-R56-C31,12883,180.711480577468,B
10,SA919X7XB05691-A96204B-R56-C32,12403,184.506055869042,B
10,SA919X7XB05691-A96204B-R56-C40,11611,177.984483217375,B
10,SA919X7XB05691-A96204B-R56-C43,12177,187.550899584098,B
10,SA919X7XB05691-A96204B-R56-C44,13536,187.321181879446,B
10,SA919X7XB05691-A96204B-R56-C48,11898,184.409036844453,B
10,SA919X7XB05691-A96204B-R56-C49,9886,176.820040428806,B
10,SA919X7XB05691-A96204B-R56-C51,10092,186.121867934175,B
10,SA919X7XB05691-A96204B-R56-C54,7005,190.819082005864,B
10,SA919X7XB05691-A96204B-R56-C55,9832,179.345792044658,B
10,SA919X7XB05691-A96204B-R56-C57,8158,187.753461137347,B
10,SA919X7XB05691-A96204B-R56-C64,11279,180.257544822132,B
10,SA919X7XB05691-A96204B-R57-C08,12196,185.243217714402,B
10,SA919X7XB05691-A96204B-R57-C09,12581,181.625593359955,B
10,SA919X7XB05691-A96204B-R57-C11,9383,183.804235813296,B
10,SA919X7XB05691-A96204B-R57-C13,14395,181.178780876506,B
10,SA919X7XB05691-A96204B-R57-C24,16657,179.344344267345,B
10,SA919X7XB05691-A96204B-R57-C26,10427,188.416590228521,A
10,SA919X7XB05691-A96204B-R57-C29,10261,182.023250260947,B
10,SA919X7XB05691-A96204B-R57-C31,12676,179.098682392823,B
10,SA919X7XB05691-A96204B-R57-C33,8275,185.674217817261,B
10,SA919X7XB05691-A96204B-R57-C41,10740,182.234973878897,B
10,SA919X7XB05691-A96204B-R57-C42,11896,183.060748878123,B
10,SA919X7XB05691-A96204B-R57-C43,12557,185.090514931068,B
10,SA919X7XB05691-A96204B-R57-C50,8015,182.874998681179,B
10,SA919X7XB05691-A96204B-R57-C55,11210,182.173299881034,B
10,SA919X7XB05691-A96204B-R57-C56,11604,191.305162801038,B
10,SA919X7XB05691-A96204B-R57-C59,10552,182.893145511096,B
10,SA919X7XB05691-A96204B-R57-C60,11906,186.301334630853,B
10,SA919X7XB05691-A96204B-R57-C63,10465,173.845470335089,B
10,SA919X7XB05691-A96204B-R57-C64,12310,185.16286056485,B
10,SA919X7XB05691-A96204B-R57-C69,10001,189.853648508911,B
10,SA919X7XB05691-A96204B-R58-C08,9665,187.562925593638,B
10,SA919X7XB05691-A96204B-R58-C10,6547,194.678350173229,B
10,SA919X7XB05691-A96204B-R58-C11,7776,187.237622272671,B
10,SA919X7XB05691-A96204B-R58-C16,9700,188.734200940763,B
10,SA919X7XB05691-A96204B-R58-C17,8507,176.789158361879,B
10,SA919X7XB05691-A96204B-R58-C19,7351,189.12355184173,B
10,SA919X7XB05691-A96204B-R58-C25,9857,183.870877322785,B
10,SA919X7XB05691-A96204B-R58-C26,7593,201.602172449113,B
10,SA919X7XB05691-A96204B-R58-C27,5916,180.964794668742,B
10,SA919X7XB05691-A96204B-R58-C28,9438,184.089584501104,B
10,SA919X7XB05691-A96204B-R58-C30,7682,181.422742201571,B
10,SA919X7XB05691-A96204B-R58-C40,7716,184.131620948608,B
10,SA919X7XB05691-A96204B-R58-C46,10160,185.842834736816,B
10,SA919X7XB05691-A96204B-R58-C49,7179,191.681302679333,B
10,SA919X7XB05691-A96204B-R58-C54,8450,180.354899595369,B
10,SA919X7XB05691-A96204B-R58-C58,7274,190.782181396289,B
10,SA919X7XB05691-A96204B-R58-C63,7081,181.855435658308,B
10,SA919X7XB05691-A96204B-R58-C64,7890,175.005404781258,B
10,SA919X7XB05691-A96204B-R59-C13,10074,184.53392823526,B
10,SA919X7XB05691-A96204B-R59-C14,9330,181.491405794112,B
10,SA919X7XB05691-A96204B-R59-C19,8025,188.565873845634,B
10,SA919X7XB05691-A96204B-R59-C22,7632,184.211155891797,B
10,SA919X7XB05691-A96204B-R59-C26,7964,182.986217904671,B
10,SA919X7XB05691-A96204B-R59-C31,9880,192.426624799674,B
10,SA919X7XB05691-A96204B-R59-C39,9753,179.958226122797,B
10,SA919X7XB05691-A96204B-R59-C40,8768,182.938924700566,B
10,SA919X7XB05691-A96204B-R59-C46,8971,173.146753008318,B
10,SA919X7XB05691-A96204B-R59-C47,8598,179.494135642914,B
10,SA919X7XB05691-A96204B-R59-C50,7650,185.98732656892,B
10,SA919X7XB05691-A96204B-R59-C57,10015,190.330762792222,B
10,SA919X7XB05691-A96204B-R59-C58,7427,177.078423471319,B
10,SA919X7XB05691-A96204B-R59-C59,7951,182.916508707585,B
10,SA919X7XB05691-A96204B-R59-C69,11951,191.750890957255,B
10,SA919X7XB05691-A96204B-R60-C09,10755,190.169655287619,B
10,SA919X7XB05691-A96204B-R60-C11,7529,179.4912382134,B
10,SA919X7XB05691-A96204B-R60-C15,10040,188.828811517245,B
10,SA919X7XB05691-A96204B-R60-C23,9616,186.122974349748,B
10,SA919X7XB05691-A96204B-R60-C25,10843,190.603766754008,A
10,SA919X7XB05691-A96204B-R60-C26,8023,182.272913113486,B
10,SA919X7XB05691-A96204B-R60-C27,8615,189.34530250135,B
10,SA919X7XB05691-A96204B-R60-C30,8156,183.288852270913,B
10,SA919X7XB05691-A96204B-R60-C32,9111,179.486361433831,B
10,SA919X7XB05691-A96204B-R60-C38,7734,186.214794118821,B
10,SA919X7XB05691-A96204B-R60-C42,10161,181.639896011741,B
10,SA919X7XB05691-A96204B-R60-C46,10696,184.511355125449,B
10,SA919X7XB05691-A96204B-R60-C63,7765,185.159786560056,B
5,SA919X4XB40509-A98217A-R03-C08,11406,208.079710225085,A
5,SA919X4XB40509-A98217A-R03-C09,8800,210.067952210337,A
5,SA919X4XB40509-A98217A-R03-C11,9452,220.391781429637,A
5,SA919X4XB40509-A98217A-R03-C13,11713,191.856745822749,A
5,SA919X4XB40509-A98217A-R03-C17,9400,213.784262684307,A
5,SA919X4XB40509-A98217A-R03-C19,9822,214.955646881654,A
5,SA919X4XB40509-A98217A-R03-C22,7044,208.768065342422,A
5,SA919X4XB40509-A98217A-R03-C23,11464,217.58201416877,A
5,SA919X4XB40509-A98217A-R03-C24,9908,214.364476509713,A
5,SA919X4XB40509-A98217A-R03-C30,11990,213.74797173139,A
5,SA919X4XB40509-A98217A-R03-C34,6549,216.59745801517,A
5,SA919X4XB40509-A98217A-R03-C35,10079,214.695009095629,A
5,SA919X4XB40509-A98217A-R03-C41,8415,208.963448292169,A
5,SA919X4XB40509-A98217A-R03-C43,11899,205.570652654345,A
5,SA919X4XB40509-A98217A-R03-C54,9439,201.376132017721,A
5,SA919X4XB40509-A98217A-R03-C55,8396,205.32216364841,A
5,SA919X4XB40509-A98217A-R03-C56,11135,208.648776307802,A
5,SA919X4XB40509-A98217A-R03-C63,10912,211.799603191471,A
5,SA919X4XB40509-A98217A-R03-C66,11069,208.140098047102,A
5,SA919X4XB40509-A98217A-R03-C67,9924,212.7795341691,A
5,SA919X4XB40509-A98217A-R04-C11,9306,211.51638415143,A
5,SA919X4XB40509-A98217A-R04-C12,9173,211.714539142793,A
5,SA919X4XB40509-A98217A-R04-C13,11101,211.398617121139,A
5,SA919X4XB40509-A98217A-R04-C14,10408,214.414871613833,A
5,SA919X4XB40509-A98217A-R04-C16,10731,210.890076313697,A
5,SA919X4XB40509-A98217A-R04-C17,11102,213.248133499528,A
5,SA919X4XB40509-A98217A-R04-C18,8648,214.209578955765,A
5,SA919X4XB40509-A98217A-R04-C19,9199,213.107909762275,A
5,SA919X4XB40509-A98217A-R04-C23,9515,212.841094475741,A
5,SA919X4XB40509-A98217A-R04-C26,10064,214.681135118125,A
5,SA919X4XB40509-A98217A-R04-C28,9523,205.795374279385,A
5,SA919X4XB40509-A98217A-R04-C29,8061,218.306283248804,A
5,SA919X4XB40509-A98217A-R04-C30,9515,213.958770304214,A
5,SA919X4XB40509-A98217A-R04-C31,10498,211.367359969349,A
5,SA919X4XB40509-A98217A-R04-C33,7310,219.88767820533,A
5,SA919X4XB40509-A98217A-R04-C34,7720,217.697534830877,A
5,SA919X4XB40509-A98217A-R04-C35,10882,220.077576169318,A
5,SA919X4XB40509-A98217A-R04-C37,9314,210.1100616482,A
5,SA919X4XB40509-A98217A-R04-C38,9796,210.941920646837,A
5,SA919X4XB40509-A98217A-R04-C40,9618,210.888148176518,A
5,SA919X4XB40509-A98217A-R04-C42,10545,212.892004067638,A
5,SA919X4XB40509-A98217A-R04-C43,10922,215.045117084754,A
5,SA919X4XB40509-A98217A-R04-C47,14193,207.557883027556,A
5,SA919X4XB40509-A98217A-R04-C48,10096,207.131858788699,A
5,SA919X4XB40509-A98217A-R04-C52,9773,212.589891729945,A
5,SA919X4XB40509-A98217A-R04-C54,9195,205.379234091708,A
5,SA919X4XB40509-A98217A-R04-C55,7358,203.808461329675,A
5,SA919X4XB40509-A98217A-R04-C56,10839,216.855382934202,A
5,SA919X4XB40509-A98217A-R04-C57,10331,210.538234574781,A
5,SA919X4XB40509-A98217A-R04-C58,9531,214.357509081462,A
5,SA919X4XB40509-A98217A-R04-C59,9703,209.381528581636,A
5,SA919X4XB40509-A98217A-R04-C61,9611,211.677208400131,A
5,SA919X4XB40509-A98217A-R04-C64,11344,215.579849891726,A
5,SA919X4XB40509-A98217A-R04-C66,10168,211.939225656963,A
5,SA919X4XB40509-A98217A-R04-C68,7600,211.882172371002,A
5,SA919X4XB40509-A98217A-R05-C07,12072,208.520556381149,A
5,SA919X4XB40509-A98217A-R05-C09,10881,214.65526095605,A
5,SA919X4XB40509-A98217A-R05-C12,9068,209.315991340302,A
5,SA919X4XB40509-A98217A-R05-C13,11389,209.652882658922,A
5,SA919X4XB40509-A98217A-R05-C15,10920,216.989525984837,A
5,SA919X4XB40509-A98217A-R05-C16,11348,211.018963760512,A
5,SA919X4XB40509-A98217A-R05-C17,11688,212.289640779412,A
5,SA919X4XB40509-A98217A-R05-C18,9601,217.073012602315,A
5,SA919X4XB40509-A98217A-R05-C21,8005,222.966175523759,A
5,SA919X4XB40509-A98217A-R05-C23,10731,214.375851210651,A
5,SA919X4XB40509-A98217A-R05-C24,12280,208.434395495801,A
5,SA919X4XB40509-A98217A-R05-C26,10459,207.158343480215,A
5,SA919X4XB40509-A98217A-R05-C31,11320,209.918178334046,A
5,SA919X4XB40509-A98217A-R05-C32,11084,212.130211938628,A
5,SA919X4XB40509-A98217A-R05-C33,7782,208.792321387368,A
5,SA919X4XB40509-A98217A-R05-C35,11957,211.502126426512,A
5,SA919X4XB40509-A98217A-R05-C38,10887,213.355760790332,A
5,SA919X4XB40509-A98217A-R05-C40,11008,218.77107505087,A
5,SA919X4XB40509-A98217A-R05-C41,10643,215.847022960037,A
5,SA919X4XB40509-A98217A-R05-C44,10295,210.502553552581,A
5,SA919X4XB40509-A98217A-R05-C46,10438,208.461304717486,A
5,SA919X4XB40509-A98217A-R05-C48,9975,212.850199387972,A
5,SA919X4XB40509-A98217A-R05-C50,9991,212.701564664019,A
5,SA919X4XB40509-A98217A-R05-C51,10321,209.462273121671,A
5,SA919X4XB40509-A98217A-R05-C54,9975,211.545802909671,A
5,SA919X4XB40509-A98217A-R05-C55,11041,212.524809871374,A
5,SA919X4XB40509-A98217A-R05-C58,9868,211.910161598999,A
5,SA919X4XB40509-A98217A-R05-C59,10385,215.689228554179,A
5,SA919X4XB40509-A98217A-R05-C60,9702,216.480919611898,A
5,SA919X4XB40509-A98217A-R05-C61,10771,206.293521879072,A
5,SA919X4XB40509-A98217A-R05-C62,10192,221.031992783067,A
5,SA919X4XB40509-A98217A-R05-C63,11206,205.649701074891,A
5,SA919X4XB40509-A98217A-R05-C64,10790,204.772501926984,A
5,SA919X4XB40509-A98217A-R05-C66,10847,212.601001381735,A
5,SA919X4XB40509-A98217A-R05-C67,9974,210.549095837622,A
5,SA919X4XB40509-A98217A-R05-C69,8983,220.208936382895,A
5,SA919X4XB40509-A98217A-R06-C08,15558,212.823259410014,A
5,SA919X4XB40509-A98217A-R06-C09,11683,214.136102379252,A
5,SA919X4XB40509-A98217A-R06-C11,10426,221.135321443397,A
5,SA919X4XB40509-A98217A-R06-C12,9750,212.803800749643,A
5,SA919X4XB40509-A98217A-R06-C14,10759,205.92678837798,A
5,SA919X4XB40509-A98217A-R06-C15,10536,208.484232840587,A
5,SA919X4XB40509-A98217A-R06-C17,11913,213.100762657265,A
5,SA919X4XB40509-A98217A-R06-C18,9991,212.506134068834,A
5,SA919X4XB40509-A98217A-R06-C19,10105,208.376289765395,A
5,SA919X4XB40509-A98217A-R06-C22,10131,214.15163768235,A
5,SA919X4XB40509-A98217A-R06-C23,9872,210.011072777982,A
5,SA919X4XB40509-A98217A-R06-C24,12918,212.100517861463,A
5,SA919X4XB40509-A98217A-R06-C26,11236,213.019477497627,A
5,SA919X4XB40509-A98217A-R06-C27,8051,215.518774006732,A
5,SA919X4XB40509-A98217A-R06-C28,10396,207.875832983119,A
5,SA919X4XB40509-A98217A-R06-C30,11240,217.478261905453,A
5,SA919X4XB40509-A98217A-R06-C32,11325,207.182346734828,A
5,SA919X4XB40509-A98217A-R06-C33,7898,211.278283134514,A
5,SA919X4XB40509-A98217A-R06-C37,12932,206.018572683297,A
5,SA919X4XB40509-A98217A-R06-C41,11292,206.985926556706,A
5,SA919X4XB40509-A98217A-R06-C42,11855,208.997796903043,A
5,SA919X4XB40509-A98217A-R06-C46,8367,213.892580838633,A
5,SA919X4XB40509-A98217A-R06-C47,10749,208.340484063424,A
5,SA919X4XB40509-A98217A-R06-C48,11187,216.759266735371,A
5,SA919X4XB40509-A98217A-R06-C49,9724,210.431954832876,A
5,SA919X4XB40509-A98217A-R06-C50,9769,214.391323594294,A
5,SA919X4XB40509-A98217A-R06-C51,12335,209.445034542681,A
5,SA919X4XB40509-A98217A-R06-C54,10352,216.859893026158,A
5,SA919X4XB40509-A98217A-R06-C55,9925,217.825321107897,A
5,SA919X4XB40509-A98217A-R06-C56,11533,209.737446291709,A
5,SA919X4XB40509-A98217A-R06-C58,9625,203.691917281875,A
5,SA919X4XB40509-A98217A-R06-C59,10029,213.345829125158,A
5,SA919X4XB40509-A98217A-R06-C60,10027,211.310791295806,A
5,SA919X4XB40509-A98217A-R06-C61,11576,214.923137314783,A
5,SA919X4XB40509-A98217A-R06-C63,10724,207.134385230158,A
5,SA919X4XB40509-A98217A-R06-C64,11262,206.154870059131,A
5,SA919X4XB40509-A98217A-R06-C68,7086,205.529312990135,A
5,SA919X4XB40509-A98217A-R06-C69,9669,211.856977045505,A
5,SA919X4XB40509-A98217A-R06-C70,9281,221.810698936838,A
5,SA919X4XB40509-A98217A-R07-C07,12541,215.773879704551,A
5,SA919X4XB40509-A98217A-R07-C08,14400,201.588039343295,A
5,SA919X4XB40509-A98217A-R07-C11,12224,209.390367294271,A
5,SA919X4XB40509-A98217A-R07-C12,9997,226.909889881285,A
5,SA919X4XB40509-A98217A-R07-C14,10539,209.969374084517,A
5,SA919X4XB40509-A98217A-R07-C15,10492,215.740985949513,A
5,SA919X4XB40509-A98217A-R07-C16,11583,209.361484998769,A
5,SA919X4XB40509-A98217A-R07-C18,10043,213.517660400189,A
5,SA919X4XB40509-A98217A-R07-C19,10148,214.496134937622,A
5,SA919X4XB40509-A98217A-R07-C24,17485,213.005690666515,A
5,SA919X4XB40509-A98217A-R07-C25,11526,217.257553413827,A
5,SA919X4XB40509-A98217A-R07-C26,10301,203.984310294379,A
5,SA919X4XB40509-A98217A-R07-C27,8358,198.933336811521,A
5,SA919X4XB40509-A98217A-R07-C34,7970,213.359931397893,A
5,SA919X4XB40509-A98217A-R07-C37,9985,209.594906311594,A
5,SA919X4XB40509-A98217A-R07-C39,11911,216.289572014821,A
5,SA919X4XB40509-A98217A-R07-C44,8455,200.984881512313,A
5,SA919X4XB40509-A98217A-R07-C46,11205,221.870711987544,A
5,SA919X4XB40509-A98217A-R07-C48,10375,213.601729211382,A
5,SA919X4XB40509-A98217A-R07-C49,9657,211.501005190962,A
5,SA919X4XB40509-A98217A-R07-C51,10085,210.111005216944,A
5,SA919X4XB40509-A98217A-R07-C52,9217,206.482700850389,A
5,SA919X4XB40509-A98217A-R07-C54,10406,209.497383352184,A
5,SA919X4XB40509-A98217A-R07-C57,11924,215.439973473767,A
5,SA919X4XB40509-A98217A-R07-C58,9642,213.019511587413,A
5,SA919X4XB40509-A98217A-R07-C59,10212,218.893884913643,A
5,SA919X4XB40509-A98217A-R07-C62,8350,206.666196116736,A
5,SA919X4XB40509-A98217A-R07-C66,11093,206.853367263033,A
5,SA919X4XB40509-A98217A-R07-C68,11162,218.936393618494,A
5,SA919X4XB40509-A98217A-R08-C08,11297,208.244716455609,A
5,SA919X4XB40509-A98217A-R08-C09,11282,203.664503730419,A
5,SA919X4XB40509-A98217A-R08-C10,10635,212.969618782268,A
5,SA919X4XB40509-A98217A-R08-C11,10813,209.538289585799,A
5,SA919X4XB40509-A98217A-R08-C12,10520,215.910467468362,A
5,SA919X4XB40509-A98217A-R08-C14,11474,212.806023015308,A
5,SA919X4XB40509-A98217A-R08-C15,11183,210.581851441455,A
5,SA919X4XB40509-A98217A-R08-C16,13178,217.028699174653,A
5,SA919X4XB40509-A98217A-R08-C17,13043,215.323397149636,A
5,SA919X4XB40509-A98217A-R08-C18,10604,216.573169605554,A
5,SA919X4XB40509-A98217A-R08-C21,10534,212.820815284307,A
5,SA919X4XB40509-A98217A-R08-C22,10627,212.766414961792,A
5,SA919X4XB40509-A98217A-R08-C23,11558,208.323123634303,A
5,SA919X4XB40509-A98217A-R08-C24,13773,206.187206832863,A
5,SA919X4XB40509-A98217A-R08-C28,10920,213.515189745381,A
5,SA919X4XB40509-A98217A-R08-C30,11629,210.630285191629,A
5,SA919X4XB40509-A98217A-R08-C31,13297,213.262817712408,A
5,SA919X4XB40509-A98217A-R08-C32,13030,214.441865143161,A
5,SA919X4XB40509-A98217A-R08-C34,11389,221.244004211475,A
5,SA919X4XB40509-A98217A-R08-C35,12864,211.788627403949,A
5,SA919X4XB40509-A98217A-R08-C36,6639,213.912279802949,A
5,SA919X4XB40509-A98217A-R08-C37,14873,216.091745246881,A
5,SA919X4XB40509-A98217A-R08-C38,13511,211.232583155917,A
5,SA919X4XB40509-A98217A-R08-C39,11662,208.823682771426,A
5,SA919X4XB40509-A98217A-R08-C41,15503,203.337490251401,A
5,SA919X4XB40509-A98217A-R08-C45,8284,215.032067758416,A
5,SA919X4XB40509-A98217A-R08-C46,11624,215.871675029906,A
5,SA919X4XB40509-A98217A-R08-C47,12187,214.968963127383,A
5,SA919X4XB40509-A98217A-R08-C51,10943,206.74895473627,A
5,SA919X4XB40509-A98217A-R08-C54,11007,215.815480948073,A
5,SA919X4XB40509-A98217A-R08-C55,12257,210.221470136096,A
5,SA919X4XB40509-A98217A-R08-C57,12713,218.655688839149,A
5,SA919X4XB40509-A98217A-R08-C59,9335,216.810134713488,A
5,SA919X4XB40509-A98217A-R08-C60,10384,208.409693436344,A
5,SA919X4XB40509-A98217A-R08-C61,12011,209.947385431018,A
5,SA919X4XB40509-A98217A-R08-C64,13372,212.381644366357,A
5,SA919X4XB40509-A98217A-R08-C65,9557,213.24828096167,A
5,SA919X4XB40509-A98217A-R08-C67,9485,213.461023721767,A
5,SA919X4XB40509-A98217A-R08-C69,10773,209.814153708454,A
5,SA919X4XB40509-A98217A-R08-C70,10242,211.388408357676,A
5,SA919X4XB40509-A98217A-R09-C07,11221,212.836089627044,A
5,SA919X4XB40509-A98217A-R09-C08,9794,203.822955738402,A
5,SA919X4XB40509-A98217A-R09-C10,9132,215.044523767217,A
5,SA919X4XB40509-A98217A-R09-C14,10148,211.91424939693,A
5,SA919X4XB40509-A98217A-R09-C15,3726,76.1870463037543,A
5,SA919X4XB40509-A98217A-R09-C16,10876,214.459592448472,A
5,SA919X4XB40509-A98217A-R09-C18,9147,216.641270794514,A
5,SA919X4XB40509-A98217A-R09-C19,8580,211.657778621924,A
5,SA919X4XB40509-A98217A-R09-C25,9612,214.76801767468,A
5,SA919X4XB40509-A98217A-R09-C29,7473,207.91451298809,A
5,SA919X4XB40509-A98217A-R09-C31,10692,208.740534810602,A
5,SA919X4XB40509-A98217A-R09-C32,9947,210.112125405019,A
5,SA919X4XB40509-A98217A-R09-C34,7356,209.787550051868,A
5,SA919X4XB40509-A98217A-R09-C37,8562,216.497216616514,A
5,SA919X4XB40509-A98217A-R09-C39,10276,217.693934524371,A
5,SA919X4XB40509-A98217A-R09-C40,9471,212.935105169272,A
5,SA919X4XB40509-A98217A-R09-C41,9867,210.875804806728,A
5,SA919X4XB40509-A98217A-R09-C42,10225,209.176785986992,A
5,SA919X4XB40509-A98217A-R09-C47,10241,216.485731502743,A
5,SA919X4XB40509-A98217A-R09-C48,9167,218.640205713995,A
5,SA919X4XB40509-A98217A-R09-C51,9045,209.212032980216,A
5,SA919X4XB40509-A98217A-R09-C52,8424,206.757290253107,A
5,SA919X4XB40509-A98217A-R09-C54,9849,211.449097542022,A
5,SA919X4XB40509-A98217A-R09-C55,10607,213.207582957429,A
5,SA919X4XB40509-A98217A-R09-C56,11252,214.291340297144,A
5,SA919X4XB40509-A98217A-R09-C59,9010,211.217227173491,A
5,SA919X4XB40509-A98217A-R09-C63,10153,212.853386909623,A
5,SA919X4XB40509-A98217A-R09-C65,7212,186.890099267769,A
5,SA919X4XB40509-A98217A-R09-C67,7268,213.115982152911,A
5,SA919X4XB40509-A98217A-R10-C07,11542,213.920405933995,A
5,SA919X4XB40509-A98217A-R10-C10,9507,211.521079054645,A
5,SA919X4XB40509-A98217A-R10-C15,10043,212.906032708679,A
5,SA919X4XB40509-A98217A-R10-C16,10801,211.853036159619,A
5,SA919X4XB40509-A98217A-R10-C17,10841,211.834517386911,A
5,SA919X4XB40509-A98217A-R10-C18,9456,218.528219159398,A
5,SA919X4XB40509-A98217A-R10-C19,9422,214.159850314391,A
5,SA919X4XB40509-A98217A-R10-C25,10620,212.137359023842,A
5,SA919X4XB40509-A98217A-R10-C26,10503,208.691598054187,A
5,SA919X4XB40509-A98217A-R10-C27,9237,211.063533526725,A
5,SA919X4XB40509-A98217A-R10-C32,10645,216.988429800477,A
5,SA919X4XB40509-A98217A-R10-C33,7074,208.179762695338,A
5,SA919X4XB40509-A98217A-R10-C34,7743,215.871895919225,A
5,SA919X4XB40509-A98217A-R10-C35,11210,215.944204630165,A
5,SA919X4XB40509-A98217A-R10-C37,9106,210.839569303393,A
5,SA919X4XB40509-A98217A-R10-C38,9480,217.424004609795,A
5,SA919X4XB40509-A98217A-R10-C40,10211,217.819867411139,A
5,SA919X4XB40509-A98217A-R10-C42,11179,214.552083853488,A
5,SA919X4XB40509-A98217A-R10-C43,10115,209.311385867777,A
5,SA919X4XB40509-A98217A-R10-C44,8275,214.976209674733,A
5,SA919X4XB40509-A98217A-R10-C48,13206,213.367046074329,A
5,SA919X4XB40509-A98217A-R10-C49,9457,213.210950550496,A
5,SA919X4XB40509-A98217A-R10-C50,8320,198.665143972778,A
5,SA919X4XB40509-A98217A-R10-C51,9751,208.53043754377,A
5,SA919X4XB40509-A98217A-R10-C55,9698,206.04971679415,A
5,SA919X4XB40509-A98217A-R10-C56,10837,211.91829163125,A
5,SA919X4XB40509-A98217A-R10-C57,10928,210.625015786204,A
5,SA919X4XB40509-A98217A-R10-C59,9633,210.459611559622,A
5,SA919X4XB40509-A98217A-R10-C60,9568,214.165066131044,A
5,SA919X4XB40509-A98217A-R10-C61,10609,215.763960813589,A
5,SA919X4XB40509-A98217A-R10-C65,7779,203.922121581349,A
5,SA919X4XB40509-A98217A-R10-C70,8809,211.462000590938,A
5,SA919X4XB40509-A98217A-R11-C09,9902,204.1542348943,A
5,SA919X4XB40509-A98217A-R11-C11,8845,206.273369418191,A
5,SA919X4XB40509-A98217A-R11-C12,7643,208.146726707945,A
5,SA919X4XB40509-A98217A-R11-C19,9300,213.128744871042,A
5,SA919X4XB40509-A98217A-R11-C25,9532,211.752278330074,A
5,SA919X4XB40509-A98217A-R11-C28,9320,205.928018400781,A
5,SA919X4XB40509-A98217A-R11-C29,8787,219.845732095554,A
5,SA919X4XB40509-A98217A-R11-C31,11141,207.273710521683,A
5,SA919X4XB40509-A98217A-R11-C48,9401,210.293414774469,A
5,SA919X4XB40509-A98217A-R11-C54,9258,212.970504537448,A
5,SA919X4XB40509-A98217A-R11-C58,9896,218.704534498693,A
5,SA919X4XB40509-A98217A-R11-C59,9250,204.43880944281,A
5,SA919X4XB40509-A98217A-R11-C63,10469,211.573859648413,A
5,SA919X4XB40509-A98217A-R11-C66,11519,223.008348294525,A
5,SA919X4XB40509-A98217A-R11-C67,10338,212.316441478832,A
5,SA919X4XB40509-A98217A-R12-C10,9730,206.04776268702,A
5,SA919X4XB40509-A98217A-R12-C21,9667,211.381658315359,A
5,SA919X4XB40509-A98217A-R12-C26,10756,208.580954660173,A
5,SA919X4XB40509-A98217A-R12-C28,10397,211.611859053823,A
5,SA919X4XB40509-A98217A-R12-C30,10896,221.294698079655,A
5,SA919X4XB40509-A98217A-R12-C31,11127,211.791834863941,A
5,SA919X4XB40509-A98217A-R12-C41,11127,212.815241415699,A
5,SA919X4XB40509-A98217A-R12-C43,12136,214.0737925631,A
5,SA919X4XB40509-A98217A-R12-C48,8370,215.565079714608,A
5,SA919X4XB40509-A98217A-R12-C59,10424,209.304356974146,A
5,SA919X4XB40509-A98217A-R12-C66,11807,209.961459824599,A
5,SA919X4XB40509-A98217A-R12-C69,7499,209.147682787673,A
5,SA919X4XB40509-A98217A-R13-C15,10580,213.399812492284,A
5,SA919X4XB40509-A98217A-R13-C44,10133,213.003875175607,A
5,SA919X4XB40509-A98217A-R13-C55,9911,209.82717108376,A
5,SA919X4XB40509-A98217A-R13-C59,10778,212.491442954079,A
5,SA919X4XB40509-A98217A-R13-C63,11361,211.58850066072,A
5,SA919X4XB40509-A98217A-R13-C65,9313,218.747540456421,A
5,SA919X4XB40509-A98217A-R14-C13,13107,211.774861643821,A
5,SA919X4XB40509-A98217A-R14-C17,11981,214.373847631346,A
5,SA919X4XB40509-A98217A-R14-C19,9984,206.477741094735,A
5,SA919X4XB40509-A98217A-R14-C20,10336,214.695013649171,A
5,SA919X4XB40509-A98217A-R14-C24,13204,212.924919557183,A
5,SA919X4XB40509-A98217A-R14-C25,11523,209.915682006326,A
5,SA919X4XB40509-A98217A-R14-C36,6776,211.535834095776,A
5,SA919X4XB40509-A98217A-R15-C10,8728,212.973479041028,A
5,SA919X4XB40509-A98217A-R15-C12,9872,209.85637894766,A
5,SA919X4XB40509-A98217A-R15-C13,12902,215.549680863491,A
5,SA919X4XB40509-A98217A-R15-C14,11581,211.303433499764,A
5,SA919X4XB40509-A98217A-R15-C17,11969,212.862409012894,A
5,SA919X4XB40509-A98217A-R15-C18,9103,207.40765939302,A
5,SA919X4XB40509-A98217A-R15-C19,10130,211.715014684948,A
5,SA919X4XB40509-A98217A-R15-C20,10360,210.430453789125,A
5,SA919X4XB40509-A98217A-R15-C22,7455,141.307899608974,A
5,SA919X4XB40509-A98217A-R15-C23,10717,216.884600796911,A
5,SA919X4XB40509-A98217A-R15-C24,13006,219.438081257654,A
5,SA919X4XB40509-A98217A-R15-C25,10671,205.982676158213,A
5,SA919X4XB40509-A98217A-R15-C26,10367,210.521674990984,A
5,SA919X4XB40509-A98217A-R15-C28,10374,218.570551431423,A
5,SA919X4XB40509-A98217A-R15-C32,11389,209.87995276603,A
5,SA919X4XB40509-A98217A-R15-C35,12117,220.231853425168,A
5,SA919X4XB40509-A98217A-R15-C37,9539,210.716912006296,A
5,SA919X4XB40509-A98217A-R15-C38,9828,208.881583902071,A
5,SA919X4XB40509-A98217A-R15-C39,10973,204.658095486821,A
5,SA919X4XB40509-A98217A-R15-C40,10703,216.461362956359,A
5,SA919X4XB40509-A98217A-R15-C42,11755,210.115949097505,A
5,SA919X4XB40509-A98217A-R15-C43,11846,209.77739465488,A
5,SA919X4XB40509-A98217A-R15-C46,10497,212.478003297808,A
5,SA919X4XB40509-A98217A-R15-C49,9797,217.470172895192,A
5,SA919X4XB40509-A98217A-R15-C50,9669,215.323894858128,A
5,SA919X4XB40509-A98217A-R15-C52,9467,225.460309820908,A
5,SA919X4XB40509-A98217A-R15-C58,10149,207.709224202111,A
5,SA919X4XB40509-A98217A-R15-C62,10657,218.445616998438,A
5,SA919X4XB40509-A98217A-R15-C65,8674,207.819213745474,A
5,SA919X4XB40509-A98217A-R15-C66,10823,203.461593457973,A
5,SA919X4XB40509-A98217A-R15-C67,9496,213.27999150984,A
5,SA919X4XB40509-A98217A-R15-C68,11387,217.106869241251,A
5,SA919X4XB40509-A98217A-R15-C70,9675,216.565509026689,A
5,SA919X4XB40509-A98217A-R16-C07,10410,216.192111728284,A
5,SA919X4XB40509-A98217A-R16-C08,9776,207.33599726678,A
5,SA919X4XB40509-A98217A-R16-C09,9687,214.882955438302,A
5,SA919X4XB40509-A98217A-R16-C10,8200,208.30131141096,A
5,SA919X4XB40509-A98217A-R16-C13,9918,209.312947908704,A
5,SA919X4XB40509-A98217A-R16-C19,7671,202.675295924077,A
5,SA919X4XB40509-A98217A-R16-C20,8885,211.383967177529,A
5,SA919X4XB40509-A98217A-R16-C24,11146,214.648763712027,A
5,SA919X4XB40509-A98217A-R16-C25,9433,208.892972066809,A
5,SA919X4XB40509-A98217A-R16-C26,9137,213.520376643426,A
5,SA919X4XB40509-A98217A-R16-C27,9865,212.818367932847,A
5,SA919X4XB40509-A98217A-R16-C28,7014,216.74693679392,A
5,SA919X4XB40509-A98217A-R16-C29,6477,215.813697461177,A
5,SA919X4XB40509-A98217A-R16-C33,6646,205.10489874081,A
5,SA919X4XB40509-A98217A-R16-C38,7513,203.663038249296,A
5,SA919X4XB40509-A98217A-R16-C39,9541,213.902474484264,A
5,SA919X4XB40509-A98217A-R16-C41,9410,211.404373202935,A
5,SA919X4XB40509-A98217A-R16-C44,8702,218.403039691944,A
5,SA919X4XB40509-A98217A-R16-C46,9950,214.501437749495,A
5,SA919X4XB40509-A98217A-R16-C47,9166,205.604636635171,A
5,SA919X4XB40509-A98217A-R16-C48,8465,212.29982146102,A
5,SA919X4XB40509-A98217A-R16-C49,8561,212.590335957503,A
5,SA919X4XB40509-A98217A-R16-C50,8192,220.099145553411,A
5,SA919X4XB40509-A98217A-R16-C51,8865,209.502770449153,A
5,SA919X4XB40509-A98217A-R16-C52,8510,211.459251212613,A
5,SA919X4XB40509-A98217A-R16-C54,8525,217.893446568761,A
5,SA919X4XB40509-A98217A-R16-C55,11642,212.691937689607,A
5,SA919X4XB40509-A98217A-R16-C56,9467,209.507219690459,A
5,SA919X4XB40509-A98217A-R16-C58,8588,213.462051840732,A
5,SA919X4XB40509-A98217A-R16-C63,10662,214.794847557286,A
5,SA919X4XB40509-A98217A-R16-C64,9315,211.484426604906,A
5,SA919X4XB40509-A98217A-R16-C66,9090,210.638663564019,A
5,SA919X4XB40509-A98217A-R16-C68,9383,210.551730771345,A
5,SA919X4XB40509-A98217A-R17-C12,8650,213.131694832273,A
5,SA919X4XB40509-A98217A-R17-C13,10813,213.124808276838,A
5,SA919X4XB40509-A98217A-R17-C15,9331,213.237281387502,A
5,SA919X4XB40509-A98217A-R17-C19,9009,214.816880164276,A
5,SA919X4XB40509-A98217A-R17-C20,8960,207.778165856065,A
5,SA919X4XB40509-A98217A-R17-C23,9748,212.75115708517,A
5,SA919X4XB40509-A98217A-R17-C25,10326,212.960555199574,A
5,SA919X4XB40509-A98217A-R17-C27,8852,219.154442355629,A
5,SA919X4XB40509-A98217A-R17-C29,8207,214.909514769172,A
5,SA919X4XB40509-A98217A-R17-C35,13005,215.159212997357,A
5,SA919X4XB40509-A98217A-R17-C38,8744,219.333920622347,A
5,SA919X4XB40509-A98217A-R17-C39,9926,218.169902962563,A
5,SA919X4XB40509-A98217A-R17-C40,9163,210.37910083403,A
5,SA919X4XB40509-A98217A-R17-C42,12738,204.829573925419,A
5,SA919X4XB40509-A98217A-R17-C46,9653,211.437713765573,A
5,SA919X4XB40509-A98217A-R17-C47,10026,218.267442517931,A
5,SA919X4XB40509-A98217A-R17-C48,9349,219.442819951319,A
5,SA919X4XB40509-A98217A-R17-C49,8951,208.744863277396,A
5,SA919X4XB40509-A98217A-R17-C51,10020,210.276035982024,A
5,SA919X4XB40509-A98217A-R17-C52,8660,215.581355268618,A
5,SA919X4XB40509-A98217A-R17-C55,9128,207.81755303562,A
5,SA919X4XB40509-A98217A-R17-C57,10270,220.164170678743,A
5,SA919X4XB40509-A98217A-R17-C60,8903,216.187336277877,A
5,SA919X4XB40509-A98217A-R17-C61,7535,208.252132767393,A
5,SA919X4XB40509-A98217A-R17-C63,10614,213.700834168387,A
5,SA919X4XB40509-A98217A-R17-C64,8406,212.495749521693,A
5,SA919X4XB40509-A98217A-R17-C67,9042,219.115019520914,A
5,SA919X4XB40509-A98217A-R17-C69,10020,221.362042858298,A
5,SA919X4XB40509-A98217A-R17-C70,8709,212.12741222354,A
5,SA919X4XB40509-A98217A-R18-C08,9529,201.365604735357,A
5,SA919X4XB40509-A98217A-R18-C09,9730,208.387580817147,A
5,SA919X4XB40509-A98217A-R18-C11,8740,202.803717099227,A
5,SA919X4XB40509-A98217A-R18-C13,11578,209.662741214183,A
5,SA919X4XB40509-A98217A-R18-C14,10373,224.40343795106,A
5,SA919X4XB40509-A98217A-R18-C15,8483,197.431206326615,A
5,SA919X4XB40509-A98217A-R18-C16,9571,203.141467785224,A
5,SA919X4XB40509-A98217A-R18-C18,8455,218.000815741363,A
5,SA919X4XB40509-A98217A-R18-C19,9006,212.745785678023,A
5,SA919X4XB40509-A98217A-R18-C20,9242,209.477121259646,A
5,SA919X4XB40509-A98217A-R18-C22,9321,215.743560847676,A
5,SA919X4XB40509-A98217A-R18-C24,11041,217.988309974977,A
5,SA919X4XB40509-A98217A-R18-C28,8788,211.57917220695,A
5,SA919X4XB40509-A98217A-R18-C29,8743,209.186443355697,A
5,SA919X4XB40509-A98217A-R18-C31,10787,219.11605827342,A
5,SA919X4XB40509-A98217A-R18-C32,9286,211.18938170842,A
5,SA919X4XB40509-A98217A-R18-C34,6694,205.951885323583,A
5,SA919X4XB40509-A98217A-R18-C35,10663,215.532537514281,A
5,SA919X4XB40509-A98217A-R18-C37,9035,218.669670787389,A
5,SA919X4XB40509-A98217A-R18-C40,9530,211.74675160411,A
5,SA919X4XB40509-A98217A-R18-C41,9620,208.380808768014,A
5,SA919X4XB40509-A98217A-R18-C44,9769,206.323711449359,A
5,SA919X4XB40509-A98217A-R18-C46,9515,201.033485436824,A
5,SA919X4XB40509-A98217A-R18-C48,9837,213.212669017112,A
5,SA919X4XB40509-A98217A-R18-C50,8369,212.914620424333,A
5,SA919X4XB40509-A98217A-R18-C51,9823,217.168993725847,A
5,SA919X4XB40509-A98217A-R18-C54,9250,212.737636144841,A
5,SA919X4XB40509-A98217A-R18-C58,9334,211.213281722568,A
5,SA919X4XB40509-A98217A-R18-C59,10105,214.862590014639,A
5,SA919X4XB40509-A98217A-R18-C61,10614,213.779289943641,A
5,SA919X4XB40509-A98217A-R18-C62,8019,204.830695258847,A
5,SA919X4XB40509-A98217A-R18-C64,10621,217.704660919176,A
5,SA919X4XB40509-A98217A-R18-C65,6968,381.163459833714,A
5,SA919X4XB40509-A98217A-R18-C66,10387,216.474118073891,A
5,SA919X4XB40509-A98217A-R18-C67,8523,212.288484667746,A
5,SA919X4XB40509-A98217A-R18-C68,8729,213.159653448357,A
5,SA919X4XB40509-A98217A-R18-C70,7176,214.809364820805,A
5,SA919X4XB40509-A98217A-R19-C07,7634,219.030358721886,A
5,SA919X4XB40509-A98217A-R19-C09,7033,225.047759196729,A
5,SA919X4XB40509-A98217A-R19-C18,6562,207.34204252639,A
5,SA919X4XB40509-A98217A-R19-C25,6287,211.56445185587,A
5,SA919X4XB40509-A98217A-R19-C28,6620,219.531771423676,A
5,SA919X4XB40509-A98217A-R19-C31,8029,217.936856823002,A
5,SA919X4XB40509-A98217A-R19-C41,6764,204.849889551223,A
5,SA919X4XB40509-A98217A-R19-C43,7478,217.105752741509,A
5,SA919X4XB40509-A98217A-R19-C57,7217,218.648267485238,A
5,SA919X4XB40509-A98217A-R19-C60,6625,216.00318414798,A
5,SA919X4XB40509-A98217A-R19-C61,7433,215.67303259077,A
5,SA919X4XB40509-A98217A-R19-C63,7998,225.407110984862,A
5,SA919X4XB40509-A98217A-R20-C10,10432,217.417056660379,A
5,SA919X4XB40509-A98217A-R20-C11,8696,216.146143207228,A
5,SA919X4XB40509-A98217A-R20-C13,10577,202.364973623225,A
5,SA919X4XB40509-A98217A-R20-C14,10419,219.927499994688,A
5,SA919X4XB40509-A98217A-R20-C15,9299,208.301090922332,A
5,SA919X4XB40509-A98217A-R20-C16,10315,221.629367036484,A
5,SA919X4XB40509-A98217A-R20-C17,10371,204.727553775541,A
5,SA919X4XB40509-A98217A-R20-C19,9019,211.205572845424,A
5,SA919X4XB40509-A98217A-R20-C20,9799,216.321215796584,A
5,SA919X4XB40509-A98217A-R20-C21,8987,215.050162118697,A
5,SA919X4XB40509-A98217A-R20-C22,9922,210.451520078185,A
5,SA919X4XB40509-A98217A-R20-C23,10144,220.244761801839,A
5,SA919X4XB40509-A98217A-R20-C24,11497,221.454495229339,A
5,SA919X4XB40509-A98217A-R20-C30,9159,208.774771250753,A
5,SA919X4XB40509-A98217A-R20-C32,9712,213.684622329988,A
5,SA919X4XB40509-A98217A-R20-C35,11754,214.470640620457,A
5,SA919X4XB40509-A98217A-R20-C37,9397,216.6555771675,A
5,SA919X4XB40509-A98217A-R20-C39,10324,206.459519154524,A
5,SA919X4XB40509-A98217A-R20-C40,9516,216.260082848442,A
5,SA919X4XB40509-A98217A-R20-C42,10396,210.01996761032,A
5,SA919X4XB40509-A98217A-R20-C43,11241,212.522449354999,A
5,SA919X4XB40509-A98217A-R20-C44,9292,208.337689406141,A
5,SA919X4XB40509-A98217A-R20-C45,7439,214.52905827368,A
5,SA919X4XB40509-A98217A-R20-C47,9716,204.660232429836,A
5,SA919X4XB40509-A98217A-R20-C48,9036,201.791531482391,A
5,SA919X4XB40509-A98217A-R20-C49,9073,206.314685624984,A
5,SA919X4XB40509-A98217A-R20-C52,7721,212.708472438085,A
5,SA919X4XB40509-A98217A-R20-C54,10036,209.261043942164,A
5,SA919X4XB40509-A98217A-R20-C55,11259,213.672407688394,A
5,SA919X4XB40509-A98217A-R20-C56,10594,221.342816043975,A
5,SA919X4XB40509-A98217A-R20-C57,10968,215.502103343414,A
5,SA919X4XB40509-A98217A-R20-C59,9860,220.689742401266,A
5,SA919X4XB40509-A98217A-R20-C61,10222,205.022482019151,A
5,SA919X4XB40509-A98217A-R20-C62,8859,209.845026486086,A
5,SA919X4XB40509-A98217A-R20-C63,10954,209.154716825541,A
5,SA919X4XB40509-A98217A-R20-C64,9539,207.748285595126,A
5,SA919X4XB40509-A98217A-R20-C68,8753,202.961722637858,A
5,SA919X4XB40509-A98217A-R21-C07,9155,208.452951893923,A
5,SA919X4XB40509-A98217A-R21-C08,8631,202.785722842371,A
5,SA919X4XB40509-A98217A-R21-C12,7496,200.880761110013,A
5,SA919X4XB40509-A98217A-R21-C13,10270,219.475610085935,A
5,SA919X4XB40509-A98217A-R21-C16,10324,214.662290915048,A
5,SA919X4XB40509-A98217A-R21-C17,9611,218.143981821435,A
5,SA919X4XB40509-A98217A-R21-C18,7145,212.491535312067,A
5,SA919X4XB40509-A98217A-R21-C21,8070,212.518919396679,A
5,SA919X4XB40509-A98217A-R21-C26,8281,211.306385746251,A
5,SA919X4XB40509-A98217A-R21-C32,8547,205.638461703464,A
5,SA919X4XB40509-A98217A-R21-C35,8473,204.319650378678,A
5,SA919X4XB40509-A98217A-R21-C37,8337,215.558532687732,A
5,SA919X4XB40509-A98217A-R21-C38,7811,221.091863694374,A
5,SA919X4XB40509-A98217A-R21-C39,8455,207.615910803126,A
5,SA919X4XB40509-A98217A-R21-C40,8780,207.643816349621,A
5,SA919X4XB40509-A98217A-R21-C43,9661,219.981785264689,A
5,SA919X4XB40509-A98217A-R21-C44,8854,215.148163137967,A
5,SA919X4XB40509-A98217A-R21-C56,8465,199.769422497109,A
5,SA919X4XB40509-A98217A-R21-C57,9683,212.796800696805,A
5,SA919X4XB40509-A98217A-R21-C59,8932,216.94084441037,A
5,SA919X4XB40509-A98217A-R21-C61,9290,218.969243888846,A
5,SA919X4XB40509-A98217A-R21-C64,8919,214.017814288853,A
5,SA919X4XB40509-A98217A-R21-C67,7651,210.822436857706,A
5,SA919X4XB40509-A98217A-R21-C68,6511,211.076411848295,A
5,SA919X4XB40509-A98217A-R21-C70,7599,208.472970356903,A
5,SA919X4XB40509-A98217A-R22-C11,7881,221.423393279712,A
5,SA919X4XB40509-A98217A-R22-C12,6935,215.772082295483,A
5,SA919X4XB40509-A98217A-R22-C14,8235,209.630278134044,A
5,SA919X4XB40509-A98217A-R22-C16,9229,218.217201897437,A
5,SA919X4XB40509-A98217A-R22-C17,9198,215.614179927531,A
5,SA919X4XB40509-A98217A-R22-C19,6927,197.525092768857,A
5,SA919X4XB40509-A98217A-R22-C24,9319,211.052904121841,A
5,SA919X4XB40509-A98217A-R22-C31,9146,211.019904562046,A
5,SA919X4XB40509-A98217A-R22-C35,8817,210.028121202934,A
5,SA919X4XB40509-A98217A-R22-C37,7406,219.535614315895,A
5,SA919X4XB40509-A98217A-R22-C40,6984,211.634597341725,A
5,SA919X4XB40509-A98217A-R22-C41,8372,208.43248467159,A
5,SA919X4XB40509-A98217A-R22-C43,9496,216.883516632763,A
5,SA919X4XB40509-A98217A-R22-C44,7918,216.192521673041,A
5,SA919X4XB40509-A98217A-R22-C48,7837,210.911605473255,A
5,SA919X4XB40509-A98217A-R22-C49,8524,213.234901983606,A
5,SA919X4XB40509-A98217A-R22-C51,7432,207.080102017616,A
5,SA919X4XB40509-A98217A-R22-C52,7487,218.192560674137,A
5,SA919X4XB40509-A98217A-R22-C55,8222,212.743057701419,A
5,SA919X4XB40509-A98217A-R22-C57,8598,211.361108315142,A
5,SA919X4XB40509-A98217A-R22-C59,7837,208.421338241393,A
5,SA919X4XB40509-A98217A-R22-C67,7385,213.121162004765,A
5,SA919X4XB40509-A98217A-R22-C69,6382,200.647927003419,A
5,SA919X4XB40509-A98217A-R22-C70,7679,212.977086146185,A
5,SA919X4XB40509-A98217A-R23-C09,9696,216.045528062877,A
5,SA919X4XB40509-A98217A-R23-C13,10565,213.737467081954,A
5,SA919X4XB40509-A98217A-R23-C14,8931,201.816229087202,A
5,SA919X4XB40509-A98217A-R23-C15,10067,218.373407300052,A
5,SA919X4XB40509-A98217A-R23-C16,12347,224.574614818706,A
5,SA919X4XB40509-A98217A-R23-C18,7945,207.082500189052,A
5,SA919X4XB40509-A98217A-R23-C19,7867,200.759276706498,A
5,SA919X4XB40509-A98217A-R23-C20,8814,216.996807295901,A
5,SA919X4XB40509-A98217A-R23-C22,8603,209.893783350321,A
5,SA919X4XB40509-A98217A-R23-C23,9936,218.112386900905,A
5,SA919X4XB40509-A98217A-R23-C29,8701,215.588832572912,A
5,SA919X4XB40509-A98217A-R23-C32,9324,220.348587547475,A
5,SA919X4XB40509-A98217A-R23-C41,9145,201.584668397715,A
5,SA919X4XB40509-A98217A-R23-C42,10724,210.622884477231,A
5,SA919X4XB40509-A98217A-R23-C43,11993,211.975037857037,A
5,SA919X4XB40509-A98217A-R23-C46,10692,216.346284880785,A
5,SA919X4XB40509-A98217A-R23-C47,9660,207.571151296987,A
5,SA919X4XB40509-A98217A-R23-C48,9849,215.483194924947,A
5,SA919X4XB40509-A98217A-R23-C49,8743,207.974285253535,A
5,SA919X4XB40509-A98217A-R23-C51,9722,217.600707424564,A
5,SA919X4XB40509-A98217A-R23-C54,9089,208.349637785233,A
5,SA919X4XB40509-A98217A-R23-C56,10027,209.526779234548,A
5,SA919X4XB40509-A98217A-R23-C59,9411,207.682592890288,A
5,SA919X4XB40509-A98217A-R23-C61,10152,220.119927371934,A
5,SA919X4XB40509-A98217A-R23-C63,10716,213.169424874995,A
5,SA919X4XB40509-A98217A-R23-C67,9282,210.471863599799,A
5,SA919X4XB40509-A98217A-R23-C68,7165,210.288280534423,A
5,SA919X4XB40509-A98217A-R23-C69,7531,209.744202805219,A
5,SA919X4XB40509-A98217A-R24-C08,9651,206.745707926565,A
5,SA919X4XB40509-A98217A-R24-C09,9326,200.598408787956,A
5,SA919X4XB40509-A98217A-R24-C11,8182,208.907013032602,A
5,SA919X4XB40509-A98217A-R24-C13,10838,209.297679210261,A
5,SA919X4XB40509-A98217A-R24-C14,9628,218.739699038357,A
5,SA919X4XB40509-A98217A-R24-C16,10713,212.551898829065,A
5,SA919X4XB40509-A98217A-R24-C17,9606,209.550370770383,A
5,SA919X4XB40509-A98217A-R24-C18,9240,215.309188840879,A
5,SA919X4XB40509-A98217A-R24-C20,9403,216.200827902196,A
5,SA919X4XB40509-A98217A-R24-C21,8731,206.991768543825,A
5,SA919X4XB40509-A98217A-R24-C22,9374,210.358529463603,A
5,SA919X4XB40509-A98217A-R24-C26,9031,210.116248540124,A
5,SA919X4XB40509-A98217A-R24-C27,7786,204.377223748477,A
5,SA919X4XB40509-A98217A-R24-C28,8925,226.496139894157,A
5,SA919X4XB40509-A98217A-R24-C31,10683,216.576856195301,A
5,SA919X4XB40509-A98217A-R24-C37,8270,205.433867400953,A
5,SA919X4XB40509-A98217A-R24-C38,8833,227.164074704745,A
5,SA919X4XB40509-A98217A-R24-C39,10015,212.775243171849,A
5,SA919X4XB40509-A98217A-R24-C40,9938,219.419288258883,A
5,SA919X4XB40509-A98217A-R24-C42,10728,217.907744235436,A
5,SA919X4XB40509-A98217A-R24-C44,9037,207.802241480437,A
5,SA919X4XB40509-A98217A-R24-C47,9821,204.372717272847,A
5,SA919X4XB40509-A98217A-R24-C49,8794,210.077107302275,A
5,SA919X4XB40509-A98217A-R24-C50,9130,206.610021874673,A
5,SA919X4XB40509-A98217A-R24-C54,8893,211.532901389315,A
5,SA919X4XB40509-A98217A-R24-C56,11253,212.577038026957,A
5,SA919X4XB40509-A98217A-R24-C61,9396,212.50151772081,A
5,SA919X4XB40509-A98217A-R24-C62,9120,214.50462072334,A
5,SA919X4XB40509-A98217A-R24-C63,10897,211.727954391212,A
5,SA919X4XB40509-A98217A-R24-C66,10011,203.773606685783,A
5,SA919X4XB40509-A98217A-R24-C67,8338,213.680484419474,A
5,SA919X4XB40509-A98217A-R25-C14,8356,208.299570145696,A
5,SA919X4XB40509-A98217A-R25-C16,9204,220.708360272251,A
5,SA919X4XB40509-A98217A-R25-C17,9329,220.565294519114,A
5,SA919X4XB40509-A98217A-R25-C19,6918,204.224044873383,A
5,SA919X4XB40509-A98217A-R25-C23,8206,205.432155712417,A
5,SA919X4XB40509-A98217A-R25-C25,9106,208.819316154168,A
5,SA919X4XB40509-A98217A-R25-C26,8446,218.122041904293,A
5,SA919X4XB40509-A98217A-R25-C27,8209,210.266182420445,A
5,SA919X4XB40509-A98217A-R25-C28,8345,209.846033249287,A
5,SA919X4XB40509-A98217A-R25-C35,9819,210.339154917236,A
5,SA919X4XB40509-A98217A-R25-C39,9225,212.159606147236,A
5,SA919X4XB40509-A98217A-R25-C40,8092,205.785910479865,A
5,SA919X4XB40509-A98217A-R25-C41,8555,211.39604595938,A
5,SA919X4XB40509-A98217A-R25-C44,8341,217.329850917514,A
5,SA919X4XB40509-A98217A-R25-C48,8682,220.587262012044,A
5,SA919X4XB40509-A98217A-R25-C50,7670,216.6573747561,A
5,SA919X4XB40509-A98217A-R25-C51,8492,207.777742670613,A
5,SA919X4XB40509-A98217A-R25-C54,8899,214.014559563332,A
5,SA919X4XB40509-A98217A-R25-C55,9409,202.420857160518,A
5,SA919X4XB40509-A98217A-R25-C59,8647,206.01658978891,A
5,SA919X4XB40509-A98217A-R25-C61,9441,216.965779209557,A
5,SA919X4XB40509-A98217A-R25-C64,9194,206.409366655424,A
5,SA919X4XB40509-A98217A-R25-C65,7106,611.705916905804,A
5,SA919X4XB40509-A98217A-R25-C66,8335,222.949802673474,A
5,SA919X4XB40509-A98217A-R25-C67,7297,220.813850239591,A
5,SA919X4XB40509-A98217A-R25-C69,7350,223.584287344703,A
5,SA919X4XB40509-A98217A-R25-C70,7971,213.656951281584,A
5,SA919X4XB40509-A98217A-R26-C08,8150,220.217139424859,A
5,SA919X4XB40509-A98217A-R26-C12,7169,205.77829540843,A
5,SA919X4XB40509-A98217A-R26-C13,9956,210.268234482156,A
5,SA919X4XB40509-A98217A-R26-C17,9318,208.820504072523,A
5,SA919X4XB40509-A98217A-R26-C18,6848,208.61481752362,A
5,SA919X4XB40509-A98217A-R26-C21,7344,211.597148272568,A
5,SA919X4XB40509-A98217A-R26-C23,7806,208.428297188362,A
5,SA919X4XB40509-A98217A-R26-C25,7967,202.735184649837,A
5,SA919X4XB40509-A98217A-R26-C27,6922,208.625378714022,A
5,SA919X4XB40509-A98217A-R26-C29,6992,223.10172315656,A
5,SA919X4XB40509-A98217A-R26-C31,8828,211.640207564893,A
5,SA919X4XB40509-A98217A-R26-C38,6888,214.128640369436,A
5,SA919X4XB40509-A98217A-R26-C39,8615,212.64489867126,A
5,SA919X4XB40509-A98217A-R26-C44,7440,204.769564546122,A
5,SA919X4XB40509-A98217A-R26-C46,8693,211.503437321048,A
5,SA919X4XB40509-A98217A-R26-C50,6873,209.65990993326,A
5,SA919X4XB40509-A98217A-R26-C55,8285,208.340144324295,A
5,SA919X4XB40509-A98217A-R26-C56,9573,211.100065357243,A
5,SA919X4XB40509-A98217A-R26-C57,8478,208.816868562111,A
5,SA919X4XB40509-A98217A-R26-C61,7811,212.381625622758,A
5,SA919X4XB40509-A98217A-R26-C63,8498,217.565516952715,A
5,SA919X4XB40509-A98217A-R26-C66,7753,218.553467783749,A
5,SA919X4XB40509-A98217A-R26-C68,7275,212.275023042824,A
5,SA919X4XB40509-A98217A-R27-C09,9069,210.969163401444,A
5,SA919X4XB40509-A98217A-R27-C10,7316,210.424862146336,A
5,SA919X4XB40509-A98217A-R27-C12,8300,221.48774719241,A
5,SA919X4XB40509-A98217A-R27-C14,7440,217.431546227848,A
5,SA919X4XB40509-A98217A-R27-C16,8818,205.16640263354,A
5,SA919X4XB40509-A98217A-R27-C19,7828,211.88996208705,A
5,SA919X4XB40509-A98217A-R27-C24,10396,209.14427548585,A
5,SA919X4XB40509-A98217A-R27-C26,8633,203.239837636915,A
5,SA919X4XB40509-A98217A-R27-C31,9262,222.335152860857,A
5,SA919X4XB40509-A98217A-R27-C35,9418,214.559357697072,A
5,SA919X4XB40509-A98217A-R27-C38,8116,217.045716610584,A
5,SA919X4XB40509-A98217A-R27-C39,8638,209.933402263739,A
5,SA919X4XB40509-A98217A-R27-C41,9138,212.26652238044,A
5,SA919X4XB40509-A98217A-R27-C43,10641,214.205311560565,A
5,SA919X4XB40509-A98217A-R27-C48,9273,212.28112687663,A
5,SA919X4XB40509-A98217A-R27-C50,6916,200.54467052895,A
5,SA919X4XB40509-A98217A-R27-C51,10116,228.802782141055,A
5,SA919X4XB40509-A98217A-R27-C60,7578,234.135253418766,A
5,SA919X4XB40509-A98217A-R27-C61,8684,212.946221042769,A
5,SA919X4XB40509-A98217A-R27-C66,8909,215.970480235862,A
5,SA919X4XB40509-A98217A-R27-C67,6873,203.007362116781,A
5,SA919X4XB40509-A98217A-R27-C68,7420,210.073605495733,A
5,SA919X4XB40509-A98217A-R28-C13,9547,214.21510007923,A
5,SA919X4XB40509-A98217A-R28-C14,9403,211.255072302618,A
5,SA919X4XB40509-A98217A-R28-C17,8949,214.288578753601,A
5,SA919X4XB40509-A98217A-R28-C18,7655,215.488066541895,A
5,SA919X4XB40509-A98217A-R28-C20,8017,214.349386540254,A
5,SA919X4XB40509-A98217A-R28-C21,7146,196.762857358782,A
5,SA919X4XB40509-A98217A-R28-C23,6483,211.964088679652,A
5,SA919X4XB40509-A98217A-R28-C24,10515,237.185822956241,A
5,SA919X4XB40509-A98217A-R28-C28,7010,211.581672755739,A
5,SA919X4XB40509-A98217A-R28-C29,6953,205.936722394683,A
5,SA919X4XB40509-A98217A-R28-C31,9245,215.372117129874,A
5,SA919X4XB40509-A98217A-R28-C32,7728,209.133731632887,A
5,SA919X4XB40509-A98217A-R28-C37,7421,213.646621488449,A
5,SA919X4XB40509-A98217A-R28-C38,7614,208.362055007787,A
5,SA919X4XB40509-A98217A-R28-C44,7374,209.013977622823,A
5,SA919X4XB40509-A98217A-R28-C46,8163,207.910688174177,A
5,SA919X4XB40509-A98217A-R28-C50,7677,212.551069690041,A
5,SA919X4XB40509-A98217A-R28-C57,7486,226.357087852734,A
5,SA919X4XB40509-A98217A-R28-C60,7819,223.448610348574,A
5,SA919X4XB40509-A98217A-R28-C66,7446,208.824313154514,A
5,SA919X4XB40509-A98217A-R28-C68,6645,208.865992213679,A
5,SA919X4XB40509-A98217A-R29-C08,8881,204.162865770742,A
5,SA919X4XB40509-A98217A-R29-C09,8607,205.830462416212,A
5,SA919X4XB40509-A98217A-R29-C14,8667,207.920740809013,A
5,SA919X4XB40509-A98217A-R29-C15,8227,211.933352263468,A
5,SA919X4XB40509-A98217A-R29-C18,8252,216.081680271084,A
5,SA919X4XB40509-A98217A-R29-C19,7647,206.983028546284,A
5,SA919X4XB40509-A98217A-R29-C21,8021,210.20453999349,A
5,SA919X4XB40509-A98217A-R29-C23,9475,219.382840940174,A
5,SA919X4XB40509-A98217A-R29-C28,9064,213.090445685686,A
5,SA919X4XB40509-A98217A-R29-C30,8079,213.324429972673,A
5,SA919X4XB40509-A98217A-R29-C31,8640,203.718652784399,A
5,SA919X4XB40509-A98217A-R29-C32,8720,210.317529327224,A
5,SA919X4XB40509-A98217A-R29-C40,8997,226.640246070088,A
5,SA919X4XB40509-A98217A-R29-C43,10599,218.047218133427,A
5,SA919X4XB40509-A98217A-R29-C46,8999,203.473882723343,A
5,SA919X4XB40509-A98217A-R29-C52,7849,210.09997734436,A
5,SA919X4XB40509-A98217A-R29-C57,9639,209.276455289449,A
5,SA919X4XB40509-A98217A-R29-C59,9132,211.626682688267,A
5,SA919X4XB40509-A98217A-R29-C60,8434,213.922197080348,A
5,SA919X4XB40509-A98217A-R29-C66,7853,216.828000215904,A
5,SA919X4XB40509-A98217A-R29-C68,7395,215.633874678581,A
5,SA919X4XB40509-A98217A-R30-C12,7194,213.275943465838,A
5,SA919X4XB40509-A98217A-R30-C21,6636,207.771181651853,A
5,SA919X4XB40509-A98217A-R30-C35,8156,202.368709300937,A
5,SA919X4XB40509-A98217A-R30-C37,7066,210.132271519069,A
5,SA919X4XB40509-A98217A-R30-C38,7072,216.754800726729,A
5,SA919X4XB40509-A98217A-R30-C39,8164,211.61319405398,A
5,SA919X4XB40509-A98217A-R30-C40,7751,215.675563444928,A
5,SA919X4XB40509-A98217A-R30-C41,8783,215.530608517344,A
5,SA919X4XB40509-A98217A-R30-C42,7820,209.850470540225,A
5,SA919X7XB05588-A98299A-R03-C07,14180,274.198610206812,C
5,SA919X7XB05588-A98299A-R03-C09,13463,279.398501843299,C
5,SA919X7XB05588-A98299A-R03-C15,15045,281.939019276076,C
5,SA919X7XB05588-A98299A-R03-C17,16764,276.322670375268,C
5,SA919X7XB05588-A98299A-R03-C19,13232,278.340085046342,B
5,SA919X7XB05588-A98299A-R03-C24,16189,289.401190807087,C
5,SA919X7XB05588-A98299A-R03-C25,17934,280.568767562244,C
5,SA919X7XB05588-A98299A-R03-C27,15842,281.334254724754,C
5,SA919X7XB05588-A98299A-R03-C31,7695,270.106870159234,C
5,SA919X7XB05588-A98299A-R03-C39,16917,279.791528231776,C
5,SA919X7XB05588-A98299A-R03-C46,18902,273.121065953774,C
5,SA919X7XB05588-A98299A-R03-C47,10789,205.698361463676,B
5,SA919X7XB05588-A98299A-R03-C48,11131,285.074850580548,C
5,SA919X7XB05588-A98299A-R03-C49,16226,284.325166485747,C
5,SA919X7XB05588-A98299A-R03-C52,11636,271.409116400977,C
5,SA919X7XB05588-A98299A-R03-C56,19267,282.158763870779,C
5,SA919X7XB05588-A98299A-R03-C59,13018,277.856329487577,C
5,SA919X7XB05588-A98299A-R03-C60,16270,266.159689285951,C
5,SA919X7XB05588-A98299A-R03-C67,18712,282.074122102491,C
5,SA919X7XB05588-A98299A-R03-C68,18564,277.047168680641,C
5,SA919X7XB05588-A98299A-R03-C70,15874,276.568085719129,C
5,SA919X7XB05588-A98299A-R04-C08,18761,276.968369987193,C
5,SA919X7XB05588-A98299A-R04-C09,19790,278.491879000413,C
5,SA919X7XB05588-A98299A-R04-C13,30418,279.865513606925,C
5,SA919X7XB05588-A98299A-R04-C14,19652,276.699994243677,C
5,SA919X7XB05588-A98299A-R04-C15,17844,273.545887559903,C
5,SA919X7XB05588-A98299A-R04-C17,15968,282.586847258332,C
5,SA919X7XB05588-A98299A-R04-C22,14557,274.452275051712,C
5,SA919X7XB05588-A98299A-R04-C25,19012,275.203041975338,C
5,SA919X7XB05588-A98299A-R04-C39,17818,273.670729305657,C
5,SA919X7XB05588-A98299A-R04-C40,17616,274.338429026558,C
5,SA919X7XB05588-A98299A-R04-C41,19560,276.530517927556,C
5,SA919X7XB05588-A98299A-R04-C44,19234,276.167888139275,C
5,SA919X7XB05588-A98299A-R04-C48,18232,272.210716554652,A
5,SA919X7XB05588-A98299A-R04-C49,16995,285.858266829191,C
5,SA919X7XB05588-A98299A-R04-C56,18348,275.544169753918,C
5,SA919X7XB05588-A98299A-R04-C57,19936,277.572866757855,C
5,SA919X7XB05588-A98299A-R04-C60,19669,271.03310493055,C
5,SA919X7XB05588-A98299A-R04-C61,20699,276.109228997488,C
5,SA919X7XB05588-A98299A-R04-C63,19033,278.461666722455,C
5,SA919X7XB05588-A98299A-R05-C08,18322,273.075884509626,C
5,SA919X7XB05588-A98299A-R05-C11,17091,277.055826773261,C
5,SA919X7XB05588-A98299A-R05-C14,18537,273.524337540731,C
5,SA919X7XB05588-A98299A-R05-C15,19109,280.339108733531,C
5,SA919X7XB05588-A98299A-R05-C19,18354,271.078937612428,C
5,SA919X7XB05588-A98299A-R05-C21,19308,278.107425075574,C
5,SA919X7XB05588-A98299A-R05-C22,18309,280.552932588902,C
5,SA919X7XB05588-A98299A-R05-C24,20105,272.21162866842,C
5,SA919X7XB05588-A98299A-R05-C33,13531,279.319881529536,C
5,SA919X7XB05588-A98299A-R05-C35,22150,280.709068642483,C
5,SA919X7XB05588-A98299A-R05-C36,19930,281.028494504319,C
5,SA919X7XB05588-A98299A-R05-C39,20980,279.817281456916,C
5,SA919X7XB05588-A98299A-R05-C40,17663,277.013480368353,C
5,SA919X7XB05588-A98299A-R05-C48,17968,272.57091329238,C
5,SA919X7XB05588-A98299A-R05-C49,16556,280.176725888107,C
5,SA919X7XB05588-A98299A-R05-C51,20476,280.215625407355,C
5,SA919X7XB05588-A98299A-R05-C52,16733,280.179437930135,C
5,SA919X7XB05588-A98299A-R05-C57,19428,271.731840495065,C
5,SA919X7XB05588-A98299A-R05-C60,29863,286.85920242308,C
5,SA919X7XB05588-A98299A-R05-C67,20008,271.383953541118,C
5,SA919X7XB05588-A98299A-R05-C69,19347,272.578999946477,C
5,SA919X7XB05588-A98299A-R06-C16,17513,275.993173279157,C
5,SA919X7XB05588-A98299A-R06-C21,16671,279.64923516209,C
5,SA919X7XB05588-A98299A-R06-C25,18761,276.40678098958,C
5,SA919X7XB05588-A98299A-R06-C29,16721,281.963382781705,C
5,SA919X7XB05588-A98299A-R06-C35,16535,278.723838546524,C
5,SA919X7XB05588-A98299A-R06-C37,16489,277.808057900241,C
5,SA919X7XB05588-A98299A-R06-C38,8765,276.045531975587,C
5,SA919X7XB05588-A98299A-R06-C51,18359,275.165218382059,C
5,SA919X7XB05588-A98299A-R06-C59,16658,274.801398768082,C
5,SA919X7XB05588-A98299A-R06-C60,17593,278.305599644788,C
5,SA919X7XB05588-A98299A-R06-C61,18299,275.433777499322,C
5,SA919X7XB05588-A98299A-R06-C64,17452,271.051769182126,C
5,SA919X7XB05588-A98299A-R07-C14,18667,279.298820146458,C
5,SA919X7XB05588-A98299A-R07-C19,15108,274.890578369625,C
5,SA919X7XB05588-A98299A-R07-C25,19142,274.539404960158,C
5,SA919X7XB05588-A98299A-R07-C28,17261,274.901157658994,C
5,SA919X7XB05588-A98299A-R07-C31,17428,270.827038424838,C
5,SA919X7XB05588-A98299A-R07-C32,17194,279.455629587154,C
5,SA919X7XB05588-A98299A-R07-C36,12982,271.341247887486,C
5,SA919X7XB05588-A98299A-R07-C39,17653,274.538818514787,B
5,SA919X7XB05588-A98299A-R07-C46,17858,269.479563694005,C
5,SA919X7XB05588-A98299A-R07-C48,17792,282.235168715214,C
5,SA919X7XB05588-A98299A-R07-C54,18388,289.049381178305,C
5,SA919X7XB05588-A98299A-R07-C61,22911,278.895433117564,C
5,SA919X7XB05588-A98299A-R07-C63,19614,283.680532943932,C
5,SA919X7XB05588-A98299A-R08-C07,17895,280.006782745819,C
5,SA919X7XB05588-A98299A-R08-C09,18928,281.637054998758,C
5,SA919X7XB05588-A98299A-R08-C13,21778,279.233012447219,C
5,SA919X7XB05588-A98299A-R08-C17,18558,276.656671821265,C
5,SA919X7XB05588-A98299A-R08-C19,16034,276.745792510169,C
5,SA919X7XB05588-A98299A-R08-C23,16972,290.163223020488,C
5,SA919X7XB05588-A98299A-R08-C24,20071,279.323771630224,C
5,SA919X7XB05588-A98299A-R08-C28,18254,284.445137192332,C
5,SA919X7XB05588-A98299A-R08-C30,19840,278.907116467388,C
5,SA919X7XB05588-A98299A-R08-C31,19085,282.782710504414,C
5,SA919X7XB05588-A98299A-R08-C33,13788,280.585241177882,C
5,SA919X7XB05588-A98299A-R08-C36,16187,282.336022763146,C
5,SA919X7XB05588-A98299A-R08-C37,19285,283.930021069782,C
5,SA919X7XB05588-A98299A-R08-C39,19122,275.498328892007,C
5,SA919X7XB05588-A98299A-R08-C41,18024,279.978826106088,C
5,SA919X7XB05588-A98299A-R08-C46,18571,279.855741074883,C
5,SA919X7XB05588-A98299A-R08-C51,20158,277.500075540164,C
5,SA919X7XB05588-A98299A-R08-C52,14415,274.879731139516,C
5,SA919X7XB05588-A98299A-R08-C63,20016,280.142867088226,C
5,SA919X7XB05588-A98299A-R09-C08,14403,282.748319178358,C
5,SA919X7XB05588-A98299A-R09-C09,15586,280.498583475445,C
5,SA919X7XB05588-A98299A-R09-C11,14307,273.768719672497,C
5,SA919X7XB05588-A98299A-R09-C12,12904,278.400169402665,C
5,SA919X7XB05588-A98299A-R09-C13,19989,280.435610782568,C
5,SA919X7XB05588-A98299A-R09-C15,12687,272.399335756696,C
5,SA919X7XB05588-A98299A-R09-C19,14044,277.979144196469,C
5,SA919X7XB05588-A98299A-R09-C20,10564,271.784450835632,C
5,SA919X7XB05588-A98299A-R09-C23,14983,273.022993071456,C
5,SA919X7XB05588-A98299A-R09-C25,17075,275.749948970894,C
5,SA919X7XB05588-A98299A-R09-C30,14727,277.302222126086,C
5,SA919X7XB05588-A98299A-R09-C40,14647,280.233920623182,C
5,SA919X7XB05588-A98299A-R09-C43,24181,280.67943975695,C
5,SA919X7XB05588-A98299A-R09-C44,15624,272.57553465153,C
5,SA919X7XB05588-A98299A-R09-C48,19102,275.932470122076,C
5,SA919X7XB05588-A98299A-R09-C52,16071,282.23240445916,C
5,SA919X7XB05588-A98299A-R09-C59,14695,274.339423542305,C
5,SA919X7XB05588-A98299A-R09-C61,18093,274.423436567678,C
5,SA919X7XB05588-A98299A-R09-C67,17772,279.819148343124,C
5,SA919X7XB05588-A98299A-R09-C68,8167,263.549407995474,C
5,SA919X7XB05588-A98299A-R09-C69,14591,281.773859953942,C
5,SA919X7XB05588-A98299A-R10-C20,13360,276.062791163429,C
5,SA919X7XB05588-A98299A-R10-C22,14620,272.333072630719,C
5,SA919X7XB05588-A98299A-R10-C24,19558,273.264333536423,C
5,SA919X7XB05588-A98299A-R10-C33,11967,283.754464734625,C
5,SA919X7XB05588-A98299A-R10-C35,20170,278.488110000544,C
5,SA919X7XB05588-A98299A-R10-C36,16575,278.373857103185,C
5,SA919X7XB05588-A98299A-R10-C38,10180,284.686484627134,C
5,SA919X7XB05588-A98299A-R10-C40,18853,278.937958046933,C
5,SA919X7XB05588-A98299A-R10-C43,21905,274.00689771111,C
5,SA919X7XB05588-A98299A-R10-C44,18071,272.564936447365,C
5,SA919X7XB05588-A98299A-R10-C48,17381,275.9378092709,C
5,SA919X7XB05588-A98299A-R10-C49,15981,278.978621498477,C
5,SA919X7XB05588-A98299A-R10-C51,20640,277.81922162125,C
5,SA919X7XB05588-A98299A-R10-C59,17229,257.642333013946,B
5,SA919X7XB05588-A98299A-R10-C61,21177,278.28517493861,C
5,SA919X7XB05588-A98299A-R10-C63,21214,283.464396545598,C
5,SA919X7XB05588-A98299A-R10-C64,17463,273.906513366376,B
5,SA919X7XB05588-A98299A-R10-C68,18854,277.421591977584,B
5,SA919X7XB05588-A98299A-R10-C70,15209,212.905334814747,B
5,SA919X7XB05588-A98299A-R11-C09,17458,280.394246081595,C
5,SA919X7XB05588-A98299A-R11-C13,21404,279.8069636312,C
5,SA919X7XB05588-A98299A-R11-C21,17972,275.099477501194,C
5,SA919X7XB05588-A98299A-R11-C24,19759,281.719463979385,C
5,SA919X7XB05588-A98299A-R11-C30,18564,275.354768641697,C
5,SA919X7XB05588-A98299A-R11-C31,18490,273.640673992236,C
5,SA919X7XB05588-A98299A-R11-C32,16767,273.503776878361,C
5,SA919X7XB05588-A98299A-R11-C33,12049,284.713814158236,C
5,SA919X7XB05588-A98299A-R11-C40,18311,280.093062309495,C
5,SA919X7XB05588-A98299A-R11-C48,17731,279.424470293127,C
5,SA919X7XB05588-A98299A-R11-C68,11949,272.35879716108,C
5,SA919X7XB05588-A98299A-R12-C17,19473,276.237206120962,C
5,SA919X7XB05588-A98299A-R12-C19,16021,278.599948401254,C
5,SA919X7XB05588-A98299A-R12-C22,14965,280.608972299395,C
5,SA919X7XB05588-A98299A-R12-C23,20119,271.31071107777,C
5,SA919X7XB05588-A98299A-R12-C25,28111,278.82699374305,C
5,SA919X7XB05588-A98299A-R12-C28,18029,278.810587999143,C
5,SA919X7XB05588-A98299A-R12-C30,13944,640.282531105732,B
5,SA919X7XB05588-A98299A-R12-C35,27001,286.384662200388,C
5,SA919X7XB05588-A98299A-R12-C36,23003,277.785706302907,C
5,SA919X7XB05588-A98299A-R12-C41,19329,273.688990453211,C
5,SA919X7XB05588-A98299A-R12-C45,9406,288.706789612811,C
5,SA919X7XB05588-A98299A-R12-C46,20237,274.170544507129,C
5,SA919X7XB05588-A98299A-R12-C47,20937,279.042675039543,C
5,SA919X7XB05588-A98299A-R12-C51,20615,276.549180554017,C
5,SA919X7XB05588-A98299A-R12-C55,18697,266.067795544507,C
5,SA919X7XB05588-A98299A-R12-C57,19753,272.102331828197,C
5,SA919X7XB05588-A98299A-R12-C60,19970,266.644914287772,C
5,SA919X7XB05588-A98299A-R12-C67,21419,283.774612713817,C
5,SA919X7XB05588-A98299A-R12-C69,19267,290.759222103825,C
5,SA919X7XB05588-A98299A-R12-C70,17858,277.092323476962,C
5,SA919X7XB05588-A98299A-R13-C13,19097,283.760383771201,C
5,SA919X7XB05588-A98299A-R13-C14,17100,276.549490394511,C
5,SA919X7XB05588-A98299A-R13-C23,10647,273.60869306166,C
5,SA919X7XB05588-A98299A-R13-C27,13472,283.967964371018,C
5,SA919X7XB05588-A98299A-R13-C30,16183,279.854293170835,C
5,SA919X7XB05588-A98299A-R13-C31,16050,264.468599707209,C
5,SA919X7XB05588-A98299A-R13-C36,13966,278.753340357607,C
5,SA919X7XB05588-A98299A-R13-C49,17591,281.42656081879,C
5,SA919X7XB05588-A98299A-R13-C51,16484,276.427842327625,C
5,SA919X7XB05588-A98299A-R13-C56,16303,274.592525837093,C
5,SA919X7XB05588-A98299A-R13-C60,16842,266.918165875123,C
5,SA919X7XB05588-A98299A-R13-C67,14969,275.330919584371,C
5,SA919X7XB05588-A98299A-R14-C11,15915,279.048813004182,C
5,SA919X7XB05588-A98299A-R14-C13,22083,285.838936784926,C
5,SA919X7XB05588-A98299A-R14-C14,18803,271.158758253685,C
5,SA919X7XB05588-A98299A-R14-C16,18679,274.681222972131,C
5,SA919X7XB05588-A98299A-R14-C17,16302,280.117355426876,C
5,SA919X7XB05588-A98299A-R14-C19,12710,276.682456124236,C
5,SA919X7XB05588-A98299A-R14-C21,16756,279.090542593003,C
5,SA919X7XB05588-A98299A-R14-C22,14724,276.359777430509,C
5,SA919X7XB05588-A98299A-R14-C23,14801,205.366532948,B
5,SA919X7XB05588-A98299A-R14-C24,20345,277.184882824473,C
5,SA919X7XB05588-A98299A-R14-C25,20839,278.218567121608,C
5,SA919X7XB05588-A98299A-R14-C27,15200,274.233098746909,C
5,SA919X7XB05588-A98299A-R14-C28,18520,275.634923849904,C
5,SA919X7XB05588-A98299A-R14-C31,20084,271.96032149968,C
5,SA919X7XB05588-A98299A-R14-C35,22363,283.338966095747,C
5,SA919X7XB05588-A98299A-R14-C37,18314,284.405541961799,B
5,SA919X7XB05588-A98299A-R14-C38,8519,213.216501029576,B
5,SA919X7XB05588-A98299A-R14-C41,18599,214.362022809743,B
5,SA919X7XB05588-A98299A-R14-C51,20895,274.441197053727,C
5,SA919X7XB05588-A98299A-R14-C54,17496,279.353975397225,C
5,SA919X7XB05588-A98299A-R14-C59,18543,277.608265978193,C
5,SA919X7XB05588-A98299A-R14-C64,18543,273.522958346597,C
5,SA919X7XB05588-A98299A-R14-C67,20640,279.347963367945,C
5,SA919X7XB05588-A98299A-R14-C70,15846,286.718533150273,C
5,SA919X7XB05588-A98299A-R15-C12,17092,273.276477473477,C
5,SA919X7XB05588-A98299A-R15-C14,20543,269.948352011234,C
5,SA919X7XB05588-A98299A-R15-C16,20683,277.489955036859,C
5,SA919X7XB05588-A98299A-R15-C37,17972,272.215934074307,C
5,SA919X7XB05588-A98299A-R15-C38,11989,285.156224053726,C
5,SA919X7XB05588-A98299A-R15-C39,19469,270.519591783896,C
5,SA919X7XB05588-A98299A-R15-C46,18138,274.892566583942,C
5,SA919X7XB05588-A98299A-R15-C52,14651,276.18467491325,C
5,SA919X7XB05588-A98299A-R15-C56,20109,267.117888620376,C
5,SA919X7XB05588-A98299A-R15-C70,18153,273.471150023844,C
5,SA919X7XB05588-A98299A-R16-C07,16585,275.995792713383,C
5,SA919X7XB05588-A98299A-R16-C09,20852,281.132924603073,C
5,SA919X7XB05588-A98299A-R16-C14,21204,282.87147446242,C
5,SA919X7XB05588-A98299A-R16-C16,16017,271.107727825228,C
5,SA919X7XB05588-A98299A-R16-C22,11649,276.28946122347,B
5,SA919X7XB05588-A98299A-R16-C24,17168,276.748861585242,C
5,SA919X7XB05588-A98299A-R16-C25,16680,273.096353311134,C
5,SA919X7XB05588-A98299A-R16-C29,14826,270.3298688153,C
5,SA919X7XB05588-A98299A-R16-C32,16474,282.249702356255,C
5,SA919X7XB05588-A98299A-R16-C36,14232,284.354168694405,C
5,SA919X7XB05588-A98299A-R16-C38,8814,285.358952099042,C
5,SA919X7XB05588-A98299A-R16-C39,17456,279.308351146387,C
5,SA919X7XB05588-A98299A-R16-C47,17263,281.608632237426,C
5,SA919X7XB05588-A98299A-R16-C48,15704,275.672389996979,C
5,SA919X7XB05588-A98299A-R16-C49,14056,283.081916452219,C
5,SA919X7XB05588-A98299A-R16-C64,13999,256.99777022059,C
5,SA919X7XB05588-A98299A-R16-C65,11763,274.173782011573,C
5,SA919X7XB05588-A98299A-R16-C70,14532,274.727822039693,C
5,SA919X7XB05588-A98299A-R17-C13,18412,268.268661066772,C
5,SA919X7XB05588-A98299A-R17-C14,18072,277.225267677701,C
5,SA919X7XB05588-A98299A-R17-C17,18042,276.899418261222,C
5,SA919X7XB05588-A98299A-R17-C21,18062,277.094992568367,C
5,SA919X7XB05588-A98299A-R17-C24,19922,279.918993004074,C
5,SA919X7XB05588-A98299A-R17-C27,15986,281.918325303972,C
5,SA919X7XB05588-A98299A-R17-C31,16448,276.265847374975,C
5,SA919X7XB05588-A98299A-R17-C32,17623,278.03616583841,C
5,SA919X7XB05588-A98299A-R17-C33,11096,284.081077171753,C
5,SA919X7XB05588-A98299A-R17-C35,20019,275.718040477179,C
5,SA919X7XB05588-A98299A-R17-C36,14490,278.940493438691,C
5,SA919X7XB05588-A98299A-R17-C37,17195,272.36489138201,C
5,SA919X7XB05588-A98299A-R17-C39,18691,275.448727614217,C
5,SA919X7XB05588-A98299A-R17-C41,18000,276.885332654862,C
5,SA919X7XB05588-A98299A-R17-C44,20473,288.988907633947,C
5,SA919X7XB05588-A98299A-R17-C48,18476,279.398502059788,B
5,SA919X7XB05588-A98299A-R17-C51,20356,270.36117384887,C
5,SA919X7XB05588-A98299A-R17-C54,16837,277.697445414734,C
5,SA919X7XB05588-A98299A-R17-C57,18652,283.320306196015,C
5,SA919X7XB05588-A98299A-R17-C60,19088,278.229147564772,C
5,SA919X7XB05588-A98299A-R17-C67,19209,275.90366340669,C
5,SA919X7XB05588-A98299A-R17-C69,15190,285.802293012781,C
5,SA919X7XB05588-A98299A-R18-C08,17651,276.634291779065,C
5,SA919X7XB05588-A98299A-R18-C09,17750,276.72308149425,C
5,SA919X7XB05588-A98299A-R18-C14,19277,284.300445814291,C
5,SA919X7XB05588-A98299A-R18-C15,16202,274.473653834168,C
5,SA919X7XB05588-A98299A-R18-C21,16620,270.399010123504,C
5,SA919X7XB05588-A98299A-R18-C27,8558,266.7192614176,C
5,SA919X7XB05588-A98299A-R18-C28,16412,271.142009343391,C
5,SA919X7XB05588-A98299A-R18-C29,12646,212.809068618417,B
5,SA919X7XB05588-A98299A-R18-C30,20655,277.51370280502,C
5,SA919X7XB05588-A98299A-R18-C32,16977,279.739625240232,C
5,SA919X7XB05588-A98299A-R18-C36,14196,287.209640337304,C
5,SA919X7XB05588-A98299A-R18-C37,15987,282.132089716043,C
5,SA919X7XB05588-A98299A-R18-C38,8897,276.753424558406,C
5,SA919X7XB05588-A98299A-R18-C39,16186,285.848900806465,C
5,SA919X7XB05588-A98299A-R18-C40,16646,276.207572279417,C
5,SA919X7XB05588-A98299A-R18-C48,16434,275.05508874092,C
5,SA919X7XB05588-A98299A-R18-C52,14332,282.497702222883,C
5,SA919X7XB05588-A98299A-R18-C59,17552,282.565773335924,C
5,SA919X7XB05588-A98299A-R18-C60,16728,276.021481099596,C
5,SA919X7XB05588-A98299A-R18-C67,18107,280.681631979437,C
5,SA919X7XB05588-A98299A-R19-C09,9549,283.336008724454,C
5,SA919X7XB05588-A98299A-R19-C12,8905,282.335733020599,C
5,SA919X7XB05588-A98299A-R19-C15,8218,273.740763944675,C
5,SA919X7XB05588-A98299A-R19-C21,9029,285.969177554933,C
5,SA919X7XB05588-A98299A-R19-C31,9554,280.692766387354,C
5,SA919X7XB05588-A98299A-R19-C32,8979,288.443844557554,C
5,SA919X7XB05588-A98299A-R19-C41,8551,284.213012100934,C
5,SA919X7XB05588-A98299A-R19-C51,10115,283.54965288451,C
5,SA919X7XB05588-A98299A-R19-C54,8566,276.183747171376,C
5,SA919X7XB05588-A98299A-R19-C55,8647,280.324012682389,C
5,SA919X7XB05588-A98299A-R19-C57,9126,284.077577848045,C
5,SA919X7XB05588-A98299A-R19-C63,9202,281.400411599628,C
5,SA919X7XB05588-A98299A-R19-C64,8868,274.289530605427,C
5,SA919X7XB05588-A98299A-R19-C67,9368,267.641432936509,C
5,SA919X7XB05588-A98299A-R19-C68,7819,269.651503236053,C
5,SA919X7XB05588-A98299A-R20-C13,14837,282.008196598667,C
5,SA919X7XB05588-A98299A-R20-C27,21060,287.885395095363,C
5,SA919X7XB05588-A98299A-R20-C29,18257,283.659729323866,C
5,SA919X7XB05588-A98299A-R20-C31,18726,277.624905201676,C
5,SA919X7XB05588-A98299A-R20-C33,9978,283.351245981192,C
5,SA919X7XB05588-A98299A-R20-C36,16369,278.777087000993,C
5,SA919X7XB05588-A98299A-R20-C37,17720,280.896171047124,C
5,SA919X7XB05588-A98299A-R20-C38,10596,270.774266389555,C
5,SA919X7XB05588-A98299A-R20-C40,20933,273.817219779794,C
5,SA919X7XB05588-A98299A-R20-C43,22383,273.570821960361,C
5,SA919X7XB05588-A98299A-R20-C44,17640,273.733357517215,C
5,SA919X7XB05588-A98299A-R20-C46,16270,268.29119669975,C
5,SA919X7XB05588-A98299A-R20-C49,14500,274.098161605333,C
5,SA919X7XB05588-A98299A-R20-C52,11930,272.073424230232,C
5,SA919X7XB05588-A98299A-R20-C55,22459,282.885073636811,C
5,SA919X7XB05588-A98299A-R20-C57,18510,282.02728626457,C
5,SA919X7XB05588-A98299A-R20-C59,18907,276.872615514165,C
5,SA919X7XB05588-A98299A-R20-C68,18229,281.182634336955,C
5,SA919X7XB05588-A98299A-R20-C69,16581,287.262059742715,C
5,SA919X7XB05588-A98299A-R20-C70,18711,277.634433737117,C
5,SA919X7XB05588-A98299A-R21-C09,11849,284.005263892845,C
5,SA919X7XB05588-A98299A-R21-C15,14052,278.503418180542,C
5,SA919X7XB05588-A98299A-R21-C16,14810,280.071948865606,C
5,SA919X7XB05588-A98299A-R21-C22,11869,281.797348528714,C
5,SA919X7XB05588-A98299A-R21-C27,12240,284.075516762656,C
5,SA919X7XB05588-A98299A-R21-C28,13779,273.947147944119,C
5,SA919X7XB05588-A98299A-R21-C31,12474,281.664243727827,C
5,SA919X7XB05588-A98299A-R21-C35,9056,265.238635611808,C
5,SA919X7XB05588-A98299A-R21-C37,13536,281.836902169716,B
5,SA919X7XB05588-A98299A-R21-C39,13270,276.865989604652,C
5,SA919X7XB05588-A98299A-R21-C46,10909,281.157695330236,C
5,SA919X7XB05588-A98299A-R21-C47,12494,280.023593835524,C
5,SA919X7XB05588-A98299A-R21-C49,12327,283.648022371098,C
5,SA919X7XB05588-A98299A-R21-C54,12480,274.781350048523,C
5,SA919X7XB05588-A98299A-R21-C61,14993,276.542208637515,C
5,SA919X7XB05588-A98299A-R21-C64,13136,277.611698466229,C
5,SA919X7XB05588-A98299A-R21-C65,8913,276.840940083393,C
5,SA919X7XB05588-A98299A-R21-C68,10687,279.310633683466,C
5,SA919X7XB05588-A98299A-R22-C09,14001,276.498977175339,C
5,SA919X7XB05588-A98299A-R22-C14,14706,275.064763568004,C
5,SA919X7XB05588-A98299A-R22-C22,9085,268.413406610451,C
5,SA919X7XB05588-A98299A-R22-C27,12901,281.35073667108,C
5,SA919X7XB05588-A98299A-R22-C28,11151,207.752509337141,B
5,SA919X7XB05588-A98299A-R22-C31,14471,270.781240650296,C
5,SA919X7XB05588-A98299A-R22-C38,8318,274.72371426092,C
5,SA919X7XB05588-A98299A-R22-C40,12112,280.443415411749,C
5,SA919X7XB05588-A98299A-R22-C43,16143,275.416106322966,C
5,SA919X7XB05588-A98299A-R22-C46,17458,288.600717425304,C
5,SA919X7XB05588-A98299A-R22-C48,12700,279.991169229937,C
5,SA919X7XB05588-A98299A-R22-C51,15189,280.135863102752,C
5,SA919X7XB05588-A98299A-R22-C55,16072,291.419771230362,C
5,SA919X7XB05588-A98299A-R22-C57,12649,270.154908049399,C
5,SA919X7XB05588-A98299A-R22-C61,14655,273.67166465386,C
5,SA919X7XB05588-A98299A-R22-C64,12669,282.224152610552,C
5,SA919X7XB05588-A98299A-R22-C67,14973,283.602776663171,C
5,SA919X7XB05588-A98299A-R22-C70,13960,271.376466761683,B
5,SA919X7XB05588-A98299A-R23-C09,23181,278.868458999324,C
5,SA919X7XB05588-A98299A-R23-C13,14755,255.222926061065,C
5,SA919X7XB05588-A98299A-R23-C16,19742,275.688025432102,C
5,SA919X7XB05588-A98299A-R23-C23,19257,277.331703034796,C
5,SA919X7XB05588-A98299A-R23-C27,16307,276.733701953873,C
5,SA919X7XB05588-A98299A-R23-C28,10463,277.334805654511,C
5,SA919X7XB05588-A98299A-R23-C30,14231,276.352960651512,C
5,SA919X7XB05588-A98299A-R23-C33,11150,281.011274446779,C
5,SA919X7XB05588-A98299A-R23-C47,18632,288.909201841771,C
5,SA919X7XB05588-A98299A-R23-C48,19845,281.559940503821,C
5,SA919X7XB05588-A98299A-R23-C49,15205,281.204616073914,C
5,SA919X7XB05588-A98299A-R23-C69,13715,271.801208906845,C
5,SA919X7XB05588-A98299A-R24-C17,19948,280.19823144357,C
5,SA919X7XB05588-A98299A-R24-C55,20022,280.779390909817,C
5,SA919X7XB05588-A98299A-R24-C57,18925,272.517775292566,C
5,SA919X7XB05588-A98299A-R24-C59,16736,259.980470438749,C
5,SA919X7XB05588-A98299A-R24-C61,20438,281.670764343461,C
5,SA919X7XB05588-A98299A-R24-C70,17584,286.338857441505,C
5,SA919X7XB05588-A98299A-R25-C22,11661,284.952022355165,C
5,SA919X7XB05588-A98299A-R25-C32,15528,269.633148348476,C
5,SA919X7XB05588-A98299A-R25-C51,16963,278.454981388818,C
5,SA919X7XB05588-A98299A-R25-C52,11284,261.670577704128,C
5,SA919X7XB05588-A98299A-R25-C55,19509,285.030662693079,C
5,SA919X7XB05588-A98299A-R25-C56,15560,271.462175491909,C
5,SA919X7XB05588-A98299A-R25-C60,14944,278.988355766739,C
5,SA919X7XB05588-A98299A-R25-C64,16946,282.911489625138,C
5,SA919X7XB05588-A98299A-R25-C65,8858,275.827006788971,C
5,SA919X7XB05588-A98299A-R26-C38,9239,277.042030128351,C
5,SA919X7XB05588-A98299A-R26-C46,17250,283.76328108552,C
5,SA919X7XB05588-A98299A-R26-C48,15334,281.126785232147,C
5,SA919X7XB05588-A98299A-R26-C49,13525,279.248561141617,C
5,SA919X7XB05588-A98299A-R26-C55,16671,274.547662083159,C
5,SA919X7XB05588-A98299A-R26-C59,15831,287.738246493572,C
5,SA919X7XB05588-A98299A-R26-C65,10549,279.840012456195,C
5,SA919X7XB05588-A98299A-R27-C07,16264,275.86967103784,C
5,SA919X7XB05588-A98299A-R27-C08,17854,292.241712649402,C
5,SA919X7XB05588-A98299A-R27-C24,18514,277.800819638892,C
5,SA919X7XB05588-A98299A-R27-C32,16940,275.751245577861,C
5,SA919X7XB05588-A98299A-R27-C44,16287,283.65345774145,C
5,SA919X7XB05588-A98299A-R27-C46,18105,273.985703797416,B
5,SA919X7XB05588-A98299A-R27-C56,18465,280.522437028874,C
5,SA919X7XB05588-A98299A-R27-C59,14974,282.694292166565,C
5,SA919X7XB05588-A98299A-R27-C61,15674,269.815650638534,C
5,SA919X7XB05588-A98299A-R27-C63,17908,287.373302568511,C
5,SA919X7XB05588-A98299A-R27-C68,14179,274.07115129595,C
5,SA919X7XB05588-A98299A-R28-C32,16852,280.04508353096,C
5,SA919X7XB05588-A98299A-R28-C40,16918,280.53486996066,C
5,SA919X7XB05588-A98299A-R28-C44,14466,274.406069894235,B
5,SA919X7XB05588-A98299A-R28-C47,16031,276.37621388367,C
5,SA919X7XB05588-A98299A-R28-C49,9485,277.365600352842,C
5,SA919X7XB05588-A98299A-R28-C51,19322,276.763268787902,C
5,SA919X7XB05588-A98299A-R28-C59,16053,270.52656890584,C
5,SA919X7XB05588-A98299A-R28-C63,19455,283.767141643661,C
5,SA919X7XB05588-A98299A-R28-C68,12132,273.374991883042,C
5,SA919X7XB05588-A98299A-R28-C69,15054,287.412024912317,B
5,SA919X7XB05588-A98299A-R28-C70,12163,280.714006887859,C
5,SA919X7XB05588-A98299A-R29-C07,17374,278.632482074944,C
5,SA919X7XB05588-A98299A-R29-C19,15259,276.923919126693,C
5,SA919X7XB05588-A98299A-R29-C21,18074,282.004391989522,C
5,SA919X7XB05588-A98299A-R29-C41,17629,279.548345809972,C
5,SA919X7XB05588-A98299A-R29-C46,17761,277.726574840186,C
5,SA919X7XB05588-A98299A-R29-C47,17412,279.711339808212,C
5,SA919X7XB05588-A98299A-R29-C51,19838,285.573603593983,C
5,SA919X7XB05588-A98299A-R29-C55,14555,280.539600166992,C
5,SA919X7XB05588-A98299A-R29-C59,17154,289.402805020269,C
5,SA919X7XB05588-A98299A-R29-C64,18637,277.648658551211,C
5,SA919X7XB05588-A98299A-R29-C65,11267,279.473301994973,C
5,SA919X7XB05588-A98299A-R29-C69,14655,281.184958144214,C
5,SA919X7XB05588-A98299A-R29-C70,13354,264.355046020184,C
5,SA919X7XB05588-A98299A-R30-C07,14331,280.46785670594,C
5,SA919X7XB05588-A98299A-R30-C35,14016,275.022216681269,C
5,SA919X7XB05588-A98299A-R30-C46,10246,208.743346979848,B
5,SA919X7XB05588-A98299A-R30-C48,12826,271.437896872675,C
5,SA919X7XB05588-A98299A-R30-C49,11944,279.486448930695,C
5,SA919X7XB05588-A98299A-R30-C54,12618,278.160633647558,C
5,SA919X7XB05588-A98299A-R30-C60,13769,278.936461751396,C
5,SA919X7XB05691-A96204B-R29-C07,21949,204.448785427678,B
5,SA919X7XB05691-A96204B-R29-C08,21911,203.339824344865,B
5,SA919X7XB05691-A96204B-R29-C12,26389,215.057448341094,B
5,SA919X7XB05691-A96204B-R29-C15,22659,206.573980943922,B
5,SA919X7XB05691-A96204B-R29-C16,23545,202.035119885546,B
5,SA919X7XB05691-A96204B-R29-C17,22913,202.162879572495,B
5,SA919X7XB05691-A96204B-R29-C18,15295,207.690017529815,B
5,SA919X7XB05691-A96204B-R29-C20,22433,207.064105648568,B
5,SA919X7XB05691-A96204B-R29-C22,21744,206.50317730097,B
5,SA919X7XB05691-A96204B-R29-C23,22813,205.224808647028,B
5,SA919X7XB05691-A96204B-R29-C29,18881,202.959664070337,B
5,SA919X7XB05691-A96204B-R29-C30,19475,206.969736159663,B
5,SA919X7XB05691-A96204B-R29-C32,22978,206.578579199135,B
5,SA919X7XB05691-A96204B-R29-C33,14801,213.871560202511,B
5,SA919X7XB05691-A96204B-R29-C34,13512,206.300944436546,B
5,SA919X7XB05691-A96204B-R29-C35,34109,211.411580779394,B
5,SA919X7XB05691-A96204B-R29-C36,13110,208.990030500221,B
5,SA919X7XB05691-A96204B-R29-C38,18515,205.363443659351,B
5,SA919X7XB05691-A96204B-R29-C40,21393,206.586088189392,B
5,SA919X7XB05691-A96204B-R29-C41,22286,208.357026949999,B
5,SA919X7XB05691-A96204B-R29-C43,22458,203.321620585708,B
5,SA919X7XB05691-A96204B-R29-C44,30675,203.365416936313,B
5,SA919X7XB05691-A96204B-R29-C45,15379,217.406121858168,B
5,SA919X7XB05691-A96204B-R29-C48,22741,207.064755612451,B
5,SA919X7XB05691-A96204B-R29-C49,20383,208.467103844778,B
5,SA919X7XB05691-A96204B-R29-C54,21605,200.831473964709,B
5,SA919X7XB05691-A96204B-R29-C57,23181,208.427956387764,B
5,SA919X7XB05691-A96204B-R29-C58,31256,209.788881658631,B
5,SA919X7XB05691-A96204B-R29-C63,23725,207.396523899962,B
5,SA919X7XB05691-A96204B-R29-C65,13485,208.222679569327,B
5,SA919X7XB05691-A96204B-R29-C68,20103,211.535268749802,B
5,SA919X7XB05691-A96204B-R29-C69,20345,208.204620878839,B
5,SA919X7XB05691-A96204B-R30-C07,18456,208.046370273666,B
5,SA919X7XB05691-A96204B-R30-C09,22785,215.122925311285,B
5,SA919X7XB05691-A96204B-R30-C10,12856,205.728168121034,B
5,SA919X7XB05691-A96204B-R30-C11,22715,217.264864522503,B
5,SA919X7XB05691-A96204B-R30-C12,15016,214.942274926005,B
5,SA919X7XB05691-A96204B-R30-C14,16539,205.73295146731,B
5,SA919X7XB05691-A96204B-R30-C19,14676,206.876795041369,B
5,SA919X7XB05691-A96204B-R30-C22,17760,210.033507459357,B
5,SA919X7XB05691-A96204B-R30-C28,24799,206.908456291697,B
5,SA919X7XB05691-A96204B-R30-C33,13635,208.312563260876,B
5,SA919X7XB05691-A96204B-R30-C35,16870,206.284742389638,B
5,SA919X7XB05691-A96204B-R30-C37,14756,210.858108284608,B
5,SA919X7XB05691-A96204B-R30-C41,17677,206.266579156724,B
5,SA919X7XB05691-A96204B-R30-C42,17186,206.383027652951,B
5,SA919X7XB05691-A96204B-R30-C45,9999,206.876689655845,B
5,SA919X7XB05691-A96204B-R30-C48,15991,210.387567272656,B
5,SA919X7XB05691-A96204B-R30-C49,16222,201.447789000313,B
5,SA919X7XB05691-A96204B-R30-C57,18949,206.781390677759,B
5,SA919X7XB05691-A96204B-R30-C58,24626,203.987819914105,B
5,SA919X7XB05691-A96204B-R31-C10,14538,211.386646302572,B
5,SA919X7XB05691-A96204B-R31-C12,18076,205.975503658703,B
5,SA919X7XB05691-A96204B-R31-C21,15807,198.229082140078,B
5,SA919X7XB05691-A96204B-R31-C22,16871,206.833942488687,B
5,SA919X7XB05691-A96204B-R31-C23,19842,208.772263811629,B
5,SA919X7XB05691-A96204B-R31-C25,19649,213.821275427118,B
5,SA919X7XB05691-A96204B-R31-C26,17281,211.557526766602,B
5,SA919X7XB05691-A96204B-R31-C33,12178,211.949097596175,B
5,SA919X7XB05691-A96204B-R31-C36,11887,212.458325935194,B
5,SA919X7XB05691-A96204B-R31-C37,16893,209.305596381762,B
5,SA919X7XB05691-A96204B-R31-C39,17944,215.850639133823,B
5,SA919X7XB05691-A96204B-R31-C41,19741,211.135100265152,B
5,SA919X7XB05691-A96204B-R31-C44,20335,212.183821508234,B
5,SA919X7XB05691-A96204B-R31-C45,11400,206.687730019231,B
5,SA919X7XB05691-A96204B-R31-C47,17788,211.894584261788,B
5,SA919X7XB05691-A96204B-R31-C49,17813,206.485179608152,B
5,SA919X7XB05691-A96204B-R31-C50,14191,207.835651995451,B
5,SA919X7XB05691-A96204B-R31-C51,13120,214.148944020096,B
5,SA919X7XB05691-A96204B-R31-C53,7465,213.436868330443,B
5,SA919X7XB05691-A96204B-R31-C55,14118,209.51801399159,B
5,SA919X7XB05691-A96204B-R31-C63,16344,205.678872038529,B
5,SA919X7XB05691-A96204B-R31-C65,10052,216.733982267027,B
5,SA919X7XB05691-A96204B-R31-C68,11987,207.012564357559,B
5,SA919X7XB05691-A96204B-R32-C10,13959,204.168945322857,B
5,SA919X7XB05691-A96204B-R32-C16,18729,210.726782774331,B
5,SA919X7XB05691-A96204B-R32-C17,15535,207.680441532759,B
5,SA919X7XB05691-A96204B-R32-C20,20107,205.071007002887,B
5,SA919X7XB05691-A96204B-R32-C21,9822,214.595176349223,B
5,SA919X7XB05691-A96204B-R32-C22,14522,211.995875946645,B
5,SA919X7XB05691-A96204B-R32-C25,18881,212.481072305762,B
5,SA919X7XB05691-A96204B-R32-C26,16283,208.478245546443,B
5,SA919X7XB05691-A96204B-R32-C32,20942,207.310284222602,B
5,SA919X7XB05691-A96204B-R32-C33,11031,212.420573167171,B
5,SA919X7XB05691-A96204B-R32-C34,11436,211.332936558904,B
5,SA919X7XB05691-A96204B-R32-C36,11950,209.652413874622,B
5,SA919X7XB05691-A96204B-R32-C39,19213,213.573088994931,B
5,SA919X7XB05691-A96204B-R32-C40,17887,206.29235334759,B
5,SA919X7XB05691-A96204B-R32-C41,18288,206.338757100349,B
5,SA919X7XB05691-A96204B-R32-C44,20266,209.991772740427,B
5,SA919X7XB05691-A96204B-R32-C50,16883,209.196561258567,B
5,SA919X7XB05691-A96204B-R32-C51,10287,209.980133217106,B
5,SA919X7XB05691-A96204B-R32-C54,17612,209.492254960382,B
5,SA919X7XB05691-A96204B-R32-C56,14712,209.621802980077,B
5,SA919X7XB05691-A96204B-R32-C59,18166,206.280367346108,B
5,SA919X7XB05691-A96204B-R32-C61,15856,203.062643942322,B
5,SA919X7XB05691-A96204B-R32-C62,16751,213.275842506393,B
5,SA919X7XB05691-A96204B-R32-C63,18231,212.158567884029,B
5,SA919X7XB05691-A96204B-R32-C64,19517,204.772049779507,B
5,SA919X7XB05691-A96204B-R33-C10,12782,208.842453298296,B
5,SA919X7XB05691-A96204B-R33-C12,15584,205.457837305043,B
5,SA919X7XB05691-A96204B-R33-C13,23110,208.976286163117,B
5,SA919X7XB05691-A96204B-R33-C16,16839,204.848529952918,B
5,SA919X7XB05691-A96204B-R33-C17,17019,212.440401213042,B
5,SA919X7XB05691-A96204B-R33-C18,17023,217.345007527765,B
5,SA919X7XB05691-A96204B-R33-C20,16675,209.23983499457,B
5,SA919X7XB05691-A96204B-R33-C21,24169,212.398792781997,B
5,SA919X7XB05691-A96204B-R33-C23,15947,202.324042107362,B
5,SA919X7XB05691-A96204B-R33-C26,13427,206.170014959021,B
5,SA919X7XB05691-A96204B-R33-C29,10336,197.9395574291,B
5,SA919X7XB05691-A96204B-R33-C31,16950,204.848188998703,B
5,SA919X7XB05691-A96204B-R33-C32,16051,209.55072399946,B
5,SA919X7XB05691-A96204B-R33-C34,9007,209.872111538189,B
5,SA919X7XB05691-A96204B-R33-C37,8796,214.68101183924,B
5,SA919X7XB05691-A96204B-R33-C39,22986,210.852896199968,B
5,SA919X7XB05691-A96204B-R33-C46,22562,204.851842465361,B
5,SA919X7XB05691-A96204B-R33-C47,15322,200.576608534953,B
5,SA919X7XB05691-A96204B-R33-C48,15392,210.652134513961,B
5,SA919X7XB05691-A96204B-R33-C49,14667,209.627522198081,B
5,SA919X7XB05691-A96204B-R33-C50,13403,204.601933079543,B
5,SA919X7XB05691-A96204B-R33-C54,13888,202.363821431431,B
5,SA919X7XB05691-A96204B-R33-C55,14874,207.015503535553,B
5,SA919X7XB05691-A96204B-R33-C58,11779,203.803823571691,B
5,SA919X7XB05691-A96204B-R33-C59,14154,209.361897605071,B
5,SA919X7XB05691-A96204B-R33-C61,14816,209.805668411954,B
5,SA919X7XB05691-A96204B-R33-C65,10716,211.048950561105,B
5,SA919X7XB05691-A96204B-R33-C67,14451,206.56533314505,B
5,SA919X7XB05691-A96204B-R33-C69,13576,206.364178575548,B
5,SA919X7XB05691-A96204B-R34-C10,13563,202.574035884611,B
5,SA919X7XB05691-A96204B-R34-C11,16202,208.482065867833,B
5,SA919X7XB05691-A96204B-R34-C12,16539,210.394177057039,B
5,SA919X7XB05691-A96204B-R34-C13,19288,204.883857185712,B
5,SA919X7XB05691-A96204B-R34-C14,15973,205.88604491901,B
5,SA919X7XB05691-A96204B-R34-C15,29354,213.466037789428,B
5,SA919X7XB05691-A96204B-R34-C16,18154,206.922067285372,B
5,SA919X7XB05691-A96204B-R34-C17,19832,208.120438021275,B
5,SA919X7XB05691-A96204B-R34-C19,14106,200.144017028273,B
5,SA919X7XB05691-A96204B-R34-C21,15621,208.036678238465,B
5,SA919X7XB05691-A96204B-R34-C24,20716,207.08236994493,B
5,SA919X7XB05691-A96204B-R34-C26,14441,204.00229735511,B
5,SA919X7XB05691-A96204B-R34-C27,13505,204.653988395975,B
5,SA919X7XB05691-A96204B-R34-C28,19104,208.354449234992,B
5,SA919X7XB05691-A96204B-R34-C29,14591,202.890492323174,B
5,SA919X7XB05691-A96204B-R34-C32,18196,208.325774917355,B
5,SA919X7XB05691-A96204B-R34-C33,14094,204.978940481855,B
5,SA919X7XB05691-A96204B-R34-C34,10756,210.542572855388,B
5,SA919X7XB05691-A96204B-R34-C35,15758,203.625157742358,B
5,SA919X7XB05691-A96204B-R34-C37,14775,208.303879040229,B
5,SA919X7XB05691-A96204B-R34-C39,17643,208.412315497724,B
5,SA919X7XB05691-A96204B-R34-C41,18484,205.211740982281,B
5,SA919X7XB05691-A96204B-R34-C42,24443,212.3285910764,B
5,SA919X7XB05691-A96204B-R34-C43,17139,213.363751246449,B
5,SA919X7XB05691-A96204B-R34-C45,11167,204.448036225769,B
5,SA919X7XB05691-A96204B-R34-C47,18287,210.799826635244,B
5,SA919X7XB05691-A96204B-R34-C48,18215,213.493848887887,B
5,SA919X7XB05691-A96204B-R34-C56,18989,210.693054450342,B
5,SA919X7XB05691-A96204B-R34-C57,19393,211.721191688458,B
5,SA919X7XB05691-A96204B-R34-C59,14711,206.046824949103,B
5,SA919X7XB05691-A96204B-R34-C62,15067,208.089077680443,B
5,SA919X7XB05691-A96204B-R34-C63,17843,208.900441372826,B
5,SA919X7XB05691-A96204B-R34-C66,17499,206.597209426373,B
5,SA919X7XB05691-A96204B-R34-C67,16046,203.594442748454,B
5,SA919X7XB05691-A96204B-R34-C70,16270,209.828022381026,B
5,SA919X7XB05691-A96204B-R35-C07,17084,205.414046687916,B
5,SA919X7XB05691-A96204B-R35-C09,25957,205.728944643028,B
5,SA919X7XB05691-A96204B-R35-C12,14576,213.955569910281,B
5,SA919X7XB05691-A96204B-R35-C14,15392,215.496917818788,B
5,SA919X7XB05691-A96204B-R35-C23,17940,208.752640104949,B
5,SA919X7XB05691-A96204B-R35-C24,20070,205.052911696384,B
5,SA919X7XB05691-A96204B-R35-C25,16470,210.637820578073,B
5,SA919X7XB05691-A96204B-R35-C28,18495,204.84941353955,B
5,SA919X7XB05691-A96204B-R35-C31,17695,206.523760656495,B
5,SA919X7XB05691-A96204B-R35-C33,13072,209.736466511587,B
5,SA919X7XB05691-A96204B-R35-C36,10719,209.764169660799,B
5,SA919X7XB05691-A96204B-R35-C37,14630,205.701615961694,B
5,SA919X7XB05691-A96204B-R35-C39,18987,207.801639571486,B
5,SA919X7XB05691-A96204B-R35-C45,11049,206.695675421302,B
5,SA919X7XB05691-A96204B-R35-C47,13379,201.076534796403,B
5,SA919X7XB05691-A96204B-R35-C50,12826,205.7705608821,B
5,SA919X7XB05691-A96204B-R35-C51,11608,202.565689950662,B
5,SA919X7XB05691-A96204B-R35-C58,12188,210.595561785556,B
5,SA919X7XB05691-A96204B-R35-C59,14807,209.624647361585,B
5,SA919X7XB05691-A96204B-R35-C66,14858,204.572642665155,B
5,SA919X7XB05691-A96204B-R36-C07,14224,211.481628516795,B
5,SA919X7XB05691-A96204B-R36-C10,11825,208.838650202719,B
5,SA919X7XB05691-A96204B-R36-C14,12985,213.595632914634,B
5,SA919X7XB05691-A96204B-R36-C16,15400,215.050764138276,B
5,SA919X7XB05691-A96204B-R36-C17,20935,209.47888731698,B
5,SA919X7XB05691-A96204B-R36-C25,19537,209.771874405416,A
5,SA919X7XB05691-A96204B-R36-C28,13635,206.882744978536,B
5,SA919X7XB05691-A96204B-R36-C30,11662,205.788728148952,B
5,SA919X7XB05691-A96204B-R36-C32,12974,211.702540043531,B
5,SA919X7XB05691-A96204B-R36-C37,11021,212.548338219141,B
5,SA919X7XB05691-A96204B-R36-C38,10636,207.550176902726,B
5,SA919X7XB05691-A96204B-R36-C39,13536,204.034859670878,B
5,SA919X7XB05691-A96204B-R36-C42,13016,211.467641052168,B
5,SA919X7XB05691-A96204B-R36-C44,14172,204.091704410366,B
5,SA919X7XB05691-A96204B-R36-C49,12218,209.274707040261,B
5,SA919X7XB05691-A96204B-R36-C52,13636,203.132683784066,B
5,SA919X7XB05691-A96204B-R36-C55,12687,202.031990324341,B
5,SA919X7XB05691-A96204B-R36-C58,10782,203.412957093251,B
5,SA919X7XB05691-A96204B-R36-C63,12677,205.396068520205,B
5,SA919X7XB05691-A96204B-R36-C64,12940,207.742644731212,B
5,SA919X7XB05691-A96204B-R36-C65,10743,217.680955183849,B
5,SA919X7XB05691-A96204B-R37-C08,21477,209.595259510042,B
5,SA919X7XB05691-A96204B-R37-C10,11186,211.300743499399,B
5,SA919X7XB05691-A96204B-R37-C12,13182,212.845221469237,B
5,SA919X7XB05691-A96204B-R37-C13,16525,208.073925810684,B
5,SA919X7XB05691-A96204B-R37-C16,22170,208.802070882655,B
5,SA919X7XB05691-A96204B-R37-C17,21134,206.634479550938,B
5,SA919X7XB05691-A96204B-R37-C20,12900,199.216418088936,B
5,SA919X7XB05691-A96204B-R37-C22,14040,209.766145567804,B
5,SA919X7XB05691-A96204B-R37-C23,15994,206.141212047168,B
5,SA919X7XB05691-A96204B-R37-C24,16075,201.117880633792,B
5,SA919X7XB05691-A96204B-R37-C26,15949,199.079997180473,B
5,SA919X7XB05691-A96204B-R37-C27,16739,209.095939633871,B
5,SA919X7XB05691-A96204B-R37-C28,22069,211.137135529917,B
5,SA919X7XB05691-A96204B-R37-C31,14531,204.60111462599,B
5,SA919X7XB05691-A96204B-R37-C32,15072,208.853457931149,B
5,SA919X7XB05691-A96204B-R37-C35,13746,207.223117550975,B
5,SA919X7XB05691-A96204B-R37-C36,13372,204.313822340369,B
5,SA919X7XB05691-A96204B-R37-C38,11532,217.029986410373,B
5,SA919X7XB05691-A96204B-R37-C39,15989,205.616208179316,B
5,SA919X7XB05691-A96204B-R37-C40,14293,207.374889039806,B
5,SA919X7XB05691-A96204B-R37-C41,15185,203.452945387287,B
5,SA919X7XB05691-A96204B-R37-C42,13389,207.036341472243,B
5,SA919X7XB05691-A96204B-R37-C44,15648,205.211711432121,B
5,SA919X7XB05691-A96204B-R37-C46,16470,206.23061776151,B
5,SA919X7XB05691-A96204B-R37-C47,16209,205.821088978333,B
5,SA919X7XB05691-A96204B-R37-C49,13756,206.811090520469,B
5,SA919X7XB05691-A96204B-R37-C50,12049,210.027390059287,B
5,SA919X7XB05691-A96204B-R37-C55,14425,208.862875484645,B
5,SA919X7XB05691-A96204B-R37-C57,14767,203.986708828711,B
5,SA919X7XB05691-A96204B-R37-C58,12548,209.843328112446,B
5,SA919X7XB05691-A96204B-R37-C60,13729,211.50788014221,B
5,SA919X7XB05691-A96204B-R37-C63,16974,211.982752924185,B
5,SA919X7XB05691-A96204B-R37-C64,15836,204.289767912037,B
5,SA919X7XB05691-A96204B-R37-C70,14777,209.925665626395,B
5,SA919X7XB05691-A96204B-R38-C11,20510,211.622738331577,B
5,SA919X7XB05691-A96204B-R38-C18,12685,206.168387383604,B
5,SA919X7XB05691-A96204B-R38-C19,14100,203.829124846971,B
5,SA919X7XB05691-A96204B-R38-C20,16001,206.042412295172,B
5,SA919X7XB05691-A96204B-R38-C22,16160,202.086749050967,B
5,SA919X7XB05691-A96204B-R38-C23,13471,214.775878759557,B
5,SA919X7XB05691-A96204B-R38-C25,18056,204.897646449545,B
5,SA919X7XB05691-A96204B-R38-C30,14183,201.549797335992,B
5,SA919X7XB05691-A96204B-R38-C33,14166,211.561053610428,B
5,SA919X7XB05691-A96204B-R38-C34,10416,215.211900623175,B
5,SA919X7XB05691-A96204B-R38-C36,10917,204.405955048307,B
5,SA919X7XB05691-A96204B-R38-C38,11732,204.780334411457,B
5,SA919X7XB05691-A96204B-R38-C39,17310,206.28367333277,B
5,SA919X7XB05691-A96204B-R38-C40,16674,204.001899911485,B
5,SA919X7XB05691-A96204B-R38-C42,16015,212.187713253767,B
5,SA919X7XB05691-A96204B-R38-C44,17564,210.493902726739,B
5,SA919X7XB05691-A96204B-R38-C46,16892,208.637436189091,B
5,SA919X7XB05691-A96204B-R38-C47,15798,203.555109233752,B
5,SA919X7XB05691-A96204B-R38-C51,14072,210.437586423346,B
5,SA919X7XB05691-A96204B-R38-C56,18855,210.246286066436,B
5,SA919X7XB05691-A96204B-R38-C59,17115,208.691448086709,B
5,SA919X7XB05691-A96204B-R38-C60,22076,211.698390036823,B
5,SA919X7XB05691-A96204B-R38-C61,15258,212.859581154477,B
5,SA919X7XB05691-A96204B-R38-C66,16896,209.739007491596,B
5,SA919X7XB05691-A96204B-R38-C68,13218,208.96542300449,B
5,SA919X7XB05691-A96204B-R38-C70,13251,213.180640652472,B
5,SA919X7XB05691-A96204B-R39-C07,14472,212.134548182467,B
5,SA919X7XB05691-A96204B-R39-C10,15134,215.018355375473,B
5,SA919X7XB05691-A96204B-R39-C12,12678,203.065046319828,B
5,SA919X7XB05691-A96204B-R39-C15,13082,199.722301244231,B
5,SA919X7XB05691-A96204B-R39-C17,14430,207.780784491728,B
5,SA919X7XB05691-A96204B-R39-C19,10848,208.264511601086,B
5,SA919X7XB05691-A96204B-R39-C22,12494,204.093645658284,B
5,SA919X7XB05691-A96204B-R39-C23,12469,199.215497442051,B
5,SA919X7XB05691-A96204B-R39-C24,15355,204.549497068488,B
5,SA919X7XB05691-A96204B-R39-C29,12557,210.810301242703,B
5,SA919X7XB05691-A96204B-R39-C34,8362,200.179913283307,B
5,SA919X7XB05691-A96204B-R39-C36,9318,210.935635619468,B
5,SA919X7XB05691-A96204B-R39-C44,14776,206.824951687431,B
5,SA919X7XB05691-A96204B-R39-C52,13394,207.291148762427,B
5,SA919X7XB05691-A96204B-R39-C58,11424,210.037092530766,B
5,SA919X7XB05691-A96204B-R39-C62,11916,213.244358483399,B
5,SA919X7XB05691-A96204B-R39-C64,20838,209.342102640713,B
5,SA919X7XB05691-A96204B-R39-C66,13879,207.690650721891,B
5,SA919X7XB05691-A96204B-R39-C68,16759,204.842397044782,B
5,SA919X7XB05691-A96204B-R40-C11,12948,209.498924487498,B
5,SA919X7XB05691-A96204B-R40-C13,16189,205.602493563543,B
5,SA919X7XB05691-A96204B-R40-C17,22288,207.854590977557,B
5,SA919X7XB05691-A96204B-R40-C37,12557,202.116685565152,B
5,SA919X7XB05691-A96204B-R40-C50,12638,207.936571413617,B
5,SA919X7XB05691-A96204B-R40-C60,15746,209.116353912242,B
5,SA919X7XB05691-A96204B-R40-C63,15858,213.241071989961,B
5,SA919X7XB05691-A96204B-R40-C64,14227,214.661162283663,B
5,SA919X7XB05691-A96204B-R40-C68,14819,213.046738122699,B
5,SA919X7XB05691-A96204B-R42-C07,15039,210.834377732349,B
5,SA919X7XB05691-A96204B-R42-C10,10709,211.906017747004,B
5,SA919X7XB05691-A96204B-R42-C12,20760,218.15875893154,B
5,SA919X7XB05691-A96204B-R42-C14,13656,208.154153260979,B
5,SA919X7XB05691-A96204B-R42-C16,16859,206.293895700739,B
5,SA919X7XB05691-A96204B-R42-C26,13322,210.119299874126,B
5,SA919X7XB05691-A96204B-R42-C31,15606,209.296095853102,B
5,SA919X7XB05691-A96204B-R42-C32,22089,208.052339889391,B
5,SA919X7XB05691-A96204B-R42-C33,11474,208.38993566922,B
5,SA919X7XB05691-A96204B-R42-C35,13409,202.043846721529,B
5,SA919X7XB05691-A96204B-R42-C36,11790,211.137416084534,B
5,SA919X7XB05691-A96204B-R42-C37,12377,197.151158804581,B
5,SA919X7XB05691-A96204B-R42-C38,12662,211.773668559598,B
5,SA919X7XB05691-A96204B-R42-C39,12222,201.217257963002,B
5,SA919X7XB05691-A96204B-R42-C42,14530,206.943776574195,B
5,SA919X7XB05691-A96204B-R42-C43,22285,208.964172453558,B
5,SA919X7XB05691-A96204B-R42-C44,17304,203.495323185064,B
5,SA919X7XB05691-A96204B-R42-C49,14540,205.146597519882,B
5,SA919X7XB05691-A96204B-R42-C51,12253,215.896899209581,B
5,SA919X7XB05691-A96204B-R42-C52,12333,209.342279181069,B
5,SA919X7XB05691-A96204B-R42-C54,14165,210.541311869167,B
5,SA919X7XB05691-A96204B-R42-C55,12053,207.623527832914,B
5,SA919X7XB05691-A96204B-R42-C56,13331,219.896859646062,B
5,SA919X7XB05691-A96204B-R42-C57,16482,203.276911113183,B
5,SA919X7XB05691-A96204B-R42-C59,14448,208.586195381546,B
5,SA919X7XB05691-A96204B-R42-C60,14375,203.510576280052,B
5,SA919X7XB05691-A96204B-R42-C61,15042,209.544868058605,B
5,SA919X7XB05691-A96204B-R42-C63,15856,206.310417754859,B
5,SA919X7XB05691-A96204B-R42-C66,15026,211.45620464153,B
5,SA919X7XB05691-A96204B-R42-C67,12824,204.260682782752,B
5,SA919X7XB05691-A96204B-R42-C69,16874,208.083350369202,B
5,SA919X7XB05691-A96204B-R42-C70,14036,213.961406707787,B
5,SA919X7XB05691-A96204B-R43-C07,10819,205.903708189461,B
5,SA919X7XB05691-A96204B-R43-C09,11928,209.230382391289,B
5,SA919X7XB05691-A96204B-R43-C11,8837,203.032901738793,B
5,SA919X7XB05691-A96204B-R43-C12,11134,211.592405524299,B
5,SA919X7XB05691-A96204B-R43-C13,13894,215.914825725659,B
5,SA919X7XB05691-A96204B-R43-C14,10402,204.465080973947,B
5,SA919X7XB05691-A96204B-R43-C19,10338,209.562461905922,B
5,SA919X7XB05691-A96204B-R43-C20,12096,208.753437100067,B
5,SA919X7XB05691-A96204B-R43-C21,11419,215.576805575675,B
5,SA919X7XB05691-A96204B-R43-C23,11545,208.010558017906,B
5,SA919X7XB05691-A96204B-R43-C25,13200,212.30797890098,B
5,SA919X7XB05691-A96204B-R43-C28,12770,212.391855335623,B
5,SA919X7XB05691-A96204B-R43-C31,12119,215.647967602591,B
5,SA919X7XB05691-A96204B-R43-C32,11019,211.050855273882,B
5,SA919X7XB05691-A96204B-R43-C33,8936,207.522955996703,B
5,SA919X7XB05691-A96204B-R43-C34,6307,208.186733883348,B
5,SA919X7XB05691-A96204B-R43-C35,10455,207.016299705202,B
5,SA919X7XB05691-A96204B-R43-C36,6445,212.517225374985,B
5,SA919X7XB05691-A96204B-R43-C37,10415,210.369960195381,B
5,SA919X7XB05691-A96204B-R43-C42,10636,207.928446167965,B
5,SA919X7XB05691-A96204B-R43-C43,10490,210.686793531802,B
5,SA919X7XB05691-A96204B-R43-C44,12888,208.627417001585,B
5,SA919X7XB05691-A96204B-R43-C45,8382,211.107844605299,B
5,SA919X7XB05691-A96204B-R43-C46,11683,209.439445993092,B
5,SA919X7XB05691-A96204B-R43-C47,12392,210.433927636098,B
5,SA919X7XB05691-A96204B-R43-C48,11645,206.384247060106,B
5,SA919X7XB05691-A96204B-R43-C49,14460,210.140595546316,B
5,SA919X7XB05691-A96204B-R43-C54,10566,216.555503834747,B
5,SA919X7XB05691-A96204B-R43-C55,10921,205.37616131082,B
5,SA919X7XB05691-A96204B-R43-C56,10866,213.121044156421,B
5,SA919X7XB05691-A96204B-R43-C58,9177,214.199849266644,B
5,SA919X7XB05691-A96204B-R43-C59,7077,211.487989900094,B
5,SA919X7XB05691-A96204B-R43-C60,11872,207.985923123945,B
5,SA919X7XB05691-A96204B-R43-C63,10158,213.632780384395,B
5,SA919X7XB05691-A96204B-R43-C66,14967,209.668124329074,B
5,SA919X7XB05691-A96204B-R43-C67,12118,204.727014882697,B
5,SA919X7XB05691-A96204B-R43-C68,7359,216.477267115486,B
5,SA919X7XB05691-A96204B-R43-C70,6361,216.473689977321,B
5,SA919X7XB05691-A96204B-R44-C10,9984,207.304228935791,B
5,SA919X7XB05691-A96204B-R44-C14,11660,211.965019868348,B
5,SA919X7XB05691-A96204B-R44-C17,13292,204.180770681343,B
5,SA919X7XB05691-A96204B-R44-C18,10333,210.115010089081,B
5,SA919X7XB05691-A96204B-R44-C20,12277,206.564158174708,B
5,SA919X7XB05691-A96204B-R44-C23,12911,210.033073950402,B
5,SA919X7XB05691-A96204B-R44-C27,10076,205.147853967159,B
5,SA919X7XB05691-A96204B-R44-C28,12794,208.165077929791,B
5,SA919X7XB05691-A96204B-R44-C29,10038,208.109017682334,B
5,SA919X7XB05691-A96204B-R44-C31,13808,208.005426163803,B
5,SA919X7XB05691-A96204B-R44-C32,13524,214.388891286827,B
5,SA919X7XB05691-A96204B-R44-C35,11717,208.846309466445,B
5,SA919X7XB05691-A96204B-R44-C36,7409,205.012170143869,B
5,SA919X7XB05691-A96204B-R44-C37,10069,214.733261926957,B
5,SA919X7XB05691-A96204B-R44-C39,12249,203.323811545947,B
5,SA919X7XB05691-A96204B-R44-C40,13104,215.729876089921,B
5,SA919X7XB05691-A96204B-R44-C42,16509,217.376476705032,B
5,SA919X7XB05691-A96204B-R44-C44,13110,208.408024776269,B
5,SA919X7XB05691-A96204B-R44-C46,12404,205.685335022928,B
5,SA919X7XB05691-A96204B-R44-C50,10089,206.631788562483,B
5,SA919X7XB05691-A96204B-R44-C52,10538,205.360457789746,B
5,SA919X7XB05691-A96204B-R44-C59,11525,214.392833347801,B
5,SA919X7XB05691-A96204B-R44-C68,8861,192.754034142342,B
5,SA919X7XB05691-A96204B-R44-C69,9680,206.290087729904,B
5,SA919X7XB05691-A96204B-R44-C70,13857,212.687307469231,B
5,SA919X7XB05691-A96204B-R45-C10,8385,204.214808827037,B
5,SA919X7XB05691-A96204B-R45-C12,12290,206.525353542445,B
5,SA919X7XB05691-A96204B-R45-C13,20606,214.44256349015,B
5,SA919X7XB05691-A96204B-R45-C14,16756,210.070443667725,B
5,SA919X7XB05691-A96204B-R45-C16,11480,215.244494967604,B
5,SA919X7XB05691-A96204B-R45-C17,12996,202.771437394986,B
5,SA919X7XB05691-A96204B-R45-C18,9105,213.659742001161,B
5,SA919X7XB05691-A96204B-R45-C19,13755,212.351571903416,B
5,SA919X7XB05691-A96204B-R45-C20,10312,196.967883258905,B
5,SA919X7XB05691-A96204B-R45-C21,8683,212.272362672924,B
5,SA919X7XB05691-A96204B-R45-C24,14496,213.388839961403,B
5,SA919X7XB05691-A96204B-R45-C25,12336,208.211890362185,B
5,SA919X7XB05691-A96204B-R45-C27,8901,218.709200182404,B
5,SA919X7XB05691-A96204B-R45-C31,11893,210.884397038265,B
5,SA919X7XB05691-A96204B-R45-C32,13047,209.537881182722,B
5,SA919X7XB05691-A96204B-R45-C33,8653,208.480314285659,B
5,SA919X7XB05691-A96204B-R45-C36,6572,207.681266367458,B
5,SA919X7XB05691-A96204B-R45-C38,10574,216.991901442081,B
5,SA919X7XB05691-A96204B-R45-C39,17676,218.023799171531,B
5,SA919X7XB05691-A96204B-R45-C40,12114,209.593442331479,B
5,SA919X7XB05691-A96204B-R45-C43,12350,206.024246044789,B
5,SA919X7XB05691-A96204B-R45-C47,11733,201.916092009257,B
5,SA919X7XB05691-A96204B-R45-C51,10689,205.618412126551,B
5,SA919X7XB05691-A96204B-R45-C61,12189,210.233827643978,B
5,SA919X7XB05691-A96204B-R45-C62,12080,211.922021794042,B
5,SA919X7XB05691-A96204B-R45-C63,13865,208.005047486724,B
5,SA919X7XB05691-A96204B-R45-C64,10679,214.653505235746,B
5,SA919X7XB05691-A96204B-R45-C66,12747,211.996644984965,B
5,SA919X7XB05691-A96204B-R45-C67,10546,209.766916132352,B
5,SA919X7XB05691-A96204B-R45-C69,9839,210.277722970297,B
5,SA919X7XB05691-A96204B-R46-C30,13580,202.662497553821,B
5,SA919X7XB05691-A96204B-R46-C31,15070,207.675130008041,B
5,SA919X7XB05691-A96204B-R46-C33,9250,208.823657467805,B
5,SA919X7XB05691-A96204B-R46-C36,9241,209.936807022305,B
5,SA919X7XB05691-A96204B-R46-C38,12613,205.884491013594,B
5,SA919X7XB05691-A96204B-R46-C41,15921,207.152992156621,B
5,SA919X7XB05691-A96204B-R46-C47,15090,215.096424211885,B
5,SA919X7XB05691-A96204B-R46-C49,12411,201.621217526585,B
5,SA919X7XB05691-A96204B-R46-C52,13359,211.38069785632,B
5,SA919X7XB05691-A96204B-R46-C56,15972,208.379881360436,B
5,SA919X7XB05691-A96204B-R46-C57,15289,203.321140527978,B
5,SA919X7XB05691-A96204B-R46-C59,14745,212.254748640897,B
5,SA919X7XB05691-A96204B-R46-C62,11550,206.284088024439,B
5,SA919X7XB05691-A96204B-R46-C66,15595,213.114478730771,B
5,SA919X7XB05691-A96204B-R46-C67,11178,202.186820052959,B
5,SA919X7XB05691-A96204B-R46-C68,14760,212.736473254646,B
5,SA919X7XB05691-A96204B-R46-C70,14804,210.419461983673,B
5,SA919X7XB05691-A96204B-R47-C08,9898,210.74514971107,B
5,SA919X7XB05691-A96204B-R47-C11,10187,208.86853263416,B
5,SA919X7XB05691-A96204B-R47-C13,16495,208.25306850513,B
5,SA919X7XB05691-A96204B-R47-C14,10211,207.825747666051,B
5,SA919X7XB05691-A96204B-R47-C17,11532,204.837952364645,B
5,SA919X7XB05691-A96204B-R47-C20,11146,208.025156970562,B
5,SA919X7XB05691-A96204B-R47-C21,8667,208.117012343209,B
5,SA919X7XB05691-A96204B-R47-C22,10423,201.932090727573,B
5,SA919X7XB05691-A96204B-R47-C24,17788,208.222491597584,B
5,SA919X7XB05691-A96204B-R47-C28,10677,203.894315955192,B
5,SA919X7XB05691-A96204B-R47-C30,9454,202.461234041399,B
5,SA919X7XB05691-A96204B-R47-C31,10717,207.97823046106,B
5,SA919X7XB05691-A96204B-R47-C32,10806,209.258276137502,B
5,SA919X7XB05691-A96204B-R47-C33,9494,211.30114304868,B
5,SA919X7XB05691-A96204B-R47-C35,9634,208.264618813676,B
5,SA919X7XB05691-A96204B-R47-C40,9590,206.22591047314,B
5,SA919X7XB05691-A96204B-R47-C41,9692,211.554882673682,B
5,SA919X7XB05691-A96204B-R47-C42,10663,204.817682721124,B
5,SA919X7XB05691-A96204B-R47-C45,7898,217.40123301434,B
5,SA919X7XB05691-A96204B-R47-C46,11997,212.339078014444,B
5,SA919X7XB05691-A96204B-R47-C47,10870,207.644544000588,B
5,SA919X7XB05691-A96204B-R47-C48,10460,203.228269377753,B
5,SA919X7XB05691-A96204B-R47-C49,13308,206.627360482154,B
5,SA919X7XB05691-A96204B-R47-C50,9567,211.005374304143,B
5,SA919X7XB05691-A96204B-R47-C52,6571,214.569782560949,B
5,SA919X7XB05691-A96204B-R47-C59,11030,205.800244161031,B
5,SA919X7XB05691-A96204B-R47-C64,9205,201.551529880911,B
5,SA919X7XB05691-A96204B-R47-C65,7774,214.568825827049,B
5,SA919X7XB05691-A96204B-R47-C66,7253,212.334063462292,B
5,SA919X7XB05691-A96204B-R47-C67,9931,211.463405224763,B
5,SA919X7XB05691-A96204B-R47-C69,7269,200.521550370047,B
5,SA919X7XB05691-A96204B-R47-C70,15198,207.627982870117,B
5,SA919X7XB05691-A96204B-R48-C09,13048,205.311174060407,B
5,SA919X7XB05691-A96204B-R48-C10,10753,208.189076975804,B
5,SA919X7XB05691-A96204B-R48-C11,12118,205.620201671796,B
5,SA919X7XB05691-A96204B-R48-C12,12696,207.650027338331,B
5,SA919X7XB05691-A96204B-R48-C14,13007,212.569103210531,B
5,SA919X7XB05691-A96204B-R48-C15,14885,211.039574820812,B
5,SA919X7XB05691-A96204B-R48-C19,16017,208.0164316326,B
5,SA919X7XB05691-A96204B-R48-C21,12999,212.220672323805,B
5,SA919X7XB05691-A96204B-R48-C22,13947,211.792021765237,B
5,SA919X7XB05691-A96204B-R48-C23,15536,208.858530148366,B
5,SA919X7XB05691-A96204B-R48-C28,14327,214.521036730349,B
5,SA919X7XB05691-A96204B-R48-C30,11661,205.190356051642,B
5,SA919X7XB05691-A96204B-R48-C34,7587,205.533043427957,B
5,SA919X7XB05691-A96204B-R48-C35,12371,197.395634858132,B
5,SA919X7XB05691-A96204B-R48-C38,11239,211.586437058944,B
5,SA919X7XB05691-A96204B-R48-C43,14073,209.330330493976,B
5,SA919X7XB05691-A96204B-R48-C48,13225,201.73226540995,B
5,SA919X7XB05691-A96204B-R48-C51,15221,215.821321923756,B
5,SA919X7XB05691-A96204B-R48-C55,12396,200.776892378336,B
5,SA919X7XB05691-A96204B-R48-C56,13219,202.74402932382,B
5,SA919X7XB05691-A96204B-R48-C57,13915,204.352498641247,B
5,SA919X7XB05691-A96204B-R48-C58,10745,211.428996009049,B
5,SA919X7XB05691-A96204B-R48-C60,16842,211.265410698654,B
5,SA919X7XB05691-A96204B-R49-C12,10878,212.931587761142,B
5,SA919X7XB05691-A96204B-R49-C17,12877,209.904596944436,B
5,SA919X7XB05691-A96204B-R49-C21,10075,208.811664222522,B
5,SA919X7XB05691-A96204B-R49-C24,15229,205.977341475347,B
5,SA919X7XB05691-A96204B-R49-C25,9176,208.213578014039,B
5,SA919X7XB05691-A96204B-R49-C28,12132,211.240348504624,B
5,SA919X7XB05691-A96204B-R49-C31,13469,211.163999276895,B
5,SA919X7XB05691-A96204B-R49-C32,12192,207.216225506797,B
5,SA919X7XB05691-A96204B-R49-C33,8087,205.481307420068,B
5,SA919X7XB05691-A96204B-R49-C35,12141,211.215567701325,B
5,SA919X7XB05691-A96204B-R49-C36,6160,211.230508250331,B
5,SA919X7XB05691-A96204B-R49-C37,10480,217.743443541329,B
5,SA919X7XB05691-A96204B-R49-C40,15069,209.480499133514,B
5,SA919X7XB05691-A96204B-R49-C42,10995,208.921310575574,B
5,SA919X7XB05691-A96204B-R49-C44,12927,209.021135618988,B
5,SA919X7XB05691-A96204B-R49-C46,10373,209.423951690537,B
5,SA919X7XB05691-A96204B-R49-C48,11723,207.621853606351,B
5,SA919X7XB05691-A96204B-R49-C50,9777,205.559963712336,B
5,SA919X7XB05691-A96204B-R49-C51,10675,209.621489365718,B
5,SA919X7XB05691-A96204B-R49-C69,12447,214.820910747955,B
5,SA919X7XB05691-A96204B-R50-C07,14541,205.592767698201,B
5,SA919X7XB05691-A96204B-R50-C08,11412,206.68003502222,B
5,SA919X7XB05691-A96204B-R50-C12,11631,215.579155921776,B
5,SA919X7XB05691-A96204B-R50-C17,12522,205.327747810325,B
5,SA919X7XB05691-A96204B-R50-C18,7961,209.886017523076,B
5,SA919X7XB05691-A96204B-R50-C20,9272,194.811521939731,B
5,SA919X7XB05691-A96204B-R50-C24,16451,208.991720629512,B
5,SA919X7XB05691-A96204B-R50-C26,9269,199.697814801675,B
5,SA919X7XB05691-A96204B-R50-C27,7865,217.159918153435,B
5,SA919X7XB05691-A96204B-R50-C28,10987,201.355763151948,B
5,SA919X7XB05691-A96204B-R50-C29,10781,207.266541971883,B
5,SA919X7XB05691-A96204B-R50-C31,10510,202.87681423184,B
5,SA919X7XB05691-A96204B-R50-C32,10488,203.757641237803,B
5,SA919X7XB05691-A96204B-R50-C35,10750,204.43712593937,B
5,SA919X7XB05691-A96204B-R50-C37,8609,213.822061954575,B
5,SA919X7XB05691-A96204B-R50-C38,8564,208.461910659906,B
5,SA919X7XB05691-A96204B-R50-C41,10033,209.381444900111,B
5,SA919X7XB05691-A96204B-R50-C46,11840,210.897585717949,B
5,SA919X7XB05691-A96204B-R50-C48,9950,215.283863148226,B
5,SA919X7XB05691-A96204B-R50-C54,10255,207.348856968615,B
5,SA919X7XB05691-A96204B-R50-C60,12048,203.906414977264,B
5,SA919X7XB05691-A96204B-R50-C67,6883,223.464529792226,B
5,SA919X7XB05691-A96204B-R50-C68,8054,209.247686130802,B
5,SA919X7XB05691-A96204B-R51-C13,15752,207.251296835866,B
5,SA919X7XB05691-A96204B-R51-C15,12804,210.698099068838,B
5,SA919X7XB05691-A96204B-R51-C18,8599,211.222445590464,B
5,SA919X7XB05691-A96204B-R51-C19,8166,209.588836550733,B
5,SA919X7XB05691-A96204B-R51-C21,9342,210.96291945892,B
5,SA919X7XB05691-A96204B-R51-C24,12709,210.600423110155,B
5,SA919X7XB05691-A96204B-R51-C25,12034,206.59801060947,B
5,SA919X7XB05691-A96204B-R51-C26,11368,211.15786404701,B
5,SA919X7XB05691-A96204B-R51-C27,7125,201.769030080549,B
5,SA919X7XB05691-A96204B-R51-C28,10875,206.536152872158,B
5,SA919X7XB05691-A96204B-R51-C29,8542,196.031824128412,B
5,SA919X7XB05691-A96204B-R51-C30,9638,212.2389796878,B
5,SA919X7XB05691-A96204B-R51-C35,11292,216.145224081543,B
5,SA919X7XB05691-A96204B-R51-C38,6253,210.710996349532,B
5,SA919X7XB05691-A96204B-R51-C39,10332,207.836934114206,B
5,SA919X7XB05691-A96204B-R51-C40,11085,212.281378479919,B
5,SA919X7XB05691-A96204B-R51-C41,11065,209.584904376135,B
5,SA919X7XB05691-A96204B-R51-C42,10296,212.656369093011,B
5,SA919X7XB05691-A96204B-R51-C43,10139,204.622984950807,B
5,SA919X7XB05691-A96204B-R51-C45,5857,199.773452383356,B
5,SA919X7XB05691-A96204B-R51-C47,10155,204.747210862762,B
5,SA919X7XB05691-A96204B-R51-C50,7885,217.739145477545,B
5,SA919X7XB05691-A96204B-R51-C52,7611,212.894758858718,B
5,SA919X7XB05691-A96204B-R51-C57,9916,213.371974661159,B
5,SA919X7XB05691-A96204B-R51-C58,7311,207.135068156791,B
5,SA919X7XB05691-A96204B-R51-C59,8664,211.203265364005,B
5,SA919X7XB05691-A96204B-R51-C65,6950,210.871185798731,B
5,SA919X7XB05691-A96204B-R51-C66,5872,208.664259963511,B
5,SA919X7XB05691-A96204B-R51-C70,9226,208.187186555179,B
5,SA919X7XB05691-A96204B-R52-C12,12558,209.906157692115,B
5,SA919X7XB05691-A96204B-R52-C14,12936,214.820654643338,B
5,SA919X7XB05691-A96204B-R52-C15,12530,205.97790861443,B
5,SA919X7XB05691-A96204B-R52-C16,12885,206.930244094683,B
5,SA919X7XB05691-A96204B-R52-C19,9861,203.293835767626,B
5,SA919X7XB05691-A96204B-R52-C22,11013,204.280209342993,B
5,SA919X7XB05691-A96204B-R52-C24,14565,209.674140572953,B
5,SA919X7XB05691-A96204B-R52-C27,8547,203.986161054664,B
5,SA919X7XB05691-A96204B-R52-C29,11894,208.747140139623,B
5,SA919X7XB05691-A96204B-R52-C30,11361,212.355063468662,B
5,SA919X7XB05691-A96204B-R52-C31,13923,206.643033462846,B
5,SA919X7XB05691-A96204B-R52-C32,12703,210.499582632262,B
5,SA919X7XB05691-A96204B-R52-C35,12300,205.209395540965,B
5,SA919X7XB05691-A96204B-R52-C38,10556,211.662934266116,B
5,SA919X7XB05691-A96204B-R52-C39,13351,213.330756012301,B
5,SA919X7XB05691-A96204B-R52-C40,11448,207.681367004124,B
5,SA919X7XB05691-A96204B-R52-C41,13108,212.556888583353,B
5,SA919X7XB05691-A96204B-R52-C42,12042,210.859456058618,B
5,SA919X7XB05691-A96204B-R52-C47,12263,200.654885824005,B
5,SA919X7XB05691-A96204B-R52-C48,12419,214.399514993392,B
5,SA919X7XB05691-A96204B-R52-C49,11204,211.598030065142,B
5,SA919X7XB05691-A96204B-R52-C51,11285,208.052493000533,B
5,SA919X7XB05691-A96204B-R52-C52,9038,201.485455757219,B
5,SA919X7XB05691-A96204B-R52-C54,14278,225.431543306497,B
5,SA919X7XB05691-A96204B-R52-C56,14792,218.296953825949,B
5,SA919X7XB05691-A96204B-R52-C57,11699,205.132110391305,B
5,SA919X7XB05691-A96204B-R52-C59,16148,214.76159886161,B
5,SA919X7XB05691-A96204B-R52-C61,11944,207.006646045279,B
5,SA919X7XB05691-A96204B-R52-C64,10791,212.199954975609,B
5,SA919X7XB05691-A96204B-R52-C68,6271,221.631795198746,B
5,SA919X7XB05691-A96204B-R52-C69,10417,207.733747373231,B
5,SA919X7XB05691-A96204B-R53-C08,13228,215.750527966373,B
5,SA919X7XB05691-A96204B-R53-C11,13286,212.525862306526,B
5,SA919X7XB05691-A96204B-R53-C12,10157,208.539313374248,B
5,SA919X7XB05691-A96204B-R53-C14,15372,206.987945376261,B
5,SA919X7XB05691-A96204B-R53-C16,16335,209.313402441315,B
5,SA919X7XB05691-A96204B-R53-C17,15859,208.237246160914,B
5,SA919X7XB05691-A96204B-R53-C18,13556,206.102871663509,B
5,SA919X7XB05691-A96204B-R53-C19,11873,203.589753930514,B
5,SA919X7XB05691-A96204B-R53-C20,12032,198.422660814834,B
5,SA919X7XB05691-A96204B-R53-C21,14470,206.672140961368,B
5,SA919X7XB05691-A96204B-R53-C24,14052,204.196498998244,B
5,SA919X7XB05691-A96204B-R53-C26,12477,209.558868875768,B
5,SA919X7XB05691-A96204B-R53-C28,18795,207.61705379389,B
5,SA919X7XB05691-A96204B-R53-C29,14450,209.700450261928,B
5,SA919X7XB05691-A96204B-R53-C30,14647,208.145965887521,B
5,SA919X7XB05691-A96204B-R53-C31,17110,209.054087018279,B
5,SA919X7XB05691-A96204B-R53-C34,9523,207.531271219185,B
5,SA919X7XB05691-A96204B-R53-C35,14164,206.659520893326,B
5,SA919X7XB05691-A96204B-R53-C36,7886,199.45939738554,B
5,SA919X7XB05691-A96204B-R53-C37,12544,207.517214816654,B
5,SA919X7XB05691-A96204B-R53-C39,14341,205.971887303876,B
5,SA919X7XB05691-A96204B-R53-C40,12917,203.104539937874,B
5,SA919X7XB05691-A96204B-R53-C41,14999,213.465297342631,B
5,SA919X7XB05691-A96204B-R53-C43,14559,209.045829049415,B
5,SA919X7XB05691-A96204B-R53-C47,14389,204.736284113645,B
5,SA919X7XB05691-A96204B-R53-C50,12940,208.88798853144,B
5,SA919X7XB05691-A96204B-R53-C54,12186,200.20893931079,B
5,SA919X7XB05691-A96204B-R53-C59,9725,208.005020381314,B
5,SA919X7XB05691-A96204B-R53-C67,9732,206.461505753007,B
5,SA919X7XB05691-A96204B-R53-C68,10770,202.58141607387,B
5,SA919X7XB05691-A96204B-R53-C69,10592,206.281164501814,B
5,SA919X7XB05691-A96204B-R54-C09,11189,205.528200881281,B
5,SA919X7XB05691-A96204B-R54-C10,8281,211.604089675325,B
5,SA919X7XB05691-A96204B-R54-C12,11195,202.295928429033,B
5,SA919X7XB05691-A96204B-R54-C14,11621,210.053681522525,B
5,SA919X7XB05691-A96204B-R54-C15,12932,206.046442120438,B
5,SA919X7XB05691-A96204B-R54-C18,8728,216.537724480984,B
5,SA919X7XB05691-A96204B-R54-C19,9911,217.62819396558,B
5,SA919X7XB05691-A96204B-R54-C22,9979,208.440397670684,B
5,SA919X7XB05691-A96204B-R54-C27,7410,206.55068041709,B
5,SA919X7XB05691-A96204B-R54-C28,13376,210.831092156214,B
5,SA919X7XB05691-A96204B-R54-C31,12157,203.964169471793,B
5,SA919X7XB05691-A96204B-R54-C32,13915,219.797498390796,B
5,SA919X7XB05691-A96204B-R54-C33,8448,216.544440930102,B
5,SA919X7XB05691-A96204B-R54-C35,11799,211.97205581307,B
5,SA919X7XB05691-A96204B-R54-C36,6179,207.869374046117,B
5,SA919X7XB05691-A96204B-R54-C37,9445,196.744747015343,B
5,SA919X7XB05691-A96204B-R54-C38,9329,195.559430362355,B
5,SA919X7XB05691-A96204B-R54-C39,12118,207.120740261741,B
5,SA919X7XB05691-A96204B-R54-C41,11464,208.09424757405,B
5,SA919X7XB05691-A96204B-R54-C42,12192,204.83802242795,B
5,SA919X7XB05691-A96204B-R54-C44,12965,208.496808880019,B
5,SA919X7XB05691-A96204B-R54-C46,10174,201.301588293898,B
5,SA919X7XB05691-A96204B-R54-C47,14196,209.042408491878,B
5,SA919X7XB05691-A96204B-R54-C55,9510,207.722281768145,B
5,SA919X7XB05691-A96204B-R54-C59,10149,205.45648398475,B
5,SA919X7XB05691-A96204B-R54-C60,9481,212.607117554227,B
5,SA919X7XB05691-A96204B-R54-C61,11345,216.181892052137,B
5,SA919X7XB05691-A96204B-R54-C63,11882,217.424588757197,B
5,SA919X7XB05691-A96204B-R54-C64,11717,208.151063609985,B
5,SA919X7XB05691-A96204B-R54-C69,10270,213.71023015773,B
5,SA919X7XB05691-A96204B-R55-C08,11926,208.029867741988,B
5,SA919X7XB05691-A96204B-R55-C09,11321,209.900688499244,B
5,SA919X7XB05691-A96204B-R55-C11,9710,206.677989803742,B
5,SA919X7XB05691-A96204B-R55-C13,13936,208.533796564491,B
5,SA919X7XB05691-A96204B-R55-C15,11318,216.524325190463,B
5,SA919X7XB05691-A96204B-R55-C20,11322,210.749942097362,B
5,SA919X7XB05691-A96204B-R55-C21,10346,201.806721411519,B
5,SA919X7XB05691-A96204B-R55-C27,7823,208.800081831095,B
5,SA919X7XB05691-A96204B-R55-C31,11624,206.211041793665,B
5,SA919X7XB05691-A96204B-R55-C32,11782,204.496801609579,B
5,SA919X7XB05691-A96204B-R55-C35,11965,212.359762402112,B
5,SA919X7XB05691-A96204B-R55-C37,10461,208.820607969135,B
5,SA919X7XB05691-A96204B-R55-C39,14038,214.57923626723,B
5,SA919X7XB05691-A96204B-R55-C41,11918,211.993084307215,B
5,SA919X7XB05691-A96204B-R55-C43,12396,209.869943014231,B
5,SA919X7XB05691-A96204B-R55-C46,10271,201.814654738353,B
5,SA919X7XB05691-A96204B-R55-C51,9840,210.254000348002,B
5,SA919X7XB05691-A96204B-R55-C52,7778,210.94755242351,B
5,SA919X7XB05691-A96204B-R55-C57,9668,207.84700902253,B
5,SA919X7XB05691-A96204B-R55-C58,8446,213.442454484828,B
5,SA919X7XB05691-A96204B-R55-C59,9702,196.869541030711,B
5,SA919X7XB05691-A96204B-R55-C61,10265,208.895955047576,B
5,SA919X7XB05691-A96204B-R55-C66,7796,208.498885404234,B
5,SA919X7XB05691-A96204B-R56-C12,11803,216.265926105335,B
5,SA919X7XB05691-A96204B-R56-C14,12625,210.673812247109,B
5,SA919X7XB05691-A96204B-R56-C15,12234,215.321384679449,B
5,SA919X7XB05691-A96204B-R56-C16,13145,212.275232877129,B
5,SA919X7XB05691-A96204B-R56-C22,10375,207.120050027296,B
5,SA919X7XB05691-A96204B-R56-C26,9476,204.439392046127,B
5,SA919X7XB05691-A96204B-R56-C27,8869,199.630213894435,B
5,SA919X7XB05691-A96204B-R56-C28,12253,211.718313705313,B
5,SA919X7XB05691-A96204B-R56-C29,10997,204.061181578416,B
5,SA919X7XB05691-A96204B-R56-C30,10322,206.725754069567,B
5,SA919X7XB05691-A96204B-R56-C31,12912,204.739041544073,B
5,SA919X7XB05691-A96204B-R56-C32,12368,207.310747612038,B
5,SA919X7XB05691-A96204B-R56-C40,11983,208.317004940484,B
5,SA919X7XB05691-A96204B-R56-C43,12191,211.115991137526,B
5,SA919X7XB05691-A96204B-R56-C44,14064,220.067323472882,B
5,SA919X7XB05691-A96204B-R56-C48,12177,210.563045871768,B
5,SA919X7XB05691-A96204B-R56-C49,10815,216.095164406559,B
5,SA919X7XB05691-A96204B-R56-C51,10292,213.432468730617,B
5,SA919X7XB05691-A96204B-R56-C54,7009,220.595765380864,B
5,SA919X7XB05691-A96204B-R56-C55,10395,215.045711371157,B
5,SA919X7XB05691-A96204B-R56-C57,7742,203.331521726437,B
5,SA919X7XB05691-A96204B-R56-C64,11191,199.937263069768,B
5,SA919X7XB05691-A96204B-R57-C08,12038,208.639568776314,B
5,SA919X7XB05691-A96204B-R57-C09,12399,208.311716078457,B
5,SA919X7XB05691-A96204B-R57-C11,9642,211.167424245243,B
5,SA919X7XB05691-A96204B-R57-C13,14781,212.058980109969,B
5,SA919X7XB05691-A96204B-R57-C24,17159,209.346686285276,B
5,SA919X7XB05691-A96204B-R57-C26,9659,199.192387765915,A
5,SA919X7XB05691-A96204B-R57-C29,10044,203.567192269958,B
5,SA919X7XB05691-A96204B-R57-C31,12914,208.023552149288,B
5,SA919X7XB05691-A96204B-R57-C33,8274,208.064080793072,B
5,SA919X7XB05691-A96204B-R57-C41,10532,200.829152535495,B
5,SA919X7XB05691-A96204B-R57-C42,12054,209.185931994166,B
5,SA919X7XB05691-A96204B-R57-C43,12258,204.300982621891,B
5,SA919X7XB05691-A96204B-R57-C50,8273,214.782095112574,B
5,SA919X7XB05691-A96204B-R57-C55,11413,209.020397184563,B
5,SA919X7XB05691-A96204B-R57-C56,11347,209.444090055209,B
5,SA919X7XB05691-A96204B-R57-C59,10767,212.159593507762,B
5,SA919X7XB05691-A96204B-R57-C60,10523,186.388326975216,B
5,SA919X7XB05691-A96204B-R57-C63,10995,203.858659299922,B
5,SA919X7XB05691-A96204B-R57-C64,12328,206.731601923738,B
5,SA919X7XB05691-A96204B-R57-C69,9972,213.305401785952,B
5,SA919X7XB05691-A96204B-R58-C08,9306,208.814963509761,B
5,SA919X7XB05691-A96204B-R58-C10,6167,206.776593069689,B
5,SA919X7XB05691-A96204B-R58-C11,7567,209.472925337256,B
5,SA919X7XB05691-A96204B-R58-C16,9499,208.715764895699,B
5,SA919X7XB05691-A96204B-R58-C17,8781,207.448457901806,B
5,SA919X7XB05691-A96204B-R58-C19,7070,209.101567452985,B
5,SA919X7XB05691-A96204B-R58-C25,9544,203.14008102446,B
5,SA919X7XB05691-A96204B-R58-C26,7209,216.801766519061,B
5,SA919X7XB05691-A96204B-R58-C27,5812,203.100619254077,B
5,SA919X7XB05691-A96204B-R58-C28,9833,216.096921500057,B
5,SA919X7XB05691-A96204B-R58-C30,7759,205.93454524182,B
5,SA919X7XB05691-A96204B-R58-C40,7980,211.171638089119,B
5,SA919X7XB05691-A96204B-R58-C46,10203,207.193589521062,B
5,SA919X7XB05691-A96204B-R58-C49,7087,211.003646520077,B
5,SA919X7XB05691-A96204B-R58-C54,8546,208.037040490557,B
5,SA919X7XB05691-A96204B-R58-C58,6850,200.315830144985,B
5,SA919X7XB05691-A96204B-R58-C63,7218,205.498153318116,B
5,SA919X7XB05691-A96204B-R58-C64,8849,215.913039716102,B
5,SA919X7XB05691-A96204B-R59-C13,9700,207.476231953467,B
5,SA919X7XB05691-A96204B-R59-C14,9201,204.594897860832,B
5,SA919X7XB05691-A96204B-R59-C19,8009,215.48428886213,B
5,SA919X7XB05691-A96204B-R59-C22,7906,211.027002857919,B
5,SA919X7XB05691-A96204B-R59-C26,8578,222.512180179886,B
5,SA919X7XB05691-A96204B-R59-C31,9449,207.96473371062,B
5,SA919X7XB05691-A96204B-R59-C39,10243,213.265216303126,B
5,SA919X7XB05691-A96204B-R59-C40,8887,207.308420851243,B
5,SA919X7XB05691-A96204B-R59-C46,9598,210.111457781687,B
5,SA919X7XB05691-A96204B-R59-C47,8458,197.74516894249,B
5,SA919X7XB05691-A96204B-R59-C50,8009,215.139980567655,B
5,SA919X7XB05691-A96204B-R59-C57,10037,208.211279250943,B
5,SA919X7XB05691-A96204B-R59-C58,7676,208.131922929521,B
5,SA919X7XB05691-A96204B-R59-C59,8200,210.100429957914,B
5,SA919X7XB05691-A96204B-R59-C69,12319,217.096388703987,B
5,SA919X7XB05691-A96204B-R60-C09,10117,203.171230872054,B
5,SA919X7XB05691-A96204B-R60-C11,7748,204.844278187201,B
5,SA919X7XB05691-A96204B-R60-C15,9811,212.387476218413,B
5,SA919X7XB05691-A96204B-R60-C23,9312,201.680495699809,B
5,SA919X7XB05691-A96204B-R60-C25,10469,207.333554525493,A
5,SA919X7XB05691-A96204B-R60-C26,8110,208.065944796831,B
5,SA919X7XB05691-A96204B-R60-C27,8604,211.616556327426,B
5,SA919X7XB05691-A96204B-R60-C30,8589,213.706260254075,B
5,SA919X7XB05691-A96204B-R60-C32,9491,209.376590808328,B
5,SA919X7XB05691-A96204B-R60-C38,7708,204.200243192446,B
5,SA919X7XB05691-A96204B-R60-C42,10773,213.550028899446,B
5,SA919X7XB05691-A96204B-R60-C46,10876,209.993350094875,B
5,SA919X7XB05691-A96204B-R60-C63,7580,197.642268455237,B
7,SA919X4XB40509-A98217A-R03-C08,26369,463.34516297671,A
7,SA919X4XB40509-A98217A-R03-C09,21012,479.306646704771,A
7,SA919X4XB40509-A98217A-R03-C11,20322,460.667376869393,A
7,SA919X4XB40509-A98217A-R03-C13,32618,517.796677505061,A
7,SA919X4XB40509-A98217A-R03-C17,22041,481.889100694333,A
7,SA919X4XB40509-A98217A-R03-C19,21782,458.90837626806,A
7,SA919X4XB40509-A98217A-R03-C22,16522,476.574301401,A
7,SA919X4XB40509-A98217A-R03-C23,26906,494.171057917719,A
7,SA919X4XB40509-A98217A-R03-C24,23560,488.322324433343,A
7,SA919X4XB40509-A98217A-R03-C30,28685,493.094727051463,A
7,SA919X4XB40509-A98217A-R03-C34,15348,489.543177745976,A
7,SA919X4XB40509-A98217A-R03-C35,22985,468.858724195268,A
7,SA919X4XB40509-A98217A-R03-C41,20297,482.761867887428,A
7,SA919X4XB40509-A98217A-R03-C43,29872,497.119083660668,A
7,SA919X4XB40509-A98217A-R03-C54,23694,489.774556368818,A
7,SA919X4XB40509-A98217A-R03-C55,20433,481.680163859014,A
7,SA919X4XB40509-A98217A-R03-C56,29486,535.774059505448,A
7,SA919X4XB40509-A98217A-R03-C63,24483,460.639278994385,A
7,SA919X4XB40509-A98217A-R03-C66,25458,464.14095816825,A
7,SA919X4XB40509-A98217A-R03-C67,22776,473.543124141586,A
7,SA919X4XB40509-A98217A-R04-C11,21727,472.924484800107,A
7,SA919X4XB40509-A98217A-R04-C12,22210,484.483849350796,A
7,SA919X4XB40509-A98217A-R04-C13,26634,482.921057924881,A
7,SA919X4XB40509-A98217A-R04-C14,24510,482.891955847231,A
7,SA919X4XB40509-A98217A-R04-C16,25392,474.529896915296,A
7,SA919X4XB40509-A98217A-R04-C17,26321,485.464179174549,A
7,SA919X4XB40509-A98217A-R04-C18,20417,480.305428068947,A
7,SA919X4XB40509-A98217A-R04-C19,21525,476.876194201409,A
7,SA919X4XB40509-A98217A-R04-C23,22082,479.148269813945,A
7,SA919X4XB40509-A98217A-R04-C26,23527,478.79267956275,A
7,SA919X4XB40509-A98217A-R04-C28,23129,479.912543361162,A
7,SA919X4XB40509-A98217A-R04-C29,18836,482.28267054859,A
7,SA919X4XB40509-A98217A-R04-C30,22482,482.989188949393,A
7,SA919X4XB40509-A98217A-R04-C31,24895,478.75154807969,A
7,SA919X4XB40509-A98217A-R04-C33,15690,454.72690643921,A
7,SA919X4XB40509-A98217A-R04-C34,17999,484.106107693297,A
7,SA919X4XB40509-A98217A-R04-C35,25025,481.05767538956,A
7,SA919X4XB40509-A98217A-R04-C37,22250,479.794012684771,A
7,SA919X4XB40509-A98217A-R04-C38,23110,480.184453540967,A
7,SA919X4XB40509-A98217A-R04-C40,22896,477.687294109537,A
7,SA919X4XB40509-A98217A-R04-C42,25091,484.922785926578,A
7,SA919X4XB40509-A98217A-R04-C43,25655,480.223957034579,A
7,SA919X4XB40509-A98217A-R04-C47,34917,489.423664106731,A
7,SA919X4XB40509-A98217A-R04-C48,24767,486.755045415259,A
7,SA919X4XB40509-A98217A-R04-C52,22924,480.258160758842,A
7,SA919X4XB40509-A98217A-R04-C54,23108,495.775862562608,A
7,SA919X4XB40509-A98217A-R04-C55,18061,483.497557292711,A
7,SA919X4XB40509-A98217A-R04-C56,25526,491.521523604821,A
7,SA919X4XB40509-A98217A-R04-C57,24076,474.291081372347,A
7,SA919X4XB40509-A98217A-R04-C58,22550,487.422512374752,A
7,SA919X4XB40509-A98217A-R04-C59,23081,479.159524173988,A
7,SA919X4XB40509-A98217A-R04-C61,22930,480.511738915125,A
7,SA919X4XB40509-A98217A-R04-C64,26317,479.093771206119,A
7,SA919X4XB40509-A98217A-R04-C66,22890,458.89348905154,A
7,SA919X4XB40509-A98217A-R04-C68,17845,483.113838011993,A
7,SA919X4XB40509-A98217A-R05-C07,29265,485.22082467403,A
7,SA919X4XB40509-A98217A-R05-C09,26217,492.238848360285,A
7,SA919X4XB40509-A98217A-R05-C12,21735,478.425279820026,A
7,SA919X4XB40509-A98217A-R05-C13,28046,491.042864846101,A
7,SA919X4XB40509-A98217A-R05-C15,26572,504.089296232568,A
7,SA919X4XB40509-A98217A-R05-C16,27133,480.06200658948,A
7,SA919X4XB40509-A98217A-R05-C17,27483,473.658441135309,A
7,SA919X4XB40509-A98217A-R05-C18,22832,492.50639939784,A
7,SA919X4XB40509-A98217A-R05-C21,18597,492.944755635258,A
7,SA919X4XB40509-A98217A-R05-C23,25282,480.030259074279,A
7,SA919X4XB40509-A98217A-R05-C24,30141,490.106155560362,A
7,SA919X4XB40509-A98217A-R05-C26,25237,474.69087644572,A
7,SA919X4XB40509-A98217A-R05-C31,27290,481.3503364308,A
7,SA919X4XB40509-A98217A-R05-C32,26119,479.407522691342,A
7,SA919X4XB40509-A98217A-R05-C33,18434,479.682832168302,A
7,SA919X4XB40509-A98217A-R05-C35,28850,488.197742555748,A
7,SA919X4XB40509-A98217A-R05-C38,25617,483.922890759603,A
7,SA919X4XB40509-A98217A-R05-C40,25464,483.31537619718,A
7,SA919X4XB40509-A98217A-R05-C41,25014,483.731283890606,A
7,SA919X4XB40509-A98217A-R05-C44,24575,477.429834439124,A
7,SA919X4XB40509-A98217A-R05-C46,25787,492.727640193441,A
7,SA919X4XB40509-A98217A-R05-C48,23682,484.736290118363,A
7,SA919X4XB40509-A98217A-R05-C50,23387,474.044066753255,A
7,SA919X4XB40509-A98217A-R05-C51,25440,493.821331062558,A
7,SA919X4XB40509-A98217A-R05-C54,23541,476.874595130613,A
7,SA919X4XB40509-A98217A-R05-C55,25626,476.201345660029,A
7,SA919X4XB40509-A98217A-R05-C58,23665,485.946814981459,A
7,SA919X4XB40509-A98217A-R05-C59,24237,477.496191261337,A
7,SA919X4XB40509-A98217A-R05-C60,23122,492.240920349758,A
7,SA919X4XB40509-A98217A-R05-C61,26356,485.632546707889,A
7,SA919X4XB40509-A98217A-R05-C62,22148,466.91493387673,A
7,SA919X4XB40509-A98217A-R05-C63,22036,388.253295914624,A
7,SA919X4XB40509-A98217A-R05-C64,27003,493.535285166505,A
7,SA919X4XB40509-A98217A-R05-C66,25372,477.14857602812,A
7,SA919X4XB40509-A98217A-R05-C67,23631,476.826788504848,A
7,SA919X4XB40509-A98217A-R05-C69,20617,482.962148935055,A
7,SA919X4XB40509-A98217A-R06-C08,37461,493.383883415809,A
7,SA919X4XB40509-A98217A-R06-C09,27304,476.400499893843,A
7,SA919X4XB40509-A98217A-R06-C11,23981,490.211090397435,A
7,SA919X4XB40509-A98217A-R06-C12,22993,480.435953569978,A
7,SA919X4XB40509-A98217A-R06-C14,26534,489.329458289187,A
7,SA919X4XB40509-A98217A-R06-C15,25671,485.724277721841,A
7,SA919X4XB40509-A98217A-R06-C17,27979,482.400923423831,A
7,SA919X4XB40509-A98217A-R06-C18,23384,476.926953636448,A
7,SA919X4XB40509-A98217A-R06-C19,24237,477.484350661329,A
7,SA919X4XB40509-A98217A-R06-C22,23302,474.216490128266,A
7,SA919X4XB40509-A98217A-R06-C23,23247,476.701599796468,A
7,SA919X4XB40509-A98217A-R06-C24,31020,487.651040219098,A
7,SA919X4XB40509-A98217A-R06-C26,26685,485.927557158587,A
7,SA919X4XB40509-A98217A-R06-C27,18430,481.035893580243,A
7,SA919X4XB40509-A98217A-R06-C28,25023,476.895098558291,A
7,SA919X4XB40509-A98217A-R06-C30,25984,482.628738209559,A
7,SA919X4XB40509-A98217A-R06-C32,26983,476.234150713412,A
7,SA919X4XB40509-A98217A-R06-C33,18377,477.105074845429,A
7,SA919X4XB40509-A98217A-R06-C37,31939,489.975302874129,A
7,SA919X4XB40509-A98217A-R06-C41,26697,471.461699791523,A
7,SA919X4XB40509-A98217A-R06-C42,27940,469.763179179842,A
7,SA919X4XB40509-A98217A-R06-C46,18929,472.711289368858,A
7,SA919X4XB40509-A98217A-R06-C47,25972,480.779274695613,A
7,SA919X4XB40509-A98217A-R06-C48,25611,473.442397732877,A
7,SA919X4XB40509-A98217A-R06-C49,23624,492.373227489277,A
7,SA919X4XB40509-A98217A-R06-C50,22515,474.039510631251,A
7,SA919X4XB40509-A98217A-R06-C51,30487,496.302860588386,A
7,SA919X4XB40509-A98217A-R06-C54,23930,481.216859548026,A
7,SA919X4XB40509-A98217A-R06-C55,22572,482.907756553578,A
7,SA919X4XB40509-A98217A-R06-C56,27154,475.581017391499,A
7,SA919X4XB40509-A98217A-R06-C58,23820,483.940388047133,A
7,SA919X4XB40509-A98217A-R06-C59,23607,481.890723218473,A
7,SA919X4XB40509-A98217A-R06-C60,23782,483.696305472186,A
7,SA919X4XB40509-A98217A-R06-C61,26989,482.354221990847,A
7,SA919X4XB40509-A98217A-R06-C63,24842,463.442419507466,A
7,SA919X4XB40509-A98217A-R06-C64,26773,474.860126154107,A
7,SA919X4XB40509-A98217A-R06-C68,17344,492.648791055725,A
7,SA919X4XB40509-A98217A-R06-C69,22744,481.485171841726,A
7,SA919X4XB40509-A98217A-R06-C70,19519,456.663822491835,A
7,SA919X4XB40509-A98217A-R07-C07,29051,480.174434899597,A
7,SA919X4XB40509-A98217A-R07-C08,35413,478.225448842629,A
7,SA919X4XB40509-A98217A-R07-C11,29749,495.814157598184,A
7,SA919X4XB40509-A98217A-R07-C12,21604,471.27764563824,A
7,SA919X4XB40509-A98217A-R07-C14,25505,484.802971310341,A
7,SA919X4XB40509-A98217A-R07-C15,25280,498.51253453731,A
7,SA919X4XB40509-A98217A-R07-C16,28170,488.891896155596,A
7,SA919X4XB40509-A98217A-R07-C18,23305,476.937965882509,A
7,SA919X4XB40509-A98217A-R07-C19,23386,475.479370135422,A
7,SA919X4XB40509-A98217A-R07-C24,40903,482.389651203663,A
7,SA919X4XB40509-A98217A-R07-C25,26432,476.264731706325,A
7,SA919X4XB40509-A98217A-R07-C26,24990,475.831950736367,A
7,SA919X4XB40509-A98217A-R07-C27,20369,466.056441127726,A
7,SA919X4XB40509-A98217A-R07-C34,18118,466.227053591326,A
7,SA919X4XB40509-A98217A-R07-C37,23864,482.788483887647,A
7,SA919X4XB40509-A98217A-R07-C39,27546,481.172766948488,A
7,SA919X4XB40509-A98217A-R07-C44,21477,487.439052525389,A
7,SA919X4XB40509-A98217A-R07-C46,25437,484.920670874719,A
7,SA919X4XB40509-A98217A-R07-C48,23663,470.426036662994,A
7,SA919X4XB40509-A98217A-R07-C49,23179,487.616882865793,A
7,SA919X4XB40509-A98217A-R07-C51,23958,479.122435681511,A
7,SA919X4XB40509-A98217A-R07-C52,21940,476.7981766556,A
7,SA919X4XB40509-A98217A-R07-C54,24838,482.014388137492,A
7,SA919X4XB40509-A98217A-R07-C57,27666,477.448586859697,A
7,SA919X4XB40509-A98217A-R07-C58,22725,485.921090376628,A
7,SA919X4XB40509-A98217A-R07-C59,23513,486.480806810347,A
7,SA919X4XB40509-A98217A-R07-C62,21971,532.327151289172,A
7,SA919X4XB40509-A98217A-R07-C66,26473,475.644502641437,A
7,SA919X4XB40509-A98217A-R07-C68,25716,489.359922158662,A
7,SA919X4XB40509-A98217A-R08-C08,26933,476.531073270339,A
7,SA919X4XB40509-A98217A-R08-C09,27022,465.178804651878,A
7,SA919X4XB40509-A98217A-R08-C10,24748,477.927433321204,A
7,SA919X4XB40509-A98217A-R08-C11,25930,481.58470426929,A
7,SA919X4XB40509-A98217A-R08-C12,24932,488.339088771837,A
7,SA919X4XB40509-A98217A-R08-C14,28228,497.084681675024,A
7,SA919X4XB40509-A98217A-R08-C15,26893,480.617749330723,A
7,SA919X4XB40509-A98217A-R08-C16,30514,481.015004273271,A
7,SA919X4XB40509-A98217A-R08-C17,31029,488.656565194406,A
7,SA919X4XB40509-A98217A-R08-C18,24777,483.034783073056,A
7,SA919X4XB40509-A98217A-R08-C21,24982,481.746618249012,A
7,SA919X4XB40509-A98217A-R08-C22,25486,486.977764666944,A
7,SA919X4XB40509-A98217A-R08-C23,27921,481.095877355077,A
7,SA919X4XB40509-A98217A-R08-C24,33546,481.906324048577,A
7,SA919X4XB40509-A98217A-R08-C28,26222,491.855689808803,A
7,SA919X4XB40509-A98217A-R08-C30,28233,486.52125500081,A
7,SA919X4XB40509-A98217A-R08-C31,31191,476.652932967481,A
7,SA919X4XB40509-A98217A-R08-C32,30398,478.776487041926,A
7,SA919X4XB40509-A98217A-R08-C34,27680,516.465398764919,A
7,SA919X4XB40509-A98217A-R08-C35,30490,480.351909328673,A
7,SA919X4XB40509-A98217A-R08-C36,15725,488.649809726956,A
7,SA919X4XB40509-A98217A-R08-C37,34048,476.912293659933,A
7,SA919X4XB40509-A98217A-R08-C38,31668,481.65813190347,A
7,SA919X4XB40509-A98217A-R08-C39,27886,478.431109550794,A
7,SA919X4XB40509-A98217A-R08-C41,37512,475.720761523004,A
7,SA919X4XB40509-A98217A-R08-C45,18953,476.65210176577,A
7,SA919X4XB40509-A98217A-R08-C46,27023,481.363289286125,A
7,SA919X4XB40509-A98217A-R08-C47,28477,479.420079905593,A
7,SA919X4XB40509-A98217A-R08-C51,25638,463.562922403396,A
7,SA919X4XB40509-A98217A-R08-C54,26036,489.002482068701,A
7,SA919X4XB40509-A98217A-R08-C55,28747,475.35073705562,A
7,SA919X4XB40509-A98217A-R08-C57,29291,485.160697476117,A
7,SA919X4XB40509-A98217A-R08-C59,21899,488.703318736028,A
7,SA919X4XB40509-A98217A-R08-C60,24834,476.690514311821,A
7,SA919X4XB40509-A98217A-R08-C61,28973,486.923043981799,A
7,SA919X4XB40509-A98217A-R08-C64,29628,458.333821457613,A
7,SA919X4XB40509-A98217A-R08-C65,22098,479.289595111548,A
7,SA919X4XB40509-A98217A-R08-C67,22682,488.831405876936,A
7,SA919X4XB40509-A98217A-R08-C69,26286,494.60302966784,A
7,SA919X4XB40509-A98217A-R08-C70,24261,486.128020337476,A
7,SA919X4XB40509-A98217A-R09-C07,25922,474.142540885725,A
7,SA919X4XB40509-A98217A-R09-C08,23667,473.690873920736,A
7,SA919X4XB40509-A98217A-R09-C10,20985,479.785793001676,A
7,SA919X4XB40509-A98217A-R09-C14,24109,485.615421263229,A
7,SA919X4XB40509-A98217A-R09-C15,24037,470.130561894217,A
7,SA919X4XB40509-A98217A-R09-C16,25157,474.446660343688,A
7,SA919X4XB40509-A98217A-R09-C18,20697,471.019787896941,A
7,SA919X4XB40509-A98217A-R09-C19,20433,483.211537599019,A
7,SA919X4XB40509-A98217A-R09-C25,22229,476.040214065311,A
7,SA919X4XB40509-A98217A-R09-C29,16960,456.912092698027,A
7,SA919X4XB40509-A98217A-R09-C31,25926,488.265874334339,A
7,SA919X4XB40509-A98217A-R09-C32,23657,486.697593287826,A
7,SA919X4XB40509-A98217A-R09-C34,18312,501.712685720233,A
7,SA919X4XB40509-A98217A-R09-C37,19520,475.372588311414,A
7,SA919X4XB40509-A98217A-R09-C39,23710,483.773070630681,A
7,SA919X4XB40509-A98217A-R09-C40,22783,491.577229801349,A
7,SA919X4XB40509-A98217A-R09-C41,22970,473.786299106037,A
7,SA919X4XB40509-A98217A-R09-C42,24317,477.272062724035,A
7,SA919X4XB40509-A98217A-R09-C47,23689,480.20871354585,A
7,SA919X4XB40509-A98217A-R09-C48,21039,482.876953975617,A
7,SA919X4XB40509-A98217A-R09-C51,21923,488.548521698585,A
7,SA919X4XB40509-A98217A-R09-C52,20591,489.334105088565,A
7,SA919X4XB40509-A98217A-R09-C54,23011,478.2756079153,A
7,SA919X4XB40509-A98217A-R09-C55,24582,475.440135389407,A
7,SA919X4XB40509-A98217A-R09-C56,26440,486.86040121108,A
7,SA919X4XB40509-A98217A-R09-C59,20539,467.195896154768,A
7,SA919X4XB40509-A98217A-R09-C63,23628,480.058086575449,A
7,SA919X4XB40509-A98217A-R09-C65,18540,470.058888904241,A
7,SA919X4XB40509-A98217A-R09-C67,17143,484.194961156577,A
7,SA919X4XB40509-A98217A-R10-C07,26772,479.229935292784,A
7,SA919X4XB40509-A98217A-R10-C10,22476,484.96567898659,A
7,SA919X4XB40509-A98217A-R10-C15,23471,476.726472147723,A
7,SA919X4XB40509-A98217A-R10-C16,25663,484.877162974616,A
7,SA919X4XB40509-A98217A-R10-C17,25574,477.379002007103,A
7,SA919X4XB40509-A98217A-R10-C18,22284,492.359418686464,A
7,SA919X4XB40509-A98217A-R10-C19,22228,482.998043775748,A
7,SA919X4XB40509-A98217A-R10-C25,25048,477.624496435878,A
7,SA919X4XB40509-A98217A-R10-C26,25186,480.450299062938,A
7,SA919X4XB40509-A98217A-R10-C27,21621,473.691279137387,A
7,SA919X4XB40509-A98217A-R10-C32,24657,484.885240880338,A
7,SA919X4XB40509-A98217A-R10-C33,17287,496.55159042821,A
7,SA919X4XB40509-A98217A-R10-C34,18020,480.019788763896,A
7,SA919X4XB40509-A98217A-R10-C35,25777,474.494641285759,A
7,SA919X4XB40509-A98217A-R10-C37,21908,491.766708335993,A
7,SA919X4XB40509-A98217A-R10-C38,21783,479.757702201806,A
7,SA919X4XB40509-A98217A-R10-C40,23775,486.999416849493,A
7,SA919X4XB40509-A98217A-R10-C42,26007,477.639763042614,A
7,SA919X4XB40509-A98217A-R10-C43,24101,475.665755479047,A
7,SA919X4XB40509-A98217A-R10-C44,19318,476.234850063498,A
7,SA919X4XB40509-A98217A-R10-C48,30495,475.454441039012,A
7,SA919X4XB40509-A98217A-R10-C49,21962,478.568564056528,A
7,SA919X4XB40509-A98217A-R10-C50,21009,481.073496008243,A
7,SA919X4XB40509-A98217A-R10-C51,23757,485.575912629949,A
7,SA919X4XB40509-A98217A-R10-C55,23467,479.177751930464,A
7,SA919X4XB40509-A98217A-R10-C56,25161,473.625929237548,A
7,SA919X4XB40509-A98217A-R10-C57,25670,477.730744320032,A
7,SA919X4XB40509-A98217A-R10-C59,22850,480.626782737297,A
7,SA919X4XB40509-A98217A-R10-C60,21928,473.284307880601,A
7,SA919X4XB40509-A98217A-R10-C61,24244,475.560105765155,A
7,SA919X4XB40509-A98217A-R10-C65,19107,490.019588239763,A
7,SA919X4XB40509-A98217A-R10-C70,20553,472.344362608133,A
7,SA919X4XB40509-A98217A-R11-C09,24124,475.036578668955,A
7,SA919X4XB40509-A98217A-R11-C11,22055,497.030196192708,A
7,SA919X4XB40509-A98217A-R11-C12,18094,476.024002678484,A
7,SA919X4XB40509-A98217A-R11-C19,21415,472.651025156227,A
7,SA919X4XB40509-A98217A-R11-C25,22639,482.789374482616,A
7,SA919X4XB40509-A98217A-R11-C28,22988,486.18628074227,A
7,SA919X4XB40509-A98217A-R11-C29,20346,489.795405397665,A
7,SA919X4XB40509-A98217A-R11-C31,26093,468.230859022769,A
7,SA919X4XB40509-A98217A-R11-C48,22803,489.099317563576,A
7,SA919X4XB40509-A98217A-R11-C54,21804,484.423468648982,A
7,SA919X4XB40509-A98217A-R11-C58,22302,477.89647215265,A
7,SA919X4XB40509-A98217A-R11-C59,21808,464.877967759844,A
7,SA919X4XB40509-A98217A-R11-C63,23514,460.561574124244,A
7,SA919X4XB40509-A98217A-R11-C66,27548,515.314315320218,A
7,SA919X4XB40509-A98217A-R11-C67,23892,473.41906686363,A
7,SA919X4XB40509-A98217A-R12-C10,23254,477.425291884007,A
7,SA919X4XB40509-A98217A-R12-C21,22887,482.827892582653,A
7,SA919X4XB40509-A98217A-R12-C26,26349,491.294388267684,A
7,SA919X4XB40509-A98217A-R12-C28,24478,477.120291613357,A
7,SA919X4XB40509-A98217A-R12-C30,24671,480.201582212578,A
7,SA919X4XB40509-A98217A-R12-C31,26649,488.29991602323,A
7,SA919X4XB40509-A98217A-R12-C41,25991,478.681731126881,A
7,SA919X4XB40509-A98217A-R12-C43,27883,470.315263630608,A
7,SA919X4XB40509-A98217A-R12-C48,19701,478.998769459097,A
7,SA919X4XB40509-A98217A-R12-C59,25181,491.274450771176,A
7,SA919X4XB40509-A98217A-R12-C66,27620,476.309911120278,A
7,SA919X4XB40509-A98217A-R12-C69,18435,489.079017657165,A
7,SA919X4XB40509-A98217A-R13-C15,24989,485.455882815267,A
7,SA919X4XB40509-A98217A-R13-C44,23906,484.215528290949,A
7,SA919X4XB40509-A98217A-R13-C55,23780,487.398637527973,A
7,SA919X4XB40509-A98217A-R13-C59,25191,479.978551862525,A
7,SA919X4XB40509-A98217A-R13-C63,25813,471.913304081031,A
7,SA919X4XB40509-A98217A-R13-C65,21474,494.797686901308,A
7,SA919X4XB40509-A98217A-R14-C13,31254,482.286146773272,A
7,SA919X4XB40509-A98217A-R14-C17,27836,478.376582757466,A
7,SA919X4XB40509-A98217A-R14-C19,24257,476.222010329053,A
7,SA919X4XB40509-A98217A-R14-C20,24775,494.028226234499,A
7,SA919X4XB40509-A98217A-R14-C24,30935,476.731361327007,A
7,SA919X4XB40509-A98217A-R14-C25,27598,479.445603431432,A
7,SA919X4XB40509-A98217A-R14-C36,16238,487.267051739901,A
7,SA919X4XB40509-A98217A-R15-C10,20811,490.437688603034,A
7,SA919X4XB40509-A98217A-R15-C12,23278,475.484042796373,A
7,SA919X4XB40509-A98217A-R15-C13,30255,482.350950905015,A
7,SA919X4XB40509-A98217A-R15-C14,27658,480.852980777443,A
7,SA919X4XB40509-A98217A-R15-C17,27678,475.208064331248,A
7,SA919X4XB40509-A98217A-R15-C18,22151,480.298504924539,A
7,SA919X4XB40509-A98217A-R15-C19,24267,484.476757703631,A
7,SA919X4XB40509-A98217A-R15-C20,24544,479.207407272814,A
7,SA919X4XB40509-A98217A-R15-C22,25995,475.739657360867,A
7,SA919X4XB40509-A98217A-R15-C23,24353,472.979050417953,A
7,SA919X4XB40509-A98217A-R15-C24,29347,474.122277976655,A
7,SA919X4XB40509-A98217A-R15-C25,26090,479.035401474484,A
7,SA919X4XB40509-A98217A-R15-C26,24486,473.776378239013,A
7,SA919X4XB40509-A98217A-R15-C28,23966,483.850401458291,A
7,SA919X4XB40509-A98217A-R15-C32,27059,477.900385157657,A
7,SA919X4XB40509-A98217A-R15-C35,27813,482.56903648672,A
7,SA919X4XB40509-A98217A-R15-C37,21546,459.098356567416,A
7,SA919X4XB40509-A98217A-R15-C38,23282,475.978148325987,A
7,SA919X4XB40509-A98217A-R15-C39,26463,475.05786099463,A
7,SA919X4XB40509-A98217A-R15-C40,25647,496.088434919539,A
7,SA919X4XB40509-A98217A-R15-C42,27746,476.842725959298,A
7,SA919X4XB40509-A98217A-R15-C43,28237,478.966820716641,A
7,SA919X4XB40509-A98217A-R15-C46,24575,479.600340734065,A
7,SA919X4XB40509-A98217A-R15-C49,22303,477.255502064211,A
7,SA919X4XB40509-A98217A-R15-C50,22503,483.462829128818,A
7,SA919X4XB40509-A98217A-R15-C52,21732,502.021520797995,A
7,SA919X4XB40509-A98217A-R15-C58,24733,487.463773255015,A
7,SA919X4XB40509-A98217A-R15-C62,23731,478.769540126173,A
7,SA919X4XB40509-A98217A-R15-C65,20787,484.077612958604,A
7,SA919X4XB40509-A98217A-R15-C66,26695,482.649009814971,A
7,SA919X4XB40509-A98217A-R15-C67,22731,493.0270265414,A
7,SA919X4XB40509-A98217A-R15-C68,26156,485.403563174937,A
7,SA919X4XB40509-A98217A-R15-C70,23464,505.211632116002,A
7,SA919X4XB40509-A98217A-R16-C07,23788,476.479284727503,A
7,SA919X4XB40509-A98217A-R16-C08,23647,476.794696214777,A
7,SA919X4XB40509-A98217A-R16-C09,22845,487.080672502903,A
7,SA919X4XB40509-A98217A-R16-C10,18703,462.23066549788,A
7,SA919X4XB40509-A98217A-R16-C13,24065,487.349153829056,A
7,SA919X4XB40509-A98217A-R16-C19,18223,464.324275231742,A
7,SA919X4XB40509-A98217A-R16-C20,20868,481.418837131464,A
7,SA919X4XB40509-A98217A-R16-C24,25626,473.422325041688,A
7,SA919X4XB40509-A98217A-R16-C25,22467,476.925624295015,A
7,SA919X4XB40509-A98217A-R16-C26,21297,478.474766925568,A
7,SA919X4XB40509-A98217A-R16-C27,23265,485.749085149795,A
7,SA919X4XB40509-A98217A-R16-C28,16895,487.965941722168,A
7,SA919X4XB40509-A98217A-R16-C29,14990,472.905840000906,A
7,SA919X4XB40509-A98217A-R16-C33,15754,477.887149964342,A
7,SA919X4XB40509-A98217A-R16-C38,18387,478.369314620459,A
7,SA919X4XB40509-A98217A-R16-C39,22633,490.305307912787,A
7,SA919X4XB40509-A98217A-R16-C41,22119,478.956520418978,A
7,SA919X4XB40509-A98217A-R16-C44,18631,451.51363063916,A
7,SA919X4XB40509-A98217A-R16-C46,23361,484.550514223241,A
7,SA919X4XB40509-A98217A-R16-C47,22147,479.714490460191,A
7,SA919X4XB40509-A98217A-R16-C48,20302,489.158268321979,A
7,SA919X4XB40509-A98217A-R16-C49,20152,483.053670231051,A
7,SA919X4XB40509-A98217A-R16-C50,19281,499.146091281553,A
7,SA919X4XB40509-A98217A-R16-C51,21629,492.667931772625,A
7,SA919X4XB40509-A98217A-R16-C52,19766,475.835886819932,A
7,SA919X4XB40509-A98217A-R16-C54,19976,494.65693093869,A
7,SA919X4XB40509-A98217A-R16-C55,26989,477.997079395079,A
7,SA919X4XB40509-A98217A-R16-C56,22640,481.195885762169,A
7,SA919X4XB40509-A98217A-R16-C58,19702,472.437509979949,A
7,SA919X4XB40509-A98217A-R16-C63,24800,484.070797412948,A
7,SA919X4XB40509-A98217A-R16-C64,21609,474.175719582382,A
7,SA919X4XB40509-A98217A-R16-C66,21628,487.156856907717,A
7,SA919X4XB40509-A98217A-R16-C68,21144,459.980500996935,A
7,SA919X4XB40509-A98217A-R17-C12,20471,483.414137655743,A
7,SA919X4XB40509-A98217A-R17-C13,25198,477.528411101051,A
7,SA919X4XB40509-A98217A-R17-C15,21808,474.056157966754,A
7,SA919X4XB40509-A98217A-R17-C19,20219,462.118135034731,A
7,SA919X4XB40509-A98217A-R17-C20,21149,471.295324753638,A
7,SA919X4XB40509-A98217A-R17-C23,23270,488.684661200966,A
7,SA919X4XB40509-A98217A-R17-C25,22253,442.195266480267,A
7,SA919X4XB40509-A98217A-R17-C27,20171,480.397851467222,A
7,SA919X4XB40509-A98217A-R17-C29,18848,474.244753677392,A
7,SA919X4XB40509-A98217A-R17-C35,29794,478.063463921729,A
7,SA919X4XB40509-A98217A-R17-C38,20119,489.152207353292,A
7,SA919X4XB40509-A98217A-R17-C39,22987,485.31669651564,A
7,SA919X4XB40509-A98217A-R17-C40,21350,471.387946756337,A
7,SA919X4XB40509-A98217A-R17-C42,32558,503.173321476914,A
7,SA919X4XB40509-A98217A-R17-C46,22270,469.041633675824,A
7,SA919X4XB40509-A98217A-R17-C47,22937,480.095505799294,A
7,SA919X4XB40509-A98217A-R17-C48,20931,472.171029116527,A
7,SA919X4XB40509-A98217A-R17-C49,21300,479.769305691918,A
7,SA919X4XB40509-A98217A-R17-C51,23773,478.183725409488,A
7,SA919X4XB40509-A98217A-R17-C52,20927,493.787215853553,A
7,SA919X4XB40509-A98217A-R17-C55,22016,480.575814065545,A
7,SA919X4XB40509-A98217A-R17-C57,22937,470.807460288296,A
7,SA919X4XB40509-A98217A-R17-C60,20953,489.22672475773,A
7,SA919X4XB40509-A98217A-R17-C61,17877,473.69421236914,A
7,SA919X4XB40509-A98217A-R17-C63,24034,470.44163881086,A
7,SA919X4XB40509-A98217A-R17-C64,20319,500.34865517726,A
7,SA919X4XB40509-A98217A-R17-C67,20492,479.326408487146,A
7,SA919X4XB40509-A98217A-R17-C69,24018,513.288587094132,A
7,SA919X4XB40509-A98217A-R17-C70,21076,490.237016667284,A
7,SA919X4XB40509-A98217A-R18-C08,23868,483.926446126696,A
7,SA919X4XB40509-A98217A-R18-C09,22629,463.967804050429,A
7,SA919X4XB40509-A98217A-R18-C11,21680,486.884267112004,A
7,SA919X4XB40509-A98217A-R18-C13,27488,475.01028621114,A
7,SA919X4XB40509-A98217A-R18-C14,23360,486.704113373166,A
7,SA919X4XB40509-A98217A-R18-C15,21360,479.112320802495,A
7,SA919X4XB40509-A98217A-R18-C16,21714,443.70201862483,A
7,SA919X4XB40509-A98217A-R18-C18,18958,467.529173970414,A
7,SA919X4XB40509-A98217A-R18-C19,20740,472.347895027865,A
7,SA919X4XB40509-A98217A-R18-C20,21931,478.471270188497,A
7,SA919X4XB40509-A98217A-R18-C22,21389,477.402959698144,A
7,SA919X4XB40509-A98217A-R18-C24,25719,488.72683982251,A
7,SA919X4XB40509-A98217A-R18-C28,21088,484.822764574329,A
7,SA919X4XB40509-A98217A-R18-C29,21230,483.669347172497,A
7,SA919X4XB40509-A98217A-R18-C31,25011,485.350519359248,A
7,SA919X4XB40509-A98217A-R18-C32,20875,458.374908540086,A
7,SA919X4XB40509-A98217A-R18-C34,17179,509.293921336939,A
7,SA919X4XB40509-A98217A-R18-C35,25397,490.816791622029,A
7,SA919X4XB40509-A98217A-R18-C37,21259,494.86853735214,A
7,SA919X4XB40509-A98217A-R18-C40,23391,494.170222976853,A
7,SA919X4XB40509-A98217A-R18-C41,23412,484.922473079188,A
7,SA919X4XB40509-A98217A-R18-C44,23552,478.596383047979,A
7,SA919X4XB40509-A98217A-R18-C46,22413,459.485089317989,A
7,SA919X4XB40509-A98217A-R18-C48,22997,480.276223063801,A
7,SA919X4XB40509-A98217A-R18-C50,19502,482.568599540159,A
7,SA919X4XB40509-A98217A-R18-C51,24661,525.947985587745,A
7,SA919X4XB40509-A98217A-R18-C54,21690,479.669814606898,A
7,SA919X4XB40509-A98217A-R18-C58,21511,470.266035738178,A
7,SA919X4XB40509-A98217A-R18-C59,23551,482.542339566538,A
7,SA919X4XB40509-A98217A-R18-C61,24984,486.771403308127,A
7,SA919X4XB40509-A98217A-R18-C62,19932,495.347825233252,A
7,SA919X4XB40509-A98217A-R18-C64,23786,473.874975478074,A
7,SA919X4XB40509-A98217A-R18-C65,16348,861.932301509963,A
7,SA919X4XB40509-A98217A-R18-C66,23500,470.58744971327,A
7,SA919X4XB40509-A98217A-R18-C67,19629,468.186927943881,A
7,SA919X4XB40509-A98217A-R18-C68,19951,470.900632883094,A
7,SA919X4XB40509-A98217A-R18-C70,16500,475.24763507193,A
7,SA919X4XB40509-A98217A-R19-C07,17344,484.157401950191,A
7,SA919X4XB40509-A98217A-R19-C09,15534,483.083728966249,A
7,SA919X4XB40509-A98217A-R19-C18,15607,474.97287790413,A
7,SA919X4XB40509-A98217A-R19-C25,14975,481.267765037726,A
7,SA919X4XB40509-A98217A-R19-C28,14989,484.427102030446,A
7,SA919X4XB40509-A98217A-R19-C31,17962,471.521034080876,A
7,SA919X4XB40509-A98217A-R19-C41,16396,481.371681091286,A
7,SA919X4XB40509-A98217A-R19-C43,16652,467.85451900306,A
7,SA919X4XB40509-A98217A-R19-C57,15951,470.868055679937,A
7,SA919X4XB40509-A98217A-R19-C60,15373,483.000688812488,A
7,SA919X4XB40509-A98217A-R19-C61,17263,485.705323414511,A
7,SA919X4XB40509-A98217A-R19-C63,16124,443.622129490226,A
7,SA919X4XB40509-A98217A-R20-C10,23854,475.273040207154,A
7,SA919X4XB40509-A98217A-R20-C11,19409,466.218474727831,A
7,SA919X4XB40509-A98217A-R20-C13,26833,488.6064646093,A
7,SA919X4XB40509-A98217A-R20-C14,24710,500.165275047941,A
7,SA919X4XB40509-A98217A-R20-C15,22190,472.409861995162,A
7,SA919X4XB40509-A98217A-R20-C16,23334,478.420499961419,A
7,SA919X4XB40509-A98217A-R20-C17,25229,478.766916854908,A
7,SA919X4XB40509-A98217A-R20-C19,21069,475.195614215884,A
7,SA919X4XB40509-A98217A-R20-C20,22345,477.278715512573,A
7,SA919X4XB40509-A98217A-R20-C21,20538,472.203484119911,A
7,SA919X4XB40509-A98217A-R20-C22,23406,479.215690210337,A
7,SA919X4XB40509-A98217A-R20-C23,22812,471.783511686011,A
7,SA919X4XB40509-A98217A-R20-C24,26175,491.495653734862,A
7,SA919X4XB40509-A98217A-R20-C30,21594,470.360389902589,A
7,SA919X4XB40509-A98217A-R20-C32,22672,479.642957127626,A
7,SA919X4XB40509-A98217A-R20-C35,27347,480.779924674889,A
7,SA919X4XB40509-A98217A-R20-C37,21913,484.727340299183,A
7,SA919X4XB40509-A98217A-R20-C39,25069,480.605996537021,A
7,SA919X4XB40509-A98217A-R20-C40,23618,508.55110590529,A
7,SA919X4XB40509-A98217A-R20-C42,25297,489.706810327433,A
7,SA919X4XB40509-A98217A-R20-C43,26362,476.95888654654,A
7,SA919X4XB40509-A98217A-R20-C44,21752,471.180900864939,A
7,SA919X4XB40509-A98217A-R20-C45,17463,489.768452425709,A
7,SA919X4XB40509-A98217A-R20-C47,23742,483.205598279502,A
7,SA919X4XB40509-A98217A-R20-C48,22835,488.014650444615,A
7,SA919X4XB40509-A98217A-R20-C49,22436,489.700633964538,A
7,SA919X4XB40509-A98217A-R20-C52,18589,495.941532080787,A
7,SA919X4XB40509-A98217A-R20-C54,23906,481.310400572681,A
7,SA919X4XB40509-A98217A-R20-C55,26203,478.079835138141,A
7,SA919X4XB40509-A98217A-R20-C56,24951,499.858438075398,A
7,SA919X4XB40509-A98217A-R20-C57,25673,483.844591861816,A
7,SA919X4XB40509-A98217A-R20-C59,22453,484.773985291288,A
7,SA919X4XB40509-A98217A-R20-C61,24253,468.513269878676,A
7,SA919X4XB40509-A98217A-R20-C62,20469,470.418278776332,A
7,SA919X4XB40509-A98217A-R20-C63,24943,458.564896347974,A
7,SA919X4XB40509-A98217A-R20-C64,22478,468.641457983561,A
7,SA919X4XB40509-A98217A-R20-C68,20823,465.603344572379,A
7,SA919X4XB40509-A98217A-R21-C07,23199,512.12220205179,A
7,SA919X4XB40509-A98217A-R21-C08,20898,468.590785572052,A
7,SA919X4XB40509-A98217A-R21-C12,18879,489.219322008153,A
7,SA919X4XB40509-A98217A-R21-C13,23125,473.702691289996,A
7,SA919X4XB40509-A98217A-R21-C16,23675,473.597473111987,A
7,SA919X4XB40509-A98217A-R21-C17,21801,478.205394540527,A
7,SA919X4XB40509-A98217A-R21-C18,16678,478.049757316187,A
7,SA919X4XB40509-A98217A-R21-C21,18637,472.69930932925,A
7,SA919X4XB40509-A98217A-R21-C26,19613,481.338801565972,A
7,SA919X4XB40509-A98217A-R21-C32,21052,488.394748595175,A
7,SA919X4XB40509-A98217A-R21-C35,20314,471.25030219272,A
7,SA919X4XB40509-A98217A-R21-C37,19233,477.086666255049,A
7,SA919X4XB40509-A98217A-R21-C38,17370,474.743810116394,A
7,SA919X4XB40509-A98217A-R21-C39,20887,494.11387354615,A
7,SA919X4XB40509-A98217A-R21-C40,21424,488.334344993686,A
7,SA919X4XB40509-A98217A-R21-C43,22293,486.535822542105,A
7,SA919X4XB40509-A98217A-R21-C44,20457,478.981404353365,A
7,SA919X4XB40509-A98217A-R21-C56,21353,486.851599905635,A
7,SA919X4XB40509-A98217A-R21-C57,22447,473.237452961288,A
7,SA919X4XB40509-A98217A-R21-C59,20757,487.495936089078,A
7,SA919X4XB40509-A98217A-R21-C61,20908,476.422946181425,A
7,SA919X4XB40509-A98217A-R21-C64,20100,468.206246277315,A
7,SA919X4XB40509-A98217A-R21-C67,18265,485.48059535228,A
7,SA919X4XB40509-A98217A-R21-C68,15970,505.75579162733,A
7,SA919X4XB40509-A98217A-R21-C70,18804,500.269195128003,A
7,SA919X4XB40509-A98217A-R22-C11,17387,473.963531076808,A
7,SA919X4XB40509-A98217A-R22-C12,15619,468.49392621233,A
7,SA919X4XB40509-A98217A-R22-C14,19163,471.392603476819,A
7,SA919X4XB40509-A98217A-R22-C16,21301,484.072472158294,A
7,SA919X4XB40509-A98217A-R22-C17,20308,464.036756561602,A
7,SA919X4XB40509-A98217A-R22-C19,17413,471.479966756676,A
7,SA919X4XB40509-A98217A-R22-C24,21652,474.524473606175,A
7,SA919X4XB40509-A98217A-R22-C31,21426,479.570083668719,A
7,SA919X4XB40509-A98217A-R22-C35,20606,472.130609329474,A
7,SA919X4XB40509-A98217A-R22-C37,17377,497.902099601968,A
7,SA919X4XB40509-A98217A-R22-C40,17478,510.347596499115,A
7,SA919X4XB40509-A98217A-R22-C41,19853,477.43071931098,A
7,SA919X4XB40509-A98217A-R22-C43,21645,477.9869111598,A
7,SA919X4XB40509-A98217A-R22-C44,18823,495.485084123141,A
7,SA919X4XB40509-A98217A-R22-C48,18916,492.330269043481,A
7,SA919X4XB40509-A98217A-R22-C49,19708,478.590503224749,A
7,SA919X4XB40509-A98217A-R22-C51,18495,499.941257805226,A
7,SA919X4XB40509-A98217A-R22-C52,18705,525.195669802433,A
7,SA919X4XB40509-A98217A-R22-C55,19430,487.283745025755,A
7,SA919X4XB40509-A98217A-R22-C57,20152,479.86389612455,A
7,SA919X4XB40509-A98217A-R22-C59,19963,511.335966672315,A
7,SA919X4XB40509-A98217A-R22-C67,16477,460.97748648776,A
7,SA919X4XB40509-A98217A-R22-C69,16063,490.922624379676,A
7,SA919X4XB40509-A98217A-R22-C70,18592,499.545071788183,A
7,SA919X4XB40509-A98217A-R23-C09,22107,467.835823692554,A
7,SA919X4XB40509-A98217A-R23-C13,25787,500.354924012041,A
7,SA919X4XB40509-A98217A-R23-C14,21751,468.182709540457,A
7,SA919X4XB40509-A98217A-R23-C15,22699,474.920027244608,A
7,SA919X4XB40509-A98217A-R23-C16,28915,500.406445411103,A
7,SA919X4XB40509-A98217A-R23-C18,17627,440.936865761635,A
7,SA919X4XB40509-A98217A-R23-C19,20485,501.535146613346,A
7,SA919X4XB40509-A98217A-R23-C20,20397,486.254388403136,A
7,SA919X4XB40509-A98217A-R23-C22,20039,470.417700948251,A
7,SA919X4XB40509-A98217A-R23-C23,22392,472.755784627089,A
7,SA919X4XB40509-A98217A-R23-C29,20348,487.311744635856,A
7,SA919X4XB40509-A98217A-R23-C32,21551,491.550844699401,A
7,SA919X4XB40509-A98217A-R23-C41,22999,484.287763587973,A
7,SA919X4XB40509-A98217A-R23-C42,26028,490.807733675048,A
7,SA919X4XB40509-A98217A-R23-C43,31435,535.120957360546,A
7,SA919X4XB40509-A98217A-R23-C46,24448,477.481844692258,A
7,SA919X4XB40509-A98217A-R23-C47,23550,486.486159202081,A
7,SA919X4XB40509-A98217A-R23-C48,22683,476.041275513387,A
7,SA919X4XB40509-A98217A-R23-C49,20728,476.254607923695,A
7,SA919X4XB40509-A98217A-R23-C51,22756,486.894543543354,A
7,SA919X4XB40509-A98217A-R23-C54,20891,459.79026121061,A
7,SA919X4XB40509-A98217A-R23-C56,24412,490.241610339223,A
7,SA919X4XB40509-A98217A-R23-C59,21834,464.535208485836,A
7,SA919X4XB40509-A98217A-R23-C61,22787,475.644697951881,A
7,SA919X4XB40509-A98217A-R23-C63,25372,485.987182069939,A
7,SA919X4XB40509-A98217A-R23-C67,21111,463.285955374582,A
7,SA919X4XB40509-A98217A-R23-C68,17316,494.708736675024,A
7,SA919X4XB40509-A98217A-R23-C69,18602,499.408756279607,A
7,SA919X4XB40509-A98217A-R24-C08,22174,453.884211075476,A
7,SA919X4XB40509-A98217A-R24-C09,23500,483.873437288199,A
7,SA919X4XB40509-A98217A-R24-C11,20588,505.654042759551,A
7,SA919X4XB40509-A98217A-R24-C13,25560,473.790292157349,A
7,SA919X4XB40509-A98217A-R24-C14,20927,457.150115803747,A
7,SA919X4XB40509-A98217A-R24-C16,24557,469.322544543141,A
7,SA919X4XB40509-A98217A-R24-C17,23909,500.321978303497,A
7,SA919X4XB40509-A98217A-R24-C18,21696,486.273299356374,A
7,SA919X4XB40509-A98217A-R24-C20,22048,486.166937678882,A
7,SA919X4XB40509-A98217A-R24-C21,21088,478.11908533632,A
7,SA919X4XB40509-A98217A-R24-C22,21920,475.23314564753,A
7,SA919X4XB40509-A98217A-R24-C26,21028,468.323621411548,A
7,SA919X4XB40509-A98217A-R24-C27,19982,504.035145561104,A
7,SA919X4XB40509-A98217A-R24-C28,19849,482.494067840252,A
7,SA919X4XB40509-A98217A-R24-C31,24935,484.826576642104,A
7,SA919X4XB40509-A98217A-R24-C37,19787,478.36134170696,A
7,SA919X4XB40509-A98217A-R24-C38,19926,494.091045891745,A
7,SA919X4XB40509-A98217A-R24-C39,22883,468.388375280931,A
7,SA919X4XB40509-A98217A-R24-C40,22494,478.304109704474,A
7,SA919X4XB40509-A98217A-R24-C42,24136,469.699156960258,A
7,SA919X4XB40509-A98217A-R24-C44,21358,473.791660732542,A
7,SA919X4XB40509-A98217A-R24-C47,24432,489.396221383705,A
7,SA919X4XB40509-A98217A-R24-C49,21387,491.853787317416,A
7,SA919X4XB40509-A98217A-R24-C50,21768,474.931548305374,A
7,SA919X4XB40509-A98217A-R24-C54,22333,512.730957423179,A
7,SA919X4XB40509-A98217A-R24-C56,26696,485.250210098013,A
7,SA919X4XB40509-A98217A-R24-C61,23456,512.69144166659,A
7,SA919X4XB40509-A98217A-R24-C62,20763,478.38720041844,A
7,SA919X4XB40509-A98217A-R24-C63,25609,482.341546020188,A
7,SA919X4XB40509-A98217A-R24-C66,24262,477.859533360429,A
7,SA919X4XB40509-A98217A-R24-C67,20078,496.166206315911,A
7,SA919X4XB40509-A98217A-R25-C14,18800,448.337335595509,A
7,SA919X4XB40509-A98217A-R25-C16,21340,491.275352753887,A
7,SA919X4XB40509-A98217A-R25-C17,20127,458.330351777713,A
7,SA919X4XB40509-A98217A-R25-C19,16875,478.69968219446,A
7,SA919X4XB40509-A98217A-R25-C23,19591,469.090269170518,A
7,SA919X4XB40509-A98217A-R25-C25,21403,472.605262382297,A
7,SA919X4XB40509-A98217A-R25-C26,19693,490.568256521829,A
7,SA919X4XB40509-A98217A-R25-C27,19531,480.509339367988,A
7,SA919X4XB40509-A98217A-R25-C28,20924,504.938744110042,A
7,SA919X4XB40509-A98217A-R25-C35,23262,479.782989338554,A
7,SA919X4XB40509-A98217A-R25-C39,21733,478.43443039066,A
7,SA919X4XB40509-A98217A-R25-C40,19967,483.759403332035,A
7,SA919X4XB40509-A98217A-R25-C41,20277,483.671111221287,A
7,SA919X4XB40509-A98217A-R25-C44,19757,493.903094738406,A
7,SA919X4XB40509-A98217A-R25-C48,19945,484.399116526876,A
7,SA919X4XB40509-A98217A-R25-C50,18154,495.418007533128,A
7,SA919X4XB40509-A98217A-R25-C51,20493,483.588905725339,A
7,SA919X4XB40509-A98217A-R25-C54,20670,480.049823399418,A
7,SA919X4XB40509-A98217A-R25-C55,23172,476.808287819601,A
7,SA919X4XB40509-A98217A-R25-C59,20853,481.506173898912,A
7,SA919X4XB40509-A98217A-R25-C61,21900,485.619960787031,A
7,SA919X4XB40509-A98217A-R25-C64,23384,507.542727793681,A
7,SA919X4XB40509-A98217A-R25-C65,17312,1438.85787860773,A
7,SA919X4XB40509-A98217A-R25-C66,19706,510.48151581773,A
7,SA919X4XB40509-A98217A-R25-C67,16885,491.637180105971,A
7,SA919X4XB40509-A98217A-R25-C69,15795,463.472199419733,A
7,SA919X4XB40509-A98217A-R25-C70,18529,476.780884022869,A
7,SA919X4XB40509-A98217A-R26-C08,18875,491.587317639602,A
7,SA919X4XB40509-A98217A-R26-C12,16778,466.704047442863,A
7,SA919X4XB40509-A98217A-R26-C13,23551,479.477175762241,A
7,SA919X4XB40509-A98217A-R26-C17,22310,485.007617624008,A
7,SA919X4XB40509-A98217A-R26-C18,16504,486.334234110208,A
7,SA919X4XB40509-A98217A-R26-C21,17654,489.376807658392,A
7,SA919X4XB40509-A98217A-R26-C23,18348,473.963810370255,A
7,SA919X4XB40509-A98217A-R26-C25,19255,472.294816241599,A
7,SA919X4XB40509-A98217A-R26-C27,16116,472.308031314216,A
7,SA919X4XB40509-A98217A-R26-C29,15293,472.708548880324,A
7,SA919X4XB40509-A98217A-R26-C31,20406,471.441142589395,A
7,SA919X4XB40509-A98217A-R26-C38,16444,489.66783187269,A
7,SA919X4XB40509-A98217A-R26-C39,20464,482.930490008141,A
7,SA919X4XB40509-A98217A-R26-C44,17289,456.811899842153,A
7,SA919X4XB40509-A98217A-R26-C46,20160,475.473306823009,A
7,SA919X4XB40509-A98217A-R26-C50,16560,488.606182795377,A
7,SA919X4XB40509-A98217A-R26-C55,19755,479.599017614656,A
7,SA919X4XB40509-A98217A-R26-C56,22402,478.696671038235,A
7,SA919X4XB40509-A98217A-R26-C57,19971,476.063807787322,A
7,SA919X4XB40509-A98217A-R26-C61,18338,484.137410317848,A
7,SA919X4XB40509-A98217A-R26-C63,19942,492.38045309608,A
7,SA919X4XB40509-A98217A-R26-C66,17021,461.223046750752,A
7,SA919X4XB40509-A98217A-R26-C68,16579,468.253754041523,A
7,SA919X4XB40509-A98217A-R27-C09,21697,484.87301382615,A
7,SA919X4XB40509-A98217A-R27-C10,17539,487.700691970372,A
7,SA919X4XB40509-A98217A-R27-C12,18196,467.607724882043,A
7,SA919X4XB40509-A98217A-R27-C14,16802,473.241472621731,A
7,SA919X4XB40509-A98217A-R27-C16,21816,487.046658756064,A
7,SA919X4XB40509-A98217A-R27-C19,18061,469.990104867836,A
7,SA919X4XB40509-A98217A-R27-C24,24945,482.116784210184,A
7,SA919X4XB40509-A98217A-R27-C26,20993,475.270844855735,A
7,SA919X4XB40509-A98217A-R27-C31,21539,495.750985680984,A
7,SA919X4XB40509-A98217A-R27-C35,21791,477.844850420308,A
7,SA919X4XB40509-A98217A-R27-C38,18312,473.240762982316,A
7,SA919X4XB40509-A98217A-R27-C39,20321,477.875645955543,A
7,SA919X4XB40509-A98217A-R27-C41,21680,484.552562880254,A
7,SA919X4XB40509-A98217A-R27-C43,24933,483.402803692355,A
7,SA919X4XB40509-A98217A-R27-C48,23171,507.916083367424,A
7,SA919X4XB40509-A98217A-R27-C50,17302,484.542292775224,A
7,SA919X4XB40509-A98217A-R27-C51,24095,521.974138583941,A
7,SA919X4XB40509-A98217A-R27-C60,16479,494.923384924932,A
7,SA919X4XB40509-A98217A-R27-C61,20360,481.534477195787,A
7,SA919X4XB40509-A98217A-R27-C66,20748,482.410401449696,A
7,SA919X4XB40509-A98217A-R27-C67,17175,489.045936531127,A
7,SA919X4XB40509-A98217A-R27-C68,17236,471.476838059583,A
7,SA919X4XB40509-A98217A-R28-C13,23216,494.920088597992,A
7,SA919X4XB40509-A98217A-R28-C14,22035,478.338981241027,A
7,SA919X4XB40509-A98217A-R28-C17,20734,479.37106000193,A
7,SA919X4XB40509-A98217A-R28-C18,18653,501.352703623754,A
7,SA919X4XB40509-A98217A-R28-C20,18946,489.706810475271,A
7,SA919X4XB40509-A98217A-R28-C21,17137,457.868368705013,A
7,SA919X4XB40509-A98217A-R28-C23,15309,482.279880588772,A
7,SA919X4XB40509-A98217A-R28-C24,22336,481.114609642095,A
7,SA919X4XB40509-A98217A-R28-C28,17019,496.701249668337,A
7,SA919X4XB40509-A98217A-R28-C29,16468,472.570957892594,A
7,SA919X4XB40509-A98217A-R28-C31,20967,471.379951469187,A
7,SA919X4XB40509-A98217A-R28-C32,18228,477.97218236653,A
7,SA919X4XB40509-A98217A-R28-C37,17375,479.972028119463,A
7,SA919X4XB40509-A98217A-R28-C38,18249,479.832984384312,A
7,SA919X4XB40509-A98217A-R28-C44,17610,482.542201220613,A
7,SA919X4XB40509-A98217A-R28-C46,20067,493.332237628974,A
7,SA919X4XB40509-A98217A-R28-C50,18257,488.623171520835,A
7,SA919X4XB40509-A98217A-R28-C57,17450,512.919664955861,A
7,SA919X4XB40509-A98217A-R28-C60,18122,500.717964299146,A
7,SA919X4XB40509-A98217A-R28-C66,17465,478.462889453361,A
7,SA919X4XB40509-A98217A-R28-C68,15644,475.849504008518,A
7,SA919X4XB40509-A98217A-R29-C08,22330,496.844648172707,A
7,SA919X4XB40509-A98217A-R29-C09,20776,474.249322037527,A
7,SA919X4XB40509-A98217A-R29-C14,20414,467.709458482187,A
7,SA919X4XB40509-A98217A-R29-C15,20011,494.120331934102,A
7,SA919X4XB40509-A98217A-R29-C18,19625,493.004583346708,A
7,SA919X4XB40509-A98217A-R29-C19,18110,470.401632075549,A
7,SA919X4XB40509-A98217A-R29-C21,20012,503.900094776194,A
7,SA919X4XB40509-A98217A-R29-C23,21571,482.961708319283,A
7,SA919X4XB40509-A98217A-R29-C28,22458,506.498469052596,A
7,SA919X4XB40509-A98217A-R29-C30,19666,496.327116202822,A
7,SA919X4XB40509-A98217A-R29-C31,20842,467.835418398463,A
7,SA919X4XB40509-A98217A-R29-C32,20294,466.953643436791,A
7,SA919X4XB40509-A98217A-R29-C40,19783,482.980600024258,A
7,SA919X4XB40509-A98217A-R29-C43,24878,490.392795936433,A
7,SA919X4XB40509-A98217A-R29-C46,21996,481.354771361859,A
7,SA919X4XB40509-A98217A-R29-C52,18977,493.545625788732,A
7,SA919X4XB40509-A98217A-R29-C57,23131,484.753773381728,A
7,SA919X4XB40509-A98217A-R29-C59,20828,464.792197794278,A
7,SA919X4XB40509-A98217A-R29-C60,20290,496.642135994828,A
7,SA919X4XB40509-A98217A-R29-C66,17987,471.91983428799,A
7,SA919X4XB40509-A98217A-R29-C68,17518,492.334291526752,A
7,SA919X4XB40509-A98217A-R30-C12,17201,486.43427482861,A
7,SA919X4XB40509-A98217A-R30-C21,16739,502.656235981432,A
7,SA919X4XB40509-A98217A-R30-C35,20514,487.908313329648,A
7,SA919X4XB40509-A98217A-R30-C37,16133,465.778624688363,A
7,SA919X4XB40509-A98217A-R30-C38,16531,487.650373013958,A
7,SA919X4XB40509-A98217A-R30-C39,18537,461.453692492687,A
7,SA919X4XB40509-A98217A-R30-C40,18092,481.625648966255,A
7,SA919X4XB40509-A98217A-R30-C41,20502,483.851822150631,A
7,SA919X4XB40509-A98217A-R30-C42,19305,497.565545337065,A
7,SA919X7XB05588-A98299A-R03-C07,38549,718.108101555289,C
7,SA919X7XB05588-A98299A-R03-C09,35159,705.535084907442,C
7,SA919X7XB05588-A98299A-R03-C15,38999,706.762280224498,C
7,SA919X7XB05588-A98299A-R03-C17,45112,716.896737902432,C
7,SA919X7XB05588-A98299A-R03-C19,36219,732.677753343722,B
7,SA919X7XB05588-A98299A-R03-C24,41955,724.237025931643,C
7,SA919X7XB05588-A98299A-R03-C25,47329,705.603583504188,C
7,SA919X7XB05588-A98299A-R03-C27,42387,720.932317806451,C
7,SA919X7XB05588-A98299A-R03-C31,20941,704.74444013483,C
7,SA919X7XB05588-A98299A-R03-C39,44680,707.218347803694,C
7,SA919X7XB05588-A98299A-R03-C46,51814,712.736415504532,C
7,SA919X7XB05588-A98299A-R03-C47,38363,704.544107615567,B
7,SA919X7XB05588-A98299A-R03-C48,28497,708.901241538015,C
7,SA919X7XB05588-A98299A-R03-C49,41822,707.992737126543,C
7,SA919X7XB05588-A98299A-R03-C52,30824,702.519647993128,C
7,SA919X7XB05588-A98299A-R03-C56,50586,712.609455519699,C
7,SA919X7XB05588-A98299A-R03-C59,34552,717.606149974142,C
7,SA919X7XB05588-A98299A-R03-C60,44738,704.553315388057,C
7,SA919X7XB05588-A98299A-R03-C67,48683,707.394819090721,C
7,SA919X7XB05588-A98299A-R03-C68,49410,706.310380702283,C
7,SA919X7XB05588-A98299A-R03-C70,41833,705.811424117592,C
7,SA919X7XB05588-A98299A-R04-C08,51303,713.570598765248,C
7,SA919X7XB05588-A98299A-R04-C09,52331,695.316124310578,C
7,SA919X7XB05588-A98299A-R04-C13,82235,722.398098946073,C
7,SA919X7XB05588-A98299A-R04-C14,54031,719.916334527341,C
7,SA919X7XB05588-A98299A-R04-C15,48592,710.344138539591,C
7,SA919X7XB05588-A98299A-R04-C17,41943,711.700335135725,C
7,SA919X7XB05588-A98299A-R04-C22,39103,711.715204499468,C
7,SA919X7XB05588-A98299A-R04-C25,51476,704.209133802429,C
7,SA919X7XB05588-A98299A-R04-C39,48739,713.870688641677,C
7,SA919X7XB05588-A98299A-R04-C40,48097,702.131388605433,C
7,SA919X7XB05588-A98299A-R04-C41,53189,711.399416591125,C
7,SA919X7XB05588-A98299A-R04-C44,51915,709.502549175569,C
7,SA919X7XB05588-A98299A-R04-C48,34624,482.688572278533,A
7,SA919X7XB05588-A98299A-R04-C49,44647,715.166907028044,C
7,SA919X7XB05588-A98299A-R04-C56,49176,706.318051059148,C
7,SA919X7XB05588-A98299A-R04-C57,54074,715.663352672893,C
7,SA919X7XB05588-A98299A-R04-C60,53227,695.635204671067,C
7,SA919X7XB05588-A98299A-R04-C61,55841,707.075663901234,C
7,SA919X7XB05588-A98299A-R04-C63,51020,717.455070106265,C
7,SA919X7XB05588-A98299A-R05-C08,50234,707.628293440969,C
7,SA919X7XB05588-A98299A-R05-C11,45010,694.455411095618,C
7,SA919X7XB05588-A98299A-R05-C14,50556,696.371335186605,C
7,SA919X7XB05588-A98299A-R05-C15,51652,710.529978779918,C
7,SA919X7XB05588-A98299A-R05-C19,51216,713.356815276496,C
7,SA919X7XB05588-A98299A-R05-C21,52590,711.467532700917,C
7,SA919X7XB05588-A98299A-R05-C22,48681,716.324599458287,C
7,SA919X7XB05588-A98299A-R05-C24,55129,699.414470618054,C
7,SA919X7XB05588-A98299A-R05-C33,35812,709.370206432876,C
7,SA919X7XB05588-A98299A-R05-C35,59229,705.999821054993,C
7,SA919X7XB05588-A98299A-R05-C36,52904,703.550223706387,C
7,SA919X7XB05588-A98299A-R05-C39,56486,705.373645351706,C
7,SA919X7XB05588-A98299A-R05-C40,48825,715.061504550171,C
7,SA919X7XB05588-A98299A-R05-C48,49353,705.584271324773,C
7,SA919X7XB05588-A98299A-R05-C49,44962,709.05309628996,C
7,SA919X7XB05588-A98299A-R05-C51,55520,710.015315499345,C
7,SA919X7XB05588-A98299A-R05-C52,45172,721.98026077586,C
7,SA919X7XB05588-A98299A-R05-C57,53864,707.181128088482,C
7,SA919X7XB05588-A98299A-R05-C60,76889,706.769457352222,C
7,SA919X7XB05588-A98299A-R05-C67,56657,726.734437458414,C
7,SA919X7XB05588-A98299A-R05-C69,53258,719.52600515409,C
7,SA919X7XB05588-A98299A-R06-C16,47118,702.67880728784,C
7,SA919X7XB05588-A98299A-R06-C21,44073,706.864769370967,C
7,SA919X7XB05588-A98299A-R06-C25,50167,697.621772007623,C
7,SA919X7XB05588-A98299A-R06-C29,43610,703.086884796239,C
7,SA919X7XB05588-A98299A-R06-C35,44134,706.555481429755,C
7,SA919X7XB05588-A98299A-R06-C37,44406,708.573264649793,C
7,SA919X7XB05588-A98299A-R06-C38,23255,699.0405197797,C
7,SA919X7XB05588-A98299A-R06-C51,49856,704.312523042738,C
7,SA919X7XB05588-A98299A-R06-C59,46487,738.291976670381,C
7,SA919X7XB05588-A98299A-R06-C60,47892,712.445866023136,C
7,SA919X7XB05588-A98299A-R06-C61,50217,719.88345613023,C
7,SA919X7XB05588-A98299A-R06-C64,48685,725.643613654811,C
7,SA919X7XB05588-A98299A-R07-C14,49653,704.519194862867,C
7,SA919X7XB05588-A98299A-R07-C19,40432,706.304922134526,C
7,SA919X7XB05588-A98299A-R07-C25,52194,710.34113512656,C
7,SA919X7XB05588-A98299A-R07-C28,46480,707.738791415095,C
7,SA919X7XB05588-A98299A-R07-C31,48340,716.472709908896,C
7,SA919X7XB05588-A98299A-R07-C32,45973,713.73390844218,C
7,SA919X7XB05588-A98299A-R07-C36,35484,715.743833664308,C
7,SA919X7XB05588-A98299A-R07-C39,46950,697.444418850579,B
7,SA919X7XB05588-A98299A-R07-C46,50230,730.162618214353,C
7,SA919X7XB05588-A98299A-R07-C48,46417,704.036462197506,C
7,SA919X7XB05588-A98299A-R07-C54,46627,705.841054618271,C
7,SA919X7XB05588-A98299A-R07-C61,61475,720.421462380682,C
7,SA919X7XB05588-A98299A-R07-C63,50232,700.941389221052,C
7,SA919X7XB05588-A98299A-R08-C07,48079,705.182117266976,C
7,SA919X7XB05588-A98299A-R08-C09,50549,710.258357362019,C
7,SA919X7XB05588-A98299A-R08-C13,58443,708.847437821673,C
7,SA919X7XB05588-A98299A-R08-C17,50616,718.246478788482,C
7,SA919X7XB05588-A98299A-R08-C19,43775,717.293364541606,C
7,SA919X7XB05588-A98299A-R08-C23,44006,719.793451500181,C
7,SA919X7XB05588-A98299A-R08-C24,52281,689.518404042952,C
7,SA919X7XB05588-A98299A-R08-C28,46807,695.820116539951,C
7,SA919X7XB05588-A98299A-R08-C30,54110,724.494872959635,C
7,SA919X7XB05588-A98299A-R08-C31,50768,707.885358799167,C
7,SA919X7XB05588-A98299A-R08-C33,36612,717.982957323891,C
7,SA919X7XB05588-A98299A-R08-C36,42671,710.259802969923,C
7,SA919X7XB05588-A98299A-R08-C37,51431,721.472180971901,C
7,SA919X7XB05588-A98299A-R08-C39,51604,712.067563266213,C
7,SA919X7XB05588-A98299A-R08-C41,48128,701.446448298374,C
7,SA919X7XB05588-A98299A-R08-C46,50040,715.576722364808,C
7,SA919X7XB05588-A98299A-R08-C51,53945,694.81364197619,C
7,SA919X7XB05588-A98299A-R08-C52,38724,710.342652982307,C
7,SA919X7XB05588-A98299A-R08-C63,52600,703.322593441208,C
7,SA919X7XB05588-A98299A-R09-C08,37817,710.268985037523,C
7,SA919X7XB05588-A98299A-R09-C09,41025,705.510965731869,C
7,SA919X7XB05588-A98299A-R09-C11,38175,703.935865968732,C
7,SA919X7XB05588-A98299A-R09-C12,34336,710.76918013815,C
7,SA919X7XB05588-A98299A-R09-C13,53699,719.089552788985,C
7,SA919X7XB05588-A98299A-R09-C15,34975,724.658573189344,C
7,SA919X7XB05588-A98299A-R09-C19,37118,705.097019628967,C
7,SA919X7XB05588-A98299A-R09-C20,27915,693.142598732398,C
7,SA919X7XB05588-A98299A-R09-C23,39503,696.812715238997,C
7,SA919X7XB05588-A98299A-R09-C25,46137,715.178377953675,C
7,SA919X7XB05588-A98299A-R09-C30,38850,706.938618880463,C
7,SA919X7XB05588-A98299A-R09-C40,39054,711.523029220372,C
7,SA919X7XB05588-A98299A-R09-C43,63213,703.87316917319,C
7,SA919X7XB05588-A98299A-R09-C44,42873,710.518258669859,C
7,SA919X7XB05588-A98299A-R09-C48,51069,705.980991693376,C
7,SA919X7XB05588-A98299A-R09-C52,42380,713.543280834964,C
7,SA919X7XB05588-A98299A-R09-C59,38747,697.345388354998,C
7,SA919X7XB05588-A98299A-R09-C61,49837,721.160133295867,C
7,SA919X7XB05588-A98299A-R09-C67,46918,708.010219157055,C
7,SA919X7XB05588-A98299A-R09-C68,22584,712.400009456232,C
7,SA919X7XB05588-A98299A-R09-C69,38062,709.784586210504,C
7,SA919X7XB05588-A98299A-R10-C20,34779,697.549633970672,C
7,SA919X7XB05588-A98299A-R10-C22,39616,709.764012802152,C
7,SA919X7XB05588-A98299A-R10-C24,53113,702.581259339159,C
7,SA919X7XB05588-A98299A-R10-C33,31806,726.023896517501,C
7,SA919X7XB05588-A98299A-R10-C35,54314,705.159016718694,C
7,SA919X7XB05588-A98299A-R10-C36,44693,708.844228730623,C
7,SA919X7XB05588-A98299A-R10-C38,25870,699.150190845599,C
7,SA919X7XB05588-A98299A-R10-C40,49787,693.119922270731,C
7,SA919X7XB05588-A98299A-R10-C43,58879,692.562957282558,C
7,SA919X7XB05588-A98299A-R10-C44,49696,708.62233775092,C
7,SA919X7XB05588-A98299A-R10-C48,47270,704.729122008325,C
7,SA919X7XB05588-A98299A-R10-C49,43164,713.435637446051,C
7,SA919X7XB05588-A98299A-R10-C51,55867,703.086854479704,C
7,SA919X7XB05588-A98299A-R10-C59,49685,714.931614949142,B
7,SA919X7XB05588-A98299A-R10-C61,55918,699.344506032162,C
7,SA919X7XB05588-A98299A-R10-C63,55743,707.681736860329,C
7,SA919X7XB05588-A98299A-R10-C64,47181,712.32676517258,B
7,SA919X7XB05588-A98299A-R10-C68,51133,712.578396363322,B
7,SA919X7XB05588-A98299A-R10-C70,52312,707.93750152902,B
7,SA919X7XB05588-A98299A-R11-C09,47113,712.410094760891,C
7,SA919X7XB05588-A98299A-R11-C13,58088,720.170351352573,C
7,SA919X7XB05588-A98299A-R11-C21,48855,713.605306590666,C
7,SA919X7XB05588-A98299A-R11-C24,52532,706.612805140149,C
7,SA919X7XB05588-A98299A-R11-C30,50721,706.062966103102,C
7,SA919X7XB05588-A98299A-R11-C31,51404,715.555637620705,C
7,SA919X7XB05588-A98299A-R11-C32,46231,711.486246478351,C
7,SA919X7XB05588-A98299A-R11-C33,31424,714.26392307743,C
7,SA919X7XB05588-A98299A-R11-C40,49000,711.097338344633,C
7,SA919X7XB05588-A98299A-R11-C48,48200,710.84033615483,C
7,SA919X7XB05588-A98299A-R11-C68,31531,699.385274463017,C
7,SA919X7XB05588-A98299A-R12-C17,52725,709.049279031113,C
7,SA919X7XB05588-A98299A-R12-C19,42226,702.861028508609,C
7,SA919X7XB05588-A98299A-R12-C22,40100,725.009903299497,C
7,SA919X7XB05588-A98299A-R12-C23,55152,699.013519309445,C
7,SA919X7XB05588-A98299A-R12-C25,75877,714.243373530577,C
7,SA919X7XB05588-A98299A-R12-C28,48719,712.226999398026,C
7,SA919X7XB05588-A98299A-R12-C30,39282,1732.25935974143,B
7,SA919X7XB05588-A98299A-R12-C35,71151,718.892629869349,C
7,SA919X7XB05588-A98299A-R12-C36,63016,730.252405892753,C
7,SA919X7XB05588-A98299A-R12-C41,53325,714.304901914995,C
7,SA919X7XB05588-A98299A-R12-C45,24259,729.399035454481,C
7,SA919X7XB05588-A98299A-R12-C46,55670,720.464623991706,C
7,SA919X7XB05588-A98299A-R12-C47,55786,700.991350101928,C
7,SA919X7XB05588-A98299A-R12-C51,55591,697.259985499904,C
7,SA919X7XB05588-A98299A-R12-C55,51730,700.105639289475,C
7,SA919X7XB05588-A98299A-R12-C57,54721,703.211501588988,C
7,SA919X7XB05588-A98299A-R12-C60,55648,709.167898446978,C
7,SA919X7XB05588-A98299A-R12-C67,56623,714.915247170136,C
7,SA919X7XB05588-A98299A-R12-C69,49089,712.087390328552,C
7,SA919X7XB05588-A98299A-R12-C70,47411,708.190101922482,C
7,SA919X7XB05588-A98299A-R13-C13,49645,703.849671316513,C
7,SA919X7XB05588-A98299A-R13-C14,45496,703.207452834921,C
7,SA919X7XB05588-A98299A-R13-C23,28768,716.98254806751,C
7,SA919X7XB05588-A98299A-R13-C27,34527,691.258153418699,C
7,SA919X7XB05588-A98299A-R13-C30,44230,733.095628904082,C
7,SA919X7XB05588-A98299A-R13-C31,46415,712.0831951641,C
7,SA919X7XB05588-A98299A-R13-C36,31645,598.084612444861,C
7,SA919X7XB05588-A98299A-R13-C49,46760,716.612320911461,C
7,SA919X7XB05588-A98299A-R13-C51,44818,717.803902432299,C
7,SA919X7XB05588-A98299A-R13-C56,45039,723.220719156281,C
7,SA919X7XB05588-A98299A-R13-C60,46436,710.695482801357,C
7,SA919X7XB05588-A98299A-R13-C67,40063,704.391736501597,C
7,SA919X7XB05588-A98299A-R14-C11,42356,716.937343190797,C
7,SA919X7XB05588-A98299A-R14-C13,57398,706.889384316039,C
7,SA919X7XB05588-A98299A-R14-C14,51178,698.458864677607,C
7,SA919X7XB05588-A98299A-R14-C16,51524,715.369177687833,C
7,SA919X7XB05588-A98299A-R14-C17,42398,687.793079478724,C
7,SA919X7XB05588-A98299A-R14-C19,34683,711.808048215523,C
7,SA919X7XB05588-A98299A-R14-C21,44862,708.459026027943,C
7,SA919X7XB05588-A98299A-R14-C22,41145,743.826678890167,C
7,SA919X7XB05588-A98299A-R14-C23,51992,686.014540181183,B
7,SA919X7XB05588-A98299A-R14-C24,54796,705.597439843671,C
7,SA919X7XB05588-A98299A-R14-C25,56774,709.711579048182,C
7,SA919X7XB05588-A98299A-R14-C27,41523,719.910488767968,C
7,SA919X7XB05588-A98299A-R14-C28,50919,719.93796064892,C
7,SA919X7XB05588-A98299A-R14-C31,55687,716.426198905397,C
7,SA919X7XB05588-A98299A-R14-C35,57623,697.980883824361,C
7,SA919X7XB05588-A98299A-R14-C37,48318,708.707980372955,B
7,SA919X7XB05588-A98299A-R14-C38,29478,711.393161409788,B
7,SA919X7XB05588-A98299A-R14-C41,62885,697.731011435738,B
7,SA919X7XB05588-A98299A-R14-C51,57259,703.022962651586,C
7,SA919X7XB05588-A98299A-R14-C54,46333,707.369242896085,C
7,SA919X7XB05588-A98299A-R14-C59,49433,705.404718023465,C
7,SA919X7XB05588-A98299A-R14-C64,50062,700.207960950439,C
7,SA919X7XB05588-A98299A-R14-C67,55975,717.787507550989,C
7,SA919X7XB05588-A98299A-R14-C70,39936,702.878302238548,C
7,SA919X7XB05588-A98299A-R15-C12,46205,711.302335381886,C
7,SA919X7XB05588-A98299A-R15-C14,56752,703.261739330893,C
7,SA919X7XB05588-A98299A-R15-C16,56077,706.034568657605,C
7,SA919X7XB05588-A98299A-R15-C37,48250,694.113696999055,C
7,SA919X7XB05588-A98299A-R15-C38,21766,499.512001182541,C
7,SA919X7XB05588-A98299A-R15-C39,54048,702.64489063464,C
7,SA919X7XB05588-A98299A-R15-C46,49000,709.050138881206,C
7,SA919X7XB05588-A98299A-R15-C52,38176,689.967822251502,C
7,SA919X7XB05588-A98299A-R15-C56,54603,689.343106000882,C
7,SA919X7XB05588-A98299A-R15-C70,49090,712.959842147623,C
7,SA919X7XB05588-A98299A-R16-C07,45059,711.319462977021,C
7,SA919X7XB05588-A98299A-R16-C09,54552,707.16690690462,C
7,SA919X7XB05588-A98299A-R16-C14,55540,711.460040226633,C
7,SA919X7XB05588-A98299A-R16-C16,44387,715.591832863169,C
7,SA919X7XB05588-A98299A-R16-C22,30621,699.346365120592,B
7,SA919X7XB05588-A98299A-R16-C24,45223,695.952232555187,C
7,SA919X7XB05588-A98299A-R16-C25,44517,692.103513509812,C
7,SA919X7XB05588-A98299A-R16-C29,39559,689.382309366273,C
7,SA919X7XB05588-A98299A-R16-C32,43954,719.460830540174,C
7,SA919X7XB05588-A98299A-R16-C36,36595,700.302345917154,C
7,SA919X7XB05588-A98299A-R16-C38,22919,715.924315551191,C
7,SA919X7XB05588-A98299A-R16-C39,46869,715.37192592766,C
7,SA919X7XB05588-A98299A-R16-C47,45866,713.847891421117,C
7,SA919X7XB05588-A98299A-R16-C48,42684,710.944379573879,C
7,SA919X7XB05588-A98299A-R16-C49,37412,716.551544702347,C
7,SA919X7XB05588-A98299A-R16-C64,40531,710.923687808215,C
7,SA919X7XB05588-A98299A-R16-C65,30406,686.203555657618,C
7,SA919X7XB05588-A98299A-R16-C70,38603,706.648960378361,C
7,SA919X7XB05588-A98299A-R17-C13,51097,701.016035718821,C
7,SA919X7XB05588-A98299A-R17-C14,48361,701.024014995701,C
7,SA919X7XB05588-A98299A-R17-C17,49233,718.561922232257,C
7,SA919X7XB05588-A98299A-R17-C21,47705,695.978566947002,C
7,SA919X7XB05588-A98299A-R17-C24,54553,728.910568247904,C
7,SA919X7XB05588-A98299A-R17-C27,41492,699.516458384775,C
7,SA919X7XB05588-A98299A-R17-C31,42307,673.177166568163,C
7,SA919X7XB05588-A98299A-R17-C32,46527,698.735082325576,C
7,SA919X7XB05588-A98299A-R17-C33,28752,709.069507505,C
7,SA919X7XB05588-A98299A-R17-C35,53834,705.981297388874,C
7,SA919X7XB05588-A98299A-R17-C36,39640,720.881646681827,C
7,SA919X7XB05588-A98299A-R17-C37,47236,713.570653016011,C
7,SA919X7XB05588-A98299A-R17-C39,50529,703.705127056761,C
7,SA919X7XB05588-A98299A-R17-C41,49341,713.936637776852,C
7,SA919X7XB05588-A98299A-R17-C44,51182,694.152846414258,C
7,SA919X7XB05588-A98299A-R17-C48,50117,712.374704966014,B
7,SA919X7XB05588-A98299A-R17-C51,56488,707.553756165141,C
7,SA919X7XB05588-A98299A-R17-C54,45603,718.576384446013,C
7,SA919X7XB05588-A98299A-R17-C57,49808,719.032925815418,C
7,SA919X7XB05588-A98299A-R17-C60,51604,715.841836283357,C
7,SA919X7XB05588-A98299A-R17-C67,52271,709.177696334045,C
7,SA919X7XB05588-A98299A-R17-C69,40420,721.613619248164,C
7,SA919X7XB05588-A98299A-R18-C08,47309,702.116028930639,C
7,SA919X7XB05588-A98299A-R18-C09,47875,705.992475949757,C
7,SA919X7XB05588-A98299A-R18-C14,50346,707.512275757156,C
7,SA919X7XB05588-A98299A-R18-C15,43844,706.741660533471,C
7,SA919X7XB05588-A98299A-R18-C21,46058,715.75404162939,C
7,SA919X7XB05588-A98299A-R18-C27,25124,764.420433678349,C
7,SA919X7XB05588-A98299A-R18-C28,45682,715.039637761168,C
7,SA919X7XB05588-A98299A-R18-C29,43220,694.974160261011,B
7,SA919X7XB05588-A98299A-R18-C30,56341,717.448491319104,C
7,SA919X7XB05588-A98299A-R18-C32,44911,705.385915151061,C
7,SA919X7XB05588-A98299A-R18-C36,36382,708.689966494895,C
7,SA919X7XB05588-A98299A-R18-C37,42585,715.00263191941,C
7,SA919X7XB05588-A98299A-R18-C38,24141,721.336209431984,C
7,SA919X7XB05588-A98299A-R18-C39,42121,708.318013988441,C
7,SA919X7XB05588-A98299A-R18-C40,44796,702.43122697568,C
7,SA919X7XB05588-A98299A-R18-C48,45515,723.470651351566,C
7,SA919X7XB05588-A98299A-R18-C52,38269,723.259951340692,C
7,SA919X7XB05588-A98299A-R18-C59,45473,706.495894726815,C
7,SA919X7XB05588-A98299A-R18-C60,44520,693.699047235294,C
7,SA919X7XB05588-A98299A-R18-C67,48666,715.328282118424,C
7,SA919X7XB05588-A98299A-R19-C09,25164,722.0651656429,C
7,SA919X7XB05588-A98299A-R19-C12,23870,739.393156185854,C
7,SA919X7XB05588-A98299A-R19-C15,22414,722.602930610959,C
7,SA919X7XB05588-A98299A-R19-C21,23868,733.645206607598,C
7,SA919X7XB05588-A98299A-R19-C31,24667,701.872244045584,C
7,SA919X7XB05588-A98299A-R19-C32,22794,703.927492830874,C
7,SA919X7XB05588-A98299A-R19-C41,21873,700.527356553878,C
7,SA919X7XB05588-A98299A-R19-C51,26281,712.888436022481,C
7,SA919X7XB05588-A98299A-R19-C54,22793,708.557017989262,C
7,SA919X7XB05588-A98299A-R19-C55,22682,704.310113402609,C
7,SA919X7XB05588-A98299A-R19-C57,23302,699.012449821127,C
7,SA919X7XB05588-A98299A-R19-C63,24493,723.795146347227,C
7,SA919X7XB05588-A98299A-R19-C64,23945,711.365140451797,C
7,SA919X7XB05588-A98299A-R19-C67,26185,721.428725431265,C
7,SA919X7XB05588-A98299A-R19-C68,21475,714.406484394499,C
7,SA919X7XB05588-A98299A-R20-C13,40010,714.712578181976,C
7,SA919X7XB05588-A98299A-R20-C27,52588,690.072615310244,C
7,SA919X7XB05588-A98299A-R20-C29,48444,717.101341402654,C
7,SA919X7XB05588-A98299A-R20-C31,48835,691.329341581155,C
7,SA919X7XB05588-A98299A-R20-C33,26144,716.36233267439,C
7,SA919X7XB05588-A98299A-R20-C36,43692,705.066503002053,C
7,SA919X7XB05588-A98299A-R20-C37,47845,715.207778793758,C
7,SA919X7XB05588-A98299A-R20-C38,29009,718.471704623994,C
7,SA919X7XB05588-A98299A-R20-C40,59561,744.823204319597,C
7,SA919X7XB05588-A98299A-R20-C43,61044,702.353982413861,C
7,SA919X7XB05588-A98299A-R20-C44,47940,713.468317663244,C
7,SA919X7XB05588-A98299A-R20-C46,45548,706.520602220428,C
7,SA919X7XB05588-A98299A-R20-C49,40023,720.941217916621,C
7,SA919X7XB05588-A98299A-R20-C52,32340,711.611052968896,C
7,SA919X7XB05588-A98299A-R20-C55,60000,719.567096400484,C
7,SA919X7XB05588-A98299A-R20-C57,48755,700.285122811765,C
7,SA919X7XB05588-A98299A-R20-C59,49624,699.258043427575,C
7,SA919X7XB05588-A98299A-R20-C68,49401,719.770539682521,C
7,SA919X7XB05588-A98299A-R20-C69,43019,709.557343270675,C
7,SA919X7XB05588-A98299A-R20-C70,50473,720.192237855729,C
7,SA919X7XB05588-A98299A-R21-C09,31429,712.726169745036,C
7,SA919X7XB05588-A98299A-R21-C15,37104,708.550630387259,C
7,SA919X7XB05588-A98299A-R21-C16,39631,717.163041398014,C
7,SA919X7XB05588-A98299A-R21-C22,31208,720.097131695752,C
7,SA919X7XB05588-A98299A-R21-C27,32138,716.849897939507,C
7,SA919X7XB05588-A98299A-R21-C28,37131,705.152420655922,C
7,SA919X7XB05588-A98299A-R21-C31,33282,723.000176517011,C
7,SA919X7XB05588-A98299A-R21-C35,24015,672.728494326282,C
7,SA919X7XB05588-A98299A-R21-C37,35606,705.881406569535,B
7,SA919X7XB05588-A98299A-R21-C39,35574,714.583727268349,C
7,SA919X7XB05588-A98299A-R21-C46,29171,728.281397548605,C
7,SA919X7XB05588-A98299A-R21-C47,32739,701.321147996974,C
7,SA919X7XB05588-A98299A-R21-C49,32779,719.019937470089,C
7,SA919X7XB05588-A98299A-R21-C54,33703,712.140434526805,C
7,SA919X7XB05588-A98299A-R21-C61,41012,727.64352306052,C
7,SA919X7XB05588-A98299A-R21-C64,35179,708.486529338341,C
7,SA919X7XB05588-A98299A-R21-C65,24254,721.13268378554,C
7,SA919X7XB05588-A98299A-R21-C68,27833,706.759802912467,C
7,SA919X7XB05588-A98299A-R22-C09,37910,718.812450991326,C
7,SA919X7XB05588-A98299A-R22-C14,38953,703.573393075764,C
7,SA919X7XB05588-A98299A-R22-C22,24949,719.191608821487,C
7,SA919X7XB05588-A98299A-R22-C27,32984,690.342372776851,C
7,SA919X7XB05588-A98299A-R22-C28,39897,712.756804331838,B
7,SA919X7XB05588-A98299A-R22-C31,40553,723.597772066465,C
7,SA919X7XB05588-A98299A-R22-C38,22543,718.745545554884,C
7,SA919X7XB05588-A98299A-R22-C40,32384,716.388132191732,C
7,SA919X7XB05588-A98299A-R22-C43,42975,702.807337733842,C
7,SA919X7XB05588-A98299A-R22-C46,43158,683.260653637567,C
7,SA919X7XB05588-A98299A-R22-C48,33584,703.588050210241,C
7,SA919X7XB05588-A98299A-R22-C51,40944,721.317336814328,C
7,SA919X7XB05588-A98299A-R22-C55,41754,726.94266940772,C
7,SA919X7XB05588-A98299A-R22-C57,34807,705.230196356602,C
7,SA919X7XB05588-A98299A-R22-C61,39078,702.815724879682,C
7,SA919X7XB05588-A98299A-R22-C64,34063,725.716356087419,C
7,SA919X7XB05588-A98299A-R22-C67,39364,706.804837990676,C
7,SA919X7XB05588-A98299A-R22-C70,38843,725.890267668828,B
7,SA919X7XB05588-A98299A-R23-C09,61105,702.40766738935,C
7,SA919X7XB05588-A98299A-R23-C13,44143,734.90957414838,C
7,SA919X7XB05588-A98299A-R23-C16,53225,708.681834886015,C
7,SA919X7XB05588-A98299A-R23-C23,51241,706.369780734882,C
7,SA919X7XB05588-A98299A-R23-C27,42932,698.815949537894,C
7,SA919X7XB05588-A98299A-R23-C28,28185,704.114696395898,C
7,SA919X7XB05588-A98299A-R23-C30,35722,671.338292398854,C
7,SA919X7XB05588-A98299A-R23-C33,29163,710.868169498652,C
7,SA919X7XB05588-A98299A-R23-C47,48285,714.048100203498,C
7,SA919X7XB05588-A98299A-R23-C48,53084,717.916965745195,C
7,SA919X7XB05588-A98299A-R23-C49,39717,696.545537556146,C
7,SA919X7XB05588-A98299A-R23-C69,37811,727.048679624247,C
7,SA919X7XB05588-A98299A-R24-C17,51637,697.491371301134,C
7,SA919X7XB05588-A98299A-R24-C55,53147,710.4995603795,C
7,SA919X7XB05588-A98299A-R24-C57,51867,708.158859592279,C
7,SA919X7XB05588-A98299A-R24-C59,47359,702.869269718463,C
7,SA919X7XB05588-A98299A-R24-C61,54300,713.378212961304,C
7,SA919X7XB05588-A98299A-R24-C70,45251,704.999719310553,C
7,SA919X7XB05588-A98299A-R25-C22,30523,718.30612291014,C
7,SA919X7XB05588-A98299A-R25-C32,42043,699.365619474937,C
7,SA919X7XB05588-A98299A-R25-C51,44958,702.921593322306,C
7,SA919X7XB05588-A98299A-R25-C52,31307,693.264447517773,C
7,SA919X7XB05588-A98299A-R25-C55,50674,712.036441984198,C
7,SA919X7XB05588-A98299A-R25-C56,43739,725.295550188012,C
7,SA919X7XB05588-A98299A-R25-C60,39817,714.324181724881,C
7,SA919X7XB05588-A98299A-R25-C64,43971,709.211430050366,C
7,SA919X7XB05588-A98299A-R25-C65,23814,725.682324328559,C
7,SA919X7XB05588-A98299A-R26-C38,25755,745.350110244986,C
7,SA919X7XB05588-A98299A-R26-C46,45759,718.417534322179,C
7,SA919X7XB05588-A98299A-R26-C48,40361,707.686626010532,C
7,SA919X7XB05588-A98299A-R26-C49,36632,722.963639706034,C
7,SA919X7XB05588-A98299A-R26-C55,45278,711.914140768669,C
7,SA919X7XB05588-A98299A-R26-C59,41418,719.643267506582,C
7,SA919X7XB05588-A98299A-R26-C65,27862,718.538983554416,C
7,SA919X7XB05588-A98299A-R27-C07,43794,709.315788790274,C
7,SA919X7XB05588-A98299A-R27-C08,45187,712.108882605116,C
7,SA919X7XB05588-A98299A-R27-C24,49557,713.360421155559,C
7,SA919X7XB05588-A98299A-R27-C32,44940,704.769339117425,C
7,SA919X7XB05588-A98299A-R27-C44,42579,715.906121939372,C
7,SA919X7XB05588-A98299A-R27-C46,50035,724.065601040425,B
7,SA919X7XB05588-A98299A-R27-C56,48090,696.303218968222,C
7,SA919X7XB05588-A98299A-R27-C59,38190,694.600905925713,C
7,SA919X7XB05588-A98299A-R27-C61,43502,717.183933375057,C
7,SA919X7XB05588-A98299A-R27-C63,45724,701.756499095935,C
7,SA919X7XB05588-A98299A-R27-C68,37589,701.580102071894,C
7,SA919X7XB05588-A98299A-R28-C32,44478,707.300060834184,C
7,SA919X7XB05588-A98299A-R28-C40,44855,706.468715781362,C
7,SA919X7XB05588-A98299A-R28-C44,40148,729.208930129935,B
7,SA919X7XB05588-A98299A-R28-C47,44054,725.532861156793,C
7,SA919X7XB05588-A98299A-R28-C49,25185,711.80385097977,C
7,SA919X7XB05588-A98299A-R28-C51,51988,704.761319537801,C
7,SA919X7XB05588-A98299A-R28-C59,44182,708.562783166751,C
7,SA919X7XB05588-A98299A-R28-C63,50106,696.88570450731,C
7,SA919X7XB05588-A98299A-R28-C68,32596,710.544991973659,C
7,SA919X7XB05588-A98299A-R28-C69,39362,722.447318199852,B
7,SA919X7XB05588-A98299A-R28-C70,29803,667.880029967216,C
7,SA919X7XB05588-A98299A-R29-C07,46965,717.588228867355,C
7,SA919X7XB05588-A98299A-R29-C19,39666,689.140629595224,C
7,SA919X7XB05588-A98299A-R29-C21,47349,711.823686149358,C
7,SA919X7XB05588-A98299A-R29-C41,47256,711.334689883213,C
7,SA919X7XB05588-A98299A-R29-C46,46191,689.895324113926,C
7,SA919X7XB05588-A98299A-R29-C47,46864,716.79738881602,C
7,SA919X7XB05588-A98299A-R29-C51,51979,711.218096614691,C
7,SA919X7XB05588-A98299A-R29-C55,37283,696.251253505277,C
7,SA919X7XB05588-A98299A-R29-C59,44899,723.728404664977,C
7,SA919X7XB05588-A98299A-R29-C64,50704,721.363163854463,C
7,SA919X7XB05588-A98299A-R29-C65,30444,732.458429158948,C
7,SA919X7XB05588-A98299A-R29-C69,38530,709.852359062005,C
7,SA919X7XB05588-A98299A-R29-C70,38227,731.972179299082,C
7,SA919X7XB05588-A98299A-R30-C07,37749,708.931813090822,C
7,SA919X7XB05588-A98299A-R30-C35,37820,709.578461597174,C
7,SA919X7XB05588-A98299A-R30-C46,35519,698.246231499684,B
7,SA919X7XB05588-A98299A-R30-C48,35094,706.140309277108,C
7,SA919X7XB05588-A98299A-R30-C49,31665,712.368008991779,C
7,SA919X7XB05588-A98299A-R30-C54,33689,718.791431684013,C
7,SA919X7XB05588-A98299A-R30-C60,36380,707.818667327282,C
7,SA919X7XB05691-A96204B-R29-C07,81964,707.13123926829,B
7,SA919X7XB05691-A96204B-R29-C08,81592,704.171830752214,B
7,SA919X7XB05691-A96204B-R29-C12,91881,711.74692355576,B
7,SA919X7XB05691-A96204B-R29-C15,81814,691.052862435894,B
7,SA919X7XB05691-A96204B-R29-C16,87185,696.79741593142,B
7,SA919X7XB05691-A96204B-R29-C17,85533,702.333839626583,B
7,SA919X7XB05691-A96204B-R29-C18,55720,705.308821038066,B
7,SA919X7XB05691-A96204B-R29-C20,81134,701.275473587809,B
7,SA919X7XB05691-A96204B-R29-C22,79294,702.579192538907,B
7,SA919X7XB05691-A96204B-R29-C23,83382,694.199396962187,B
7,SA919X7XB05691-A96204B-R29-C29,69643,693.189370020653,B
7,SA919X7XB05691-A96204B-R29-C30,70760,694.452176420184,B
7,SA919X7XB05691-A96204B-R29-C32,85395,711.32041901476,B
7,SA919X7XB05691-A96204B-R29-C33,52217,716.55500362162,B
7,SA919X7XB05691-A96204B-R29-C34,49398,702.737185156788,B
7,SA919X7XB05691-A96204B-R29-C35,120313,705.035606730689,B
7,SA919X7XB05691-A96204B-R29-C36,47514,704.140558276738,B
7,SA919X7XB05691-A96204B-R29-C38,66948,694.488210005798,B
7,SA919X7XB05691-A96204B-R29-C40,77640,694.383060638979,B
7,SA919X7XB05691-A96204B-R29-C41,80872,701.240926605617,B
7,SA919X7XB05691-A96204B-R29-C43,82760,696.159621928415,B
7,SA919X7XB05691-A96204B-R29-C44,112541,705.217753386234,B
7,SA919X7XB05691-A96204B-R29-C45,52541,705.025307323589,B
7,SA919X7XB05691-A96204B-R29-C48,80929,689.091852092302,B
7,SA919X7XB05691-A96204B-R29-C49,74147,706.92138882303,B
7,SA919X7XB05691-A96204B-R29-C54,78832,689.238276950908,B
7,SA919X7XB05691-A96204B-R29-C57,84515,707.328093733632,B
7,SA919X7XB05691-A96204B-R29-C58,112148,711.090925820752,B
7,SA919X7XB05691-A96204B-R29-C63,86051,703.015174570914,B
7,SA919X7XB05691-A96204B-R29-C65,49979,724.170818206241,B
7,SA919X7XB05691-A96204B-R29-C68,70020,694.871070899316,B
7,SA919X7XB05691-A96204B-R29-C69,73037,697.007380969887,B
7,SA919X7XB05691-A96204B-R30-C07,67062,696.983012861011,B
7,SA919X7XB05691-A96204B-R30-C09,82115,726.822883713986,B
7,SA919X7XB05691-A96204B-R30-C10,47195,710.773992920186,B
7,SA919X7XB05691-A96204B-R30-C11,78245,704.133742861408,B
7,SA919X7XB05691-A96204B-R30-C12,52528,706.024365529657,B
7,SA919X7XB05691-A96204B-R30-C14,60594,699.220965713744,B
7,SA919X7XB05691-A96204B-R30-C19,53343,705.825090599335,B
7,SA919X7XB05691-A96204B-R30-C22,62890,693.890544426362,B
7,SA919X7XB05691-A96204B-R30-C28,88224,701.373454265585,B
7,SA919X7XB05691-A96204B-R30-C33,49359,711.827770393591,B
7,SA919X7XB05691-A96204B-R30-C35,61201,699.310874303452,B
7,SA919X7XB05691-A96204B-R30-C37,53369,708.576365741856,B
7,SA919X7XB05691-A96204B-R30-C41,64702,700.097559508162,B
7,SA919X7XB05691-A96204B-R30-C42,63063,706.70253733626,B
7,SA919X7XB05691-A96204B-R30-C45,34873,686.36678157591,B
7,SA919X7XB05691-A96204B-R30-C48,57197,706.01773567624,B
7,SA919X7XB05691-A96204B-R30-C49,61491,713.231645219807,B
7,SA919X7XB05691-A96204B-R30-C57,68025,689.021437423281,B
7,SA919X7XB05691-A96204B-R30-C58,91598,718.755196535022,B
7,SA919X7XB05691-A96204B-R31-C10,50816,702.537354236673,B
7,SA919X7XB05691-A96204B-R31-C12,65651,698.788585046763,B
7,SA919X7XB05691-A96204B-R31-C21,59040,700.926036377667,B
7,SA919X7XB05691-A96204B-R31-C22,61388,706.283359705712,B
7,SA919X7XB05691-A96204B-R31-C23,74737,743.847495291131,B
7,SA919X7XB05691-A96204B-R31-C25,66750,683.919495164026,B
7,SA919X7XB05691-A96204B-R31-C26,61571,709.215981513042,B
7,SA919X7XB05691-A96204B-R31-C33,43607,721.842396057819,B
7,SA919X7XB05691-A96204B-R31-C36,41315,697.021766167861,B
7,SA919X7XB05691-A96204B-R31-C37,60281,697.081353488674,B
7,SA919X7XB05691-A96204B-R31-C39,62797,717.373519402553,B
7,SA919X7XB05691-A96204B-R31-C41,69548,702.26013502915,B
7,SA919X7XB05691-A96204B-R31-C44,70921,691.645099777813,B
7,SA919X7XB05691-A96204B-R31-C45,42593,723.304555358267,B
7,SA919X7XB05691-A96204B-R31-C47,63406,706.527000198698,B
7,SA919X7XB05691-A96204B-R31-C49,65187,706.136878820168,B
7,SA919X7XB05691-A96204B-R31-C50,52004,701.649754846931,B
7,SA919X7XB05691-A96204B-R31-C51,47763,710.153916131211,B
7,SA919X7XB05691-A96204B-R31-C53,26721,723.283133844531,B
7,SA919X7XB05691-A96204B-R31-C55,50602,701.897802517465,B
7,SA919X7XB05691-A96204B-R31-C63,58858,689.714817839638,B
7,SA919X7XB05691-A96204B-R31-C65,35616,703.453796227935,B
7,SA919X7XB05691-A96204B-R31-C68,45248,724.542812380255,B
7,SA919X7XB05691-A96204B-R32-C10,52056,703.54030552166,B
7,SA919X7XB05691-A96204B-R32-C16,68786,711.065200039627,B
7,SA919X7XB05691-A96204B-R32-C17,55742,693.917331909455,B
7,SA919X7XB05691-A96204B-R32-C20,74183,708.57386689867,B
7,SA919X7XB05691-A96204B-R32-C21,34096,709.901089704316,B
7,SA919X7XB05691-A96204B-R32-C22,50011,696.55933010074,B
7,SA919X7XB05691-A96204B-R32-C25,66640,700.73070750461,B
7,SA919X7XB05691-A96204B-R32-C26,59267,702.879837669964,B
7,SA919X7XB05691-A96204B-R32-C32,76325,705.235070491706,B
7,SA919X7XB05691-A96204B-R32-C33,38645,706.702274879543,B
7,SA919X7XB05691-A96204B-R32-C34,40265,703.955929794968,B
7,SA919X7XB05691-A96204B-R32-C36,42455,695.236047820235,B
7,SA919X7XB05691-A96204B-R32-C39,68562,709.102196674967,B
7,SA919X7XB05691-A96204B-R32-C40,64833,696.476801918031,B
7,SA919X7XB05691-A96204B-R32-C41,67395,705.57590828181,B
7,SA919X7XB05691-A96204B-R32-C44,73336,707.621579222559,B
7,SA919X7XB05691-A96204B-R32-C50,60602,695.887009950448,B
7,SA919X7XB05691-A96204B-R32-C51,37346,707.719909460966,B
7,SA919X7XB05691-A96204B-R32-C54,62869,698.076615652738,B
7,SA919X7XB05691-A96204B-R32-C56,56025,731.386426147776,B
7,SA919X7XB05691-A96204B-R32-C59,66278,703.809879366291,B
7,SA919X7XB05691-A96204B-R32-C61,59873,706.141935663326,B
7,SA919X7XB05691-A96204B-R32-C62,59506,706.662987157522,B
7,SA919X7XB05691-A96204B-R32-C63,65125,705.977226327244,B
7,SA919X7XB05691-A96204B-R32-C64,71854,703.423626262241,B
7,SA919X7XB05691-A96204B-R33-C10,46433,705.64592315053,B
7,SA919X7XB05691-A96204B-R33-C12,57243,697.468480550234,B
7,SA919X7XB05691-A96204B-R33-C13,82471,699.249559839648,B
7,SA919X7XB05691-A96204B-R33-C16,61276,693.157065299298,B
7,SA919X7XB05691-A96204B-R33-C17,61627,713.309457271446,B
7,SA919X7XB05691-A96204B-R33-C18,57746,701.145450001383,B
7,SA919X7XB05691-A96204B-R33-C20,60669,710.181703669247,B
7,SA919X7XB05691-A96204B-R33-C21,87774,731.454963513489,B
7,SA919X7XB05691-A96204B-R33-C23,59606,702.040890661393,B
7,SA919X7XB05691-A96204B-R33-C26,49512,707.57468924531,B
7,SA919X7XB05691-A96204B-R33-C29,40974,732.314157710585,B
7,SA919X7XB05691-A96204B-R33-C31,62548,704.805674609537,B
7,SA919X7XB05691-A96204B-R33-C32,59892,719.559476484591,B
7,SA919X7XB05691-A96204B-R33-C34,32881,712.222772259344,B
7,SA919X7XB05691-A96204B-R33-C37,31652,707.057735214702,B
7,SA919X7XB05691-A96204B-R33-C39,82770,719.954645438292,B
7,SA919X7XB05691-A96204B-R33-C46,84234,715.162609585301,B
7,SA919X7XB05691-A96204B-R33-C47,56940,698.264706989061,B
7,SA919X7XB05691-A96204B-R33-C48,55324,705.310981058598,B
7,SA919X7XB05691-A96204B-R33-C49,52555,701.716046736017,B
7,SA919X7XB05691-A96204B-R33-C50,50088,710.868656772497,B
7,SA919X7XB05691-A96204B-R33-C54,51008,694.892676521422,B
7,SA919X7XB05691-A96204B-R33-C55,54838,717.068659696628,B
7,SA919X7XB05691-A96204B-R33-C58,43490,708.947517044062,B
7,SA919X7XB05691-A96204B-R33-C59,51081,705.160111427088,B
7,SA919X7XB05691-A96204B-R33-C61,53121,702.452843088532,B
7,SA919X7XB05691-A96204B-R33-C65,37895,692.812363264429,B
7,SA919X7XB05691-A96204B-R33-C67,52757,703.75294077244,B
7,SA919X7XB05691-A96204B-R33-C69,50023,707.665491191071,B
7,SA919X7XB05691-A96204B-R34-C10,49698,690.41663335587,B
7,SA919X7XB05691-A96204B-R34-C11,58401,703.853036019628,B
7,SA919X7XB05691-A96204B-R34-C12,59605,707.697483279171,B
7,SA919X7XB05691-A96204B-R34-C13,71856,701.939322971368,B
7,SA919X7XB05691-A96204B-R34-C14,59450,704.992615938399,B
7,SA919X7XB05691-A96204B-R34-C15,105406,720.483266674661,B
7,SA919X7XB05691-A96204B-R34-C16,66844,707.696909676312,B
7,SA919X7XB05691-A96204B-R34-C17,72282,704.306108907376,B
7,SA919X7XB05691-A96204B-R34-C19,52471,696.798026855874,B
7,SA919X7XB05691-A96204B-R34-C21,55879,695.607962071684,B
7,SA919X7XB05691-A96204B-R34-C24,76094,709.924141658739,B
7,SA919X7XB05691-A96204B-R34-C26,54381,707.625196382087,B
7,SA919X7XB05691-A96204B-R34-C27,50294,705.309895860062,B
7,SA919X7XB05691-A96204B-R34-C28,69424,700.579743807489,B
7,SA919X7XB05691-A96204B-R34-C29,54677,709.648327541581,B
7,SA919X7XB05691-A96204B-R34-C32,66520,708.020431763397,B
7,SA919X7XB05691-A96204B-R34-C33,51046,696.282910636514,B
7,SA919X7XB05691-A96204B-R34-C34,39167,711.35042637052,B
7,SA919X7XB05691-A96204B-R34-C35,59219,707.931861366458,B
7,SA919X7XB05691-A96204B-R34-C37,53260,698.57510903343,B
7,SA919X7XB05691-A96204B-R34-C39,64869,714.486644546831,B
7,SA919X7XB05691-A96204B-R34-C41,65972,683.783918328559,B
7,SA919X7XB05691-A96204B-R34-C42,88354,721.27088152862,B
7,SA919X7XB05691-A96204B-R34-C43,60288,700.907571402234,B
7,SA919X7XB05691-A96204B-R34-C45,41832,720.765873968658,B
7,SA919X7XB05691-A96204B-R34-C47,64998,695.377271365672,B
7,SA919X7XB05691-A96204B-R34-C48,64639,699.395906857443,B
7,SA919X7XB05691-A96204B-R34-C56,68645,718.617250970239,B
7,SA919X7XB05691-A96204B-R34-C57,69073,695.452311199049,B
7,SA919X7XB05691-A96204B-R34-C59,53994,702.9097098949,B
7,SA919X7XB05691-A96204B-R34-C62,53987,700.508503453725,B
7,SA919X7XB05691-A96204B-R34-C63,63887,701.243877689945,B
7,SA919X7XB05691-A96204B-R34-C66,63897,697.181917737534,B
7,SA919X7XB05691-A96204B-R34-C67,59996,712.203248329294,B
7,SA919X7XB05691-A96204B-R34-C70,58283,708.641115388698,B
7,SA919X7XB05691-A96204B-R35-C07,63400,704.131482403324,B
7,SA919X7XB05691-A96204B-R35-C09,94559,705.414400418906,B
7,SA919X7XB05691-A96204B-R35-C12,53904,742.949644065838,B
7,SA919X7XB05691-A96204B-R35-C14,55151,715.631534257507,B
7,SA919X7XB05691-A96204B-R35-C23,67303,727.315061403796,B
7,SA919X7XB05691-A96204B-R35-C24,73365,694.323482617306,B
7,SA919X7XB05691-A96204B-R35-C25,59708,709.805695928103,B
7,SA919X7XB05691-A96204B-R35-C28,68455,689.703850956452,B
7,SA919X7XB05691-A96204B-R35-C31,65863,709.26038239576,B
7,SA919X7XB05691-A96204B-R35-C33,47516,718.132109403205,B
7,SA919X7XB05691-A96204B-R35-C36,38144,694.530408017369,B
7,SA919X7XB05691-A96204B-R35-C37,53476,699.995789001899,B
7,SA919X7XB05691-A96204B-R35-C39,68573,700.202848423389,B
7,SA919X7XB05691-A96204B-R35-C45,40257,710.193372730514,B
7,SA919X7XB05691-A96204B-R35-C47,50598,701.687641394534,B
7,SA919X7XB05691-A96204B-R35-C50,46907,695.69845605902,B
7,SA919X7XB05691-A96204B-R35-C51,43323,707.621049487433,B
7,SA919X7XB05691-A96204B-R35-C58,44736,701.559024874552,B
7,SA919X7XB05691-A96204B-R35-C59,53991,704.589003919496,B
7,SA919X7XB05691-A96204B-R35-C66,55172,698.766534202057,B
7,SA919X7XB05691-A96204B-R36-C07,52353,714.549057009818,B
7,SA919X7XB05691-A96204B-R36-C10,42131,695.233434244516,B
7,SA919X7XB05691-A96204B-R36-C14,46898,706.521986118034,B
7,SA919X7XB05691-A96204B-R36-C16,55891,714.97037653915,B
7,SA919X7XB05691-A96204B-R36-C17,75260,705.235239350259,B
7,SA919X7XB05691-A96204B-R36-C25,70708,711.391629737533,A
7,SA919X7XB05691-A96204B-R36-C28,48508,678.860781915992,B
7,SA919X7XB05691-A96204B-R36-C30,42533,691.430646692697,B
7,SA919X7XB05691-A96204B-R36-C32,48060,715.397008967211,B
7,SA919X7XB05691-A96204B-R36-C37,39267,695.288655358537,B
7,SA919X7XB05691-A96204B-R36-C38,38647,706.470249623749,B
7,SA919X7XB05691-A96204B-R36-C39,50906,707.119374411332,B
7,SA919X7XB05691-A96204B-R36-C42,46770,702.565936413647,B
7,SA919X7XB05691-A96204B-R36-C44,52713,698.400117272175,B
7,SA919X7XB05691-A96204B-R36-C49,44958,706.016288130165,B
7,SA919X7XB05691-A96204B-R36-C52,50750,693.122189194672,B
7,SA919X7XB05691-A96204B-R36-C55,47336,701.990807400151,B
7,SA919X7XB05691-A96204B-R36-C58,40749,710.605612897861,B
7,SA919X7XB05691-A96204B-R36-C63,47827,717.126793720027,B
7,SA919X7XB05691-A96204B-R36-C64,47880,705.075676012672,B
7,SA919X7XB05691-A96204B-R36-C65,37478,703.832739153089,B
7,SA919X7XB05691-A96204B-R37-C08,79636,717.147737647549,B
7,SA919X7XB05691-A96204B-R37-C10,40420,716.555743508172,B
7,SA919X7XB05691-A96204B-R37-C12,47531,714.502372908523,B
7,SA919X7XB05691-A96204B-R37-C13,60907,701.824710350962,B
7,SA919X7XB05691-A96204B-R37-C16,80835,707.446734165162,B
7,SA919X7XB05691-A96204B-R37-C17,79180,708.069017353762,B
7,SA919X7XB05691-A96204B-R37-C20,48938,704.08633277303,B
7,SA919X7XB05691-A96204B-R37-C22,51214,709.187954089344,B
7,SA919X7XB05691-A96204B-R37-C23,59322,708.150801740214,B
7,SA919X7XB05691-A96204B-R37-C24,61116,707.124866753369,B
7,SA919X7XB05691-A96204B-R37-C26,60318,705.127764785029,B
7,SA919X7XB05691-A96204B-R37-C27,62230,724.930825442777,B
7,SA919X7XB05691-A96204B-R37-C28,81136,721.961999176947,B
7,SA919X7XB05691-A96204B-R37-C31,54751,711.609771076281,B
7,SA919X7XB05691-A96204B-R37-C32,54974,699.096083082081,B
7,SA919X7XB05691-A96204B-R37-C35,49072,689.940591333706,B
7,SA919X7XB05691-A96204B-R37-C36,50059,711.460108198217,B
7,SA919X7XB05691-A96204B-R37-C38,40482,706.314065385367,B
7,SA919X7XB05691-A96204B-R37-C39,58536,695.362788963053,B
7,SA919X7XB05691-A96204B-R37-C40,52608,699.839251606791,B
7,SA919X7XB05691-A96204B-R37-C41,54830,680.809492462478,B
7,SA919X7XB05691-A96204B-R37-C42,50274,716.134755959003,B
7,SA919X7XB05691-A96204B-R37-C44,58315,702.668606445513,B
7,SA919X7XB05691-A96204B-R37-C46,59802,688.468472577128,B
7,SA919X7XB05691-A96204B-R37-C47,59019,700.622911473322,B
7,SA919X7XB05691-A96204B-R37-C49,50530,708.857954313693,B
7,SA919X7XB05691-A96204B-R37-C50,44450,713.162688486222,B
7,SA919X7XB05691-A96204B-R37-C55,52998,708.649128791728,B
7,SA919X7XB05691-A96204B-R37-C57,55733,709.143492282769,B
7,SA919X7XB05691-A96204B-R37-C58,45915,706.551190831525,B
7,SA919X7XB05691-A96204B-R37-C60,50908,721.262637796035,B
7,SA919X7XB05691-A96204B-R37-C63,62421,720.645861134805,B
7,SA919X7XB05691-A96204B-R37-C64,57823,691.519245085468,B
7,SA919X7XB05691-A96204B-R37-C70,53229,707.708260795127,B
7,SA919X7XB05691-A96204B-R38-C11,74811,721.079026337243,B
7,SA919X7XB05691-A96204B-R38-C18,47045,700.23015584574,B
7,SA919X7XB05691-A96204B-R38-C19,52209,696.904360456703,B
7,SA919X7XB05691-A96204B-R38-C20,59284,705.59719752007,B
7,SA919X7XB05691-A96204B-R38-C22,60898,705.949034165637,B
7,SA919X7XB05691-A96204B-R38-C23,47864,704.85842569095,B
7,SA919X7XB05691-A96204B-R38-C25,65674,694.611917769082,B
7,SA919X7XB05691-A96204B-R38-C30,53546,698.427471242259,B
7,SA919X7XB05691-A96204B-R38-C33,50759,717.940783889399,B
7,SA919X7XB05691-A96204B-R38-C34,36957,700.189483489715,B
7,SA919X7XB05691-A96204B-R38-C36,39975,689.321702431476,B
7,SA919X7XB05691-A96204B-R38-C38,43129,687.239569513684,B
7,SA919X7XB05691-A96204B-R38-C39,63534,694.728038847678,B
7,SA919X7XB05691-A96204B-R38-C40,61312,690.88649474221,B
7,SA919X7XB05691-A96204B-R38-C42,57232,699.056413709416,B
7,SA919X7XB05691-A96204B-R38-C44,64156,704.376387057297,B
7,SA919X7XB05691-A96204B-R38-C46,61267,700.768214794082,B
7,SA919X7XB05691-A96204B-R38-C47,57947,690.266861543501,B
7,SA919X7XB05691-A96204B-R38-C51,51224,709.36986586834,B
7,SA919X7XB05691-A96204B-R38-C56,66370,689.205314599243,B
7,SA919X7XB05691-A96204B-R38-C59,62180,698.757903403706,B
7,SA919X7XB05691-A96204B-R38-C60,78833,701.024224242433,B
7,SA919X7XB05691-A96204B-R38-C61,54727,701.553587598352,B
7,SA919X7XB05691-A96204B-R38-C66,61584,704.217368249818,B
7,SA919X7XB05691-A96204B-R38-C68,47257,702.340481899653,B
7,SA919X7XB05691-A96204B-R38-C70,47002,712.868190841772,B
7,SA919X7XB05691-A96204B-R39-C07,52146,699.221829788712,B
7,SA919X7XB05691-A96204B-R39-C10,54114,710.73453008785,B
7,SA919X7XB05691-A96204B-R39-C12,46456,692.489726174601,B
7,SA919X7XB05691-A96204B-R39-C15,49449,702.077628012359,B
7,SA919X7XB05691-A96204B-R39-C17,52240,698.817206660053,B
7,SA919X7XB05691-A96204B-R39-C19,39605,699.659509151588,B
7,SA919X7XB05691-A96204B-R39-C22,46358,705.285648642209,B
7,SA919X7XB05691-A96204B-R39-C23,45073,671.023149919996,B
7,SA919X7XB05691-A96204B-R39-C24,56229,693.507110113449,B
7,SA919X7XB05691-A96204B-R39-C29,44617,699.329576289474,B
7,SA919X7XB05691-A96204B-R39-C34,31357,696.71297219116,B
7,SA919X7XB05691-A96204B-R39-C36,33415,700.262857501497,B
7,SA919X7XB05691-A96204B-R39-C44,53602,694.961432724869,B
7,SA919X7XB05691-A96204B-R39-C52,48753,708.610109417682,B
7,SA919X7XB05691-A96204B-R39-C58,40942,705.764615311043,B
7,SA919X7XB05691-A96204B-R39-C62,42016,713.216526966211,B
7,SA919X7XB05691-A96204B-R39-C64,74806,701.913684472817,B
7,SA919X7XB05691-A96204B-R39-C66,50069,697.413439388366,B
7,SA919X7XB05691-A96204B-R39-C68,61035,705.754849927892,B
7,SA919X7XB05691-A96204B-R40-C11,45847,697.976612094968,B
7,SA919X7XB05691-A96204B-R40-C13,61000,710.979825002718,B
7,SA919X7XB05691-A96204B-R40-C17,82175,710.431305404252,B
7,SA919X7XB05691-A96204B-R40-C37,47794,711.120804147894,B
7,SA919X7XB05691-A96204B-R40-C50,46072,710.252936137787,B
7,SA919X7XB05691-A96204B-R40-C60,56681,696.575794386288,B
7,SA919X7XB05691-A96204B-R40-C63,56702,711.392611718108,B
7,SA919X7XB05691-A96204B-R40-C64,49257,690.347995551636,B
7,SA919X7XB05691-A96204B-R40-C68,51705,706.408359291309,B
7,SA919X7XB05691-A96204B-R42-C07,53939,697.667833053503,B
7,SA919X7XB05691-A96204B-R42-C10,37787,690.992010517176,B
7,SA919X7XB05691-A96204B-R42-C12,73724,718.516453494845,B
7,SA919X7XB05691-A96204B-R42-C14,49171,696.614520108926,B
7,SA919X7XB05691-A96204B-R42-C16,62628,707.469464318904,B
7,SA919X7XB05691-A96204B-R42-C26,48363,703.082391717827,B
7,SA919X7XB05691-A96204B-R42-C31,56199,691.38089145488,B
7,SA919X7XB05691-A96204B-R42-C32,81623,715.217871485753,B
7,SA919X7XB05691-A96204B-R42-C33,42400,714.395719659541,B
7,SA919X7XB05691-A96204B-R42-C35,50340,695.835167425155,B
7,SA919X7XB05691-A96204B-R42-C36,41506,705.486207574255,B
7,SA919X7XB05691-A96204B-R42-C37,46405,683.432790275702,B
7,SA919X7XB05691-A96204B-R42-C38,45465,710.638306650893,B
7,SA919X7XB05691-A96204B-R42-C39,44567,679.735311046278,B
7,SA919X7XB05691-A96204B-R42-C42,54128,711.536446818188,B
7,SA919X7XB05691-A96204B-R42-C43,80969,705.0230600372,B
7,SA919X7XB05691-A96204B-R42-C44,63213,696.202675589963,B
7,SA919X7XB05691-A96204B-R42-C49,53428,704.974360393377,B
7,SA919X7XB05691-A96204B-R42-C51,42767,698.13323915147,B
7,SA919X7XB05691-A96204B-R42-C52,44458,714.2446759517,B
7,SA919X7XB05691-A96204B-R42-C54,51315,707.05772153699,B
7,SA919X7XB05691-A96204B-R42-C55,44140,706.107947181442,B
7,SA919X7XB05691-A96204B-R42-C56,45650,718.597653405948,B
7,SA919X7XB05691-A96204B-R42-C57,61593,700.828654813427,B
7,SA919X7XB05691-A96204B-R42-C59,52398,706.73427601991,B
7,SA919X7XB05691-A96204B-R42-C60,52936,692.209233608371,B
7,SA919X7XB05691-A96204B-R42-C61,54794,703.061600691279,B
7,SA919X7XB05691-A96204B-R42-C63,58163,705.053720654832,B
7,SA919X7XB05691-A96204B-R42-C66,54135,697.735303363052,B
7,SA919X7XB05691-A96204B-R42-C67,46989,699.445724034252,B
7,SA919X7XB05691-A96204B-R42-C69,60038,695.620788043891,B
7,SA919X7XB05691-A96204B-R42-C70,49482,708.484030491457,B
7,SA919X7XB05691-A96204B-R43-C07,40519,709.707066121332,B
7,SA919X7XB05691-A96204B-R43-C09,43234,705.911397851556,B
7,SA919X7XB05691-A96204B-R43-C11,32947,705.096738012789,B
7,SA919X7XB05691-A96204B-R43-C12,39509,698.917446691457,B
7,SA919X7XB05691-A96204B-R43-C13,49652,709.335981757244,B
7,SA919X7XB05691-A96204B-R43-C14,38346,699.676764953868,B
7,SA919X7XB05691-A96204B-R43-C19,37767,707.691909622422,B
7,SA919X7XB05691-A96204B-R43-C20,44286,706.780568984033,B
7,SA919X7XB05691-A96204B-R43-C21,40524,710.150861288878,B
7,SA919X7XB05691-A96204B-R43-C23,42675,702.925038318202,B
7,SA919X7XB05691-A96204B-R43-C25,48018,714.977595529404,B
7,SA919X7XB05691-A96204B-R43-C28,45465,695.349050110258,B
7,SA919X7XB05691-A96204B-R43-C31,43383,710.254331428909,B
7,SA919X7XB05691-A96204B-R43-C32,40632,716.179780829363,B
7,SA919X7XB05691-A96204B-R43-C33,32376,705.0094429511,B
7,SA919X7XB05691-A96204B-R43-C34,22976,705.299549544577,B
7,SA919X7XB05691-A96204B-R43-C35,38485,708.895394240645,B
7,SA919X7XB05691-A96204B-R43-C36,23009,699.498217801889,B
7,SA919X7XB05691-A96204B-R43-C37,37569,704.712077415374,B
7,SA919X7XB05691-A96204B-R43-C42,39221,714.466778373795,B
7,SA919X7XB05691-A96204B-R43-C43,38374,709.183321666462,B
7,SA919X7XB05691-A96204B-R43-C44,47725,713.551654728041,B
7,SA919X7XB05691-A96204B-R43-C45,30116,713.664394573067,B
7,SA919X7XB05691-A96204B-R43-C46,41831,698.659558518441,B
7,SA919X7XB05691-A96204B-R43-C47,45227,710.892864852163,B
7,SA919X7XB05691-A96204B-R43-C48,42843,700.059796908689,B
7,SA919X7XB05691-A96204B-R43-C49,51550,707.560113550367,B
7,SA919X7XB05691-A96204B-R43-C54,37306,707.370575490211,B
7,SA919X7XB05691-A96204B-R43-C55,39819,705.708135322649,B
7,SA919X7XB05691-A96204B-R43-C56,38335,710.559751612557,B
7,SA919X7XB05691-A96204B-R43-C58,31857,697.5217653888,B
7,SA919X7XB05691-A96204B-R43-C59,25091,693.552938472612,B
7,SA919X7XB05691-A96204B-R43-C60,42321,694.655088755362,B
7,SA919X7XB05691-A96204B-R43-C63,36730,712.691186786325,B
7,SA919X7XB05691-A96204B-R43-C66,52571,689.929902383409,B
7,SA919X7XB05691-A96204B-R43-C67,44533,711.308593736013,B
7,SA919X7XB05691-A96204B-R43-C68,26061,726.79060883162,B
7,SA919X7XB05691-A96204B-R43-C70,21634,710.531350041783,B
7,SA919X7XB05691-A96204B-R44-C10,35287,682.459831854473,B
7,SA919X7XB05691-A96204B-R44-C14,41268,689.624655826414,B
7,SA919X7XB05691-A96204B-R44-C17,48921,694.031368138066,B
7,SA919X7XB05691-A96204B-R44-C18,37602,706.262818912925,B
7,SA919X7XB05691-A96204B-R44-C20,45049,701.096346272489,B
7,SA919X7XB05691-A96204B-R44-C23,47261,720.188707232193,B
7,SA919X7XB05691-A96204B-R44-C27,37423,704.282694234227,B
7,SA919X7XB05691-A96204B-R44-C28,47582,711.698129818507,B
7,SA919X7XB05691-A96204B-R44-C29,35858,683.220172671687,B
7,SA919X7XB05691-A96204B-R44-C31,50454,702.952707068296,B
7,SA919X7XB05691-A96204B-R44-C32,48222,704.209814592928,B
7,SA919X7XB05691-A96204B-R44-C35,41879,690.068250584328,B
7,SA919X7XB05691-A96204B-R44-C36,27695,719.316275138747,B
7,SA919X7XB05691-A96204B-R44-C37,35494,700.226964281458,B
7,SA919X7XB05691-A96204B-R44-C39,45430,698.31411945797,B
7,SA919X7XB05691-A96204B-R44-C40,45578,690.91632284874,B
7,SA919X7XB05691-A96204B-R44-C42,57251,705.603232090396,B
7,SA919X7XB05691-A96204B-R44-C44,47231,697.714336905911,B
7,SA919X7XB05691-A96204B-R44-C46,45890,713.354741266701,B
7,SA919X7XB05691-A96204B-R44-C50,36795,695.810039801243,B
7,SA919X7XB05691-A96204B-R44-C52,37649,700.960399085225,B
7,SA919X7XB05691-A96204B-R44-C59,40527,701.696606882453,B
7,SA919X7XB05691-A96204B-R44-C68,34904,705.488138470377,B
7,SA919X7XB05691-A96204B-R44-C69,35801,710.92127929044,B
7,SA919X7XB05691-A96204B-R44-C70,48933,709.512887037741,B
7,SA919X7XB05691-A96204B-R45-C10,31022,697.920513378376,B
7,SA919X7XB05691-A96204B-R45-C12,45784,704.579390734339,B
7,SA919X7XB05691-A96204B-R45-C13,73950,715.921250047264,B
7,SA919X7XB05691-A96204B-R45-C14,61000,714.4887329952,B
7,SA919X7XB05691-A96204B-R45-C16,40533,708.322960232797,B
7,SA919X7XB05691-A96204B-R45-C17,47770,693.265668131498,B
7,SA919X7XB05691-A96204B-R45-C18,32518,698.260248433507,B
7,SA919X7XB05691-A96204B-R45-C19,49704,710.599207009652,B
7,SA919X7XB05691-A96204B-R45-C20,39947,689.75536574183,B
7,SA919X7XB05691-A96204B-R45-C21,31092,695.341443048455,B
7,SA919X7XB05691-A96204B-R45-C24,52856,715.256115203158,B
7,SA919X7XB05691-A96204B-R45-C25,44489,691.703732527053,B
7,SA919X7XB05691-A96204B-R45-C27,31553,706.891893156668,B
7,SA919X7XB05691-A96204B-R45-C31,43385,701.86466376647,B
7,SA919X7XB05691-A96204B-R45-C32,47675,704.384970790353,B
7,SA919X7XB05691-A96204B-R45-C33,30533,686.38721759236,B
7,SA919X7XB05691-A96204B-R45-C36,23979,702.103919662121,B
7,SA919X7XB05691-A96204B-R45-C38,36527,701.446272012983,B
7,SA919X7XB05691-A96204B-R45-C39,61395,712.660361361636,B
7,SA919X7XB05691-A96204B-R45-C40,42919,689.999600631762,B
7,SA919X7XB05691-A96204B-R45-C43,44985,698.422071342441,B
7,SA919X7XB05691-A96204B-R45-C47,43713,696.107952879168,B
7,SA919X7XB05691-A96204B-R45-C51,39091,704.401395178259,B
7,SA919X7XB05691-A96204B-R45-C61,43847,707.876745580351,B
7,SA919X7XB05691-A96204B-R45-C62,41974,698.073701291769,B
7,SA919X7XB05691-A96204B-R45-C63,50160,708.626315633526,B
7,SA919X7XB05691-A96204B-R45-C64,36786,688.155710615019,B
7,SA919X7XB05691-A96204B-R45-C66,45456,708.584323704826,B
7,SA919X7XB05691-A96204B-R45-C67,38828,713.468706468434,B
7,SA919X7XB05691-A96204B-R45-C69,35791,704.891457177656,B
7,SA919X7XB05691-A96204B-R46-C30,50144,696.239693925258,B
7,SA919X7XB05691-A96204B-R46-C31,55766,702.478735137989,B
7,SA919X7XB05691-A96204B-R46-C33,34279,723.371231665731,B
7,SA919X7XB05691-A96204B-R46-C36,33609,704.267638302557,B
7,SA919X7XB05691-A96204B-R46-C38,46790,703.780588819633,B
7,SA919X7XB05691-A96204B-R46-C41,56864,682.320207248108,B
7,SA919X7XB05691-A96204B-R46-C47,53495,701.304067586951,B
7,SA919X7XB05691-A96204B-R46-C49,46231,697.407151362513,B
7,SA919X7XB05691-A96204B-R46-C52,49182,730.380732773953,B
7,SA919X7XB05691-A96204B-R46-C56,58711,701.508542557272,B
7,SA919X7XB05691-A96204B-R46-C57,57154,698.344309122688,B
7,SA919X7XB05691-A96204B-R46-C59,52513,704.368369914346,B
7,SA919X7XB05691-A96204B-R46-C62,41529,700.972974173586,B
7,SA919X7XB05691-A96204B-R46-C66,55871,709.76334871506,B
7,SA919X7XB05691-A96204B-R46-C67,42488,709.431320359277,B
7,SA919X7XB05691-A96204B-R46-C68,53339,707.650554123313,B
7,SA919X7XB05691-A96204B-R46-C70,52973,709.601111419483,B
7,SA919X7XB05691-A96204B-R47-C08,36198,708.058786883713,B
7,SA919X7XB05691-A96204B-R47-C11,37399,702.981718987733,B
7,SA919X7XB05691-A96204B-R47-C13,60407,714.879787272734,B
7,SA919X7XB05691-A96204B-R47-C14,38011,712.887126589674,B
7,SA919X7XB05691-A96204B-R47-C17,42667,696.492788722764,B
7,SA919X7XB05691-A96204B-R47-C20,41085,700.820762743054,B
7,SA919X7XB05691-A96204B-R47-C21,32040,713.44392687172,B
7,SA919X7XB05691-A96204B-R47-C22,38677,694.662539670474,B
7,SA919X7XB05691-A96204B-R47-C24,63197,699.20246187689,B
7,SA919X7XB05691-A96204B-R47-C28,40674,716.248007581432,B
7,SA919X7XB05691-A96204B-R47-C30,36151,715.490651539601,B
7,SA919X7XB05691-A96204B-R47-C31,40195,709.438986444151,B
7,SA919X7XB05691-A96204B-R47-C32,39781,711.176675874348,B
7,SA919X7XB05691-A96204B-R47-C33,34420,715.737482688377,B
7,SA919X7XB05691-A96204B-R47-C35,35323,696.890177074282,B
7,SA919X7XB05691-A96204B-R47-C40,36297,719.764025420171,B
7,SA919X7XB05691-A96204B-R47-C41,34780,692.693047033025,B
7,SA919X7XB05691-A96204B-R47-C42,40438,713.389364484993,B
7,SA919X7XB05691-A96204B-R47-C45,27864,724.600842340367,B
7,SA919X7XB05691-A96204B-R47-C46,41933,689.978500221985,B
7,SA919X7XB05691-A96204B-R47-C47,38431,684.014483432555,B
7,SA919X7XB05691-A96204B-R47-C48,37081,681.535470802549,B
7,SA919X7XB05691-A96204B-R47-C49,50010,735.351936630913,B
7,SA919X7XB05691-A96204B-R47-C50,34794,719.200807544277,B
7,SA919X7XB05691-A96204B-R47-C52,23754,724.30231722589,B
7,SA919X7XB05691-A96204B-R47-C59,40574,703.813690351341,B
7,SA919X7XB05691-A96204B-R47-C64,35072,725.91218167915,B
7,SA919X7XB05691-A96204B-R47-C65,27216,711.622008243244,B
7,SA919X7XB05691-A96204B-R47-C66,26379,703.215606606477,B
7,SA919X7XB05691-A96204B-R47-C67,36154,716.437379381396,B
7,SA919X7XB05691-A96204B-R47-C69,28381,715.233610130182,B
7,SA919X7XB05691-A96204B-R47-C70,54556,710.598652576456,B
7,SA919X7XB05691-A96204B-R48-C09,49668,711.157202271948,B
7,SA919X7XB05691-A96204B-R48-C10,39256,695.669545926965,B
7,SA919X7XB05691-A96204B-R48-C11,43809,690.563170130198,B
7,SA919X7XB05691-A96204B-R48-C12,47139,712.491753448106,B
7,SA919X7XB05691-A96204B-R48-C14,46870,703.447526701672,B
7,SA919X7XB05691-A96204B-R48-C15,53627,706.188083188678,B
7,SA919X7XB05691-A96204B-R48-C19,58944,715.248988882425,B
7,SA919X7XB05691-A96204B-R48-C21,47128,701.170041545903,B
7,SA919X7XB05691-A96204B-R48-C22,49967,701.525293811321,B
7,SA919X7XB05691-A96204B-R48-C23,56512,700.410164833916,B
7,SA919X7XB05691-A96204B-R48-C28,49241,678.126751810217,B
7,SA919X7XB05691-A96204B-R48-C30,43732,708.238903296329,B
7,SA919X7XB05691-A96204B-R48-C34,28463,704.476076170797,B
7,SA919X7XB05691-A96204B-R48-C35,47050,694.612655328719,B
7,SA919X7XB05691-A96204B-R48-C38,40059,706.5944140101,B
7,SA919X7XB05691-A96204B-R48-C43,51341,712.720548731558,B
7,SA919X7XB05691-A96204B-R48-C48,48890,689.863899170606,B
7,SA919X7XB05691-A96204B-R48-C51,54024,723.969937356102,B
7,SA919X7XB05691-A96204B-R48-C55,46099,696.548679569951,B
7,SA919X7XB05691-A96204B-R48-C56,50073,707.077561289896,B
7,SA919X7XB05691-A96204B-R48-C57,51087,691.377296902752,B
7,SA919X7XB05691-A96204B-R48-C58,38309,704.886821575709,B
7,SA919X7XB05691-A96204B-R48-C60,60962,718.674236862826,B
7,SA919X7XB05691-A96204B-R49-C12,39334,710.520593144228,B
7,SA919X7XB05691-A96204B-R49-C17,47390,711.955368953348,B
7,SA919X7XB05691-A96204B-R49-C21,36220,695.64985473563,B
7,SA919X7XB05691-A96204B-R49-C24,56234,705.129316228086,B
7,SA919X7XB05691-A96204B-R49-C25,32395,687.207786534333,B
7,SA919X7XB05691-A96204B-R49-C28,43776,702.121726879319,B
7,SA919X7XB05691-A96204B-R49-C31,47843,701.850480084295,B
7,SA919X7XB05691-A96204B-R49-C32,45104,711.144214617634,B
7,SA919X7XB05691-A96204B-R49-C33,29164,697.341161103093,B
7,SA919X7XB05691-A96204B-R49-C35,43297,699.691635233363,B
7,SA919X7XB05691-A96204B-R49-C36,22009,708.962545550171,B
7,SA919X7XB05691-A96204B-R49-C37,36250,703.331662457102,B
7,SA919X7XB05691-A96204B-R49-C40,54088,706.253703716434,B
7,SA919X7XB05691-A96204B-R49-C42,38845,692.325911666181,B
7,SA919X7XB05691-A96204B-R49-C44,45209,691.829438119128,B
7,SA919X7XB05691-A96204B-R49-C46,38139,713.727713008661,B
7,SA919X7XB05691-A96204B-R49-C48,43177,716.88499472736,B
7,SA919X7XB05691-A96204B-R49-C50,35808,709.169033862169,B
7,SA919X7XB05691-A96204B-R49-C51,38757,714.529887740099,B
7,SA919X7XB05691-A96204B-R49-C69,44408,719.550000057857,B
7,SA919X7XB05691-A96204B-R50-C07,54810,716.295285835793,B
7,SA919X7XB05691-A96204B-R50-C08,41743,699.607710564186,B
7,SA919X7XB05691-A96204B-R50-C12,40354,701.278323242744,B
7,SA919X7XB05691-A96204B-R50-C17,45406,690.972421960879,B
7,SA919X7XB05691-A96204B-R50-C18,29204,710.042580627689,B
7,SA919X7XB05691-A96204B-R50-C20,35109,691.6855724842,B
7,SA919X7XB05691-A96204B-R50-C24,59924,722.843127033949,B
7,SA919X7XB05691-A96204B-R50-C26,35254,709.161785354671,B
7,SA919X7XB05691-A96204B-R50-C27,27321,705.041052654685,B
7,SA919X7XB05691-A96204B-R50-C28,39720,682.309329460993,B
7,SA919X7XB05691-A96204B-R50-C29,40111,714.796388150404,B
7,SA919X7XB05691-A96204B-R50-C31,39369,708.932655804121,B
7,SA919X7XB05691-A96204B-R50-C32,39098,711.817131854308,B
7,SA919X7XB05691-A96204B-R50-C35,39571,704.498597623775,B
7,SA919X7XB05691-A96204B-R50-C37,30838,704.478311096883,B
7,SA919X7XB05691-A96204B-R50-C38,30629,704.24773706394,B
7,SA919X7XB05691-A96204B-R50-C41,35266,687.770004106121,B
7,SA919X7XB05691-A96204B-R50-C46,41986,698.148093998949,B
7,SA919X7XB05691-A96204B-R50-C48,33862,688.31505418538,B
7,SA919X7XB05691-A96204B-R50-C54,36474,692.474357120487,B
7,SA919X7XB05691-A96204B-R50-C60,44651,704.250347493947,B
7,SA919X7XB05691-A96204B-R50-C67,24156,714.880167193853,B
7,SA919X7XB05691-A96204B-R50-C68,29695,723.298032299312,B
7,SA919X7XB05691-A96204B-R51-C13,57844,714.056916287613,B
7,SA919X7XB05691-A96204B-R51-C15,46088,721.192332211543,B
7,SA919X7XB05691-A96204B-R51-C18,31473,713.137167128348,B
7,SA919X7XB05691-A96204B-R51-C19,27812,668.967609592959,B
7,SA919X7XB05691-A96204B-R51-C21,34494,718.165663770462,B
7,SA919X7XB05691-A96204B-R51-C24,45955,707.595412361414,B
7,SA919X7XB05691-A96204B-R51-C25,44275,702.058857408897,B
7,SA919X7XB05691-A96204B-R51-C26,40695,703.832680181144,B
7,SA919X7XB05691-A96204B-R51-C27,26507,702.253062341483,B
7,SA919X7XB05691-A96204B-R51-C28,40539,708.523202775457,B
7,SA919X7XB05691-A96204B-R51-C29,33302,706.331057977732,B
7,SA919X7XB05691-A96204B-R51-C30,33631,694.306454179481,B
7,SA919X7XB05691-A96204B-R51-C35,40264,715.346791723137,B
7,SA919X7XB05691-A96204B-R51-C38,22488,695.852245854483,B
7,SA919X7XB05691-A96204B-R51-C39,38757,732.839927190614,B
7,SA919X7XB05691-A96204B-R51-C40,39146,701.40323823853,B
7,SA919X7XB05691-A96204B-R51-C41,40282,710.045223002699,B
7,SA919X7XB05691-A96204B-R51-C42,36195,699.906786496806,B
7,SA919X7XB05691-A96204B-R51-C43,36450,691.002833529162,B
7,SA919X7XB05691-A96204B-R51-C45,22112,703.704157957515,B
7,SA919X7XB05691-A96204B-R51-C47,36396,689.461933536971,B
7,SA919X7XB05691-A96204B-R51-C50,28422,730.940589362628,B
7,SA919X7XB05691-A96204B-R51-C52,27254,713.910688030132,B
7,SA919X7XB05691-A96204B-R51-C57,35609,707.285534402457,B
7,SA919X7XB05691-A96204B-R51-C58,26408,696.027730043319,B
7,SA919X7XB05691-A96204B-R51-C59,30947,703.611007440666,B
7,SA919X7XB05691-A96204B-R51-C65,25130,718.206306563821,B
7,SA919X7XB05691-A96204B-R51-C66,21437,699.350950860907,B
7,SA919X7XB05691-A96204B-R51-C70,33201,702.102906475203,B
7,SA919X7XB05691-A96204B-R52-C12,44863,708.633071050383,B
7,SA919X7XB05691-A96204B-R52-C14,45782,704.312359855115,B
7,SA919X7XB05691-A96204B-R52-C15,45964,694.629038947004,B
7,SA919X7XB05691-A96204B-R52-C16,47409,707.06292525516,B
7,SA919X7XB05691-A96204B-R52-C19,35569,689.712216603601,B
7,SA919X7XB05691-A96204B-R52-C22,40192,695.580503924501,B
7,SA919X7XB05691-A96204B-R52-C24,52805,706.740357027398,B
7,SA919X7XB05691-A96204B-R52-C27,31966,718.012288675871,B
7,SA919X7XB05691-A96204B-R52-C29,42815,697.41245904713,B
7,SA919X7XB05691-A96204B-R52-C30,39736,695.550087267946,B
7,SA919X7XB05691-A96204B-R52-C31,49849,689.306186499983,B
7,SA919X7XB05691-A96204B-R52-C32,45248,692.255484772176,B
7,SA919X7XB05691-A96204B-R52-C35,44107,685.00630728327,B
7,SA919X7XB05691-A96204B-R52-C38,37924,709.754274409585,B
7,SA919X7XB05691-A96204B-R52-C39,47901,720.999432367159,B
7,SA919X7XB05691-A96204B-R52-C40,39463,652.36178730155,B
7,SA919X7XB05691-A96204B-R52-C41,46605,704.904906187748,B
7,SA919X7XB05691-A96204B-R52-C42,42205,686.069769873803,B
7,SA919X7XB05691-A96204B-R52-C47,45370,690.3830520492,B
7,SA919X7XB05691-A96204B-R52-C48,44578,704.308617194858,B
7,SA919X7XB05691-A96204B-R52-C49,39980,708.240057327537,B
7,SA919X7XB05691-A96204B-R52-C51,41088,704.492426317468,B
7,SA919X7XB05691-A96204B-R52-C52,33022,695.837818087288,B
7,SA919X7XB05691-A96204B-R52-C54,49806,744.405032972956,B
7,SA919X7XB05691-A96204B-R52-C56,51047,711.28611833047,B
7,SA919X7XB05691-A96204B-R52-C57,41171,668.219257810426,B
7,SA919X7XB05691-A96204B-R52-C59,55087,684.925343903475,B
7,SA919X7XB05691-A96204B-R52-C61,43733,711.163958615904,B
7,SA919X7XB05691-A96204B-R52-C64,37938,703.177350237612,B
7,SA919X7XB05691-A96204B-R52-C68,21794,710.388317758213,B
7,SA919X7XB05691-A96204B-R52-C69,37677,692.669022779134,B
7,SA919X7XB05691-A96204B-R53-C08,46770,700.686079343854,B
7,SA919X7XB05691-A96204B-R53-C11,47536,698.071084238049,B
7,SA919X7XB05691-A96204B-R53-C12,37110,711.50504875012,B
7,SA919X7XB05691-A96204B-R53-C14,57063,705.869077855258,B
7,SA919X7XB05691-A96204B-R53-C16,58505,693.448588972513,B
7,SA919X7XB05691-A96204B-R53-C17,57787,700.964004380923,B
7,SA919X7XB05691-A96204B-R53-C18,49374,714.488289032885,B
7,SA919X7XB05691-A96204B-R53-C19,44700,711.686117889379,B
7,SA919X7XB05691-A96204B-R53-C20,45706,710.691983628217,B
7,SA919X7XB05691-A96204B-R53-C21,53441,707.713209028588,B
7,SA919X7XB05691-A96204B-R53-C24,51168,688.127465892199,B
7,SA919X7XB05691-A96204B-R53-C26,45974,709.374708567509,B
7,SA919X7XB05691-A96204B-R53-C28,68777,710.313219124074,B
7,SA919X7XB05691-A96204B-R53-C29,51904,700.474851870351,B
7,SA919X7XB05691-A96204B-R53-C30,52501,698.921251864725,B
7,SA919X7XB05691-A96204B-R53-C31,61139,695.498626228544,B
7,SA919X7XB05691-A96204B-R53-C34,35143,710.777568805493,B
7,SA919X7XB05691-A96204B-R53-C35,51508,690.931925039511,B
7,SA919X7XB05691-A96204B-R53-C36,30178,700.858772990179,B
7,SA919X7XB05691-A96204B-R53-C37,46423,711.495966423288,B
7,SA919X7XB05691-A96204B-R53-C39,53136,705.11719355494,B
7,SA919X7XB05691-A96204B-R53-C40,49419,714.994232322526,B
7,SA919X7XB05691-A96204B-R53-C41,54120,713.517719557162,B
7,SA919X7XB05691-A96204B-R53-C43,52756,695.21984495956,B
7,SA919X7XB05691-A96204B-R53-C47,52093,689.201423839795,B
7,SA919X7XB05691-A96204B-R53-C50,46805,712.209599785101,B
7,SA919X7XB05691-A96204B-R53-C54,45237,694.622980514032,B
7,SA919X7XB05691-A96204B-R53-C59,35777,709.792059915397,B
7,SA919X7XB05691-A96204B-R53-C67,36229,707.086764141408,B
7,SA919X7XB05691-A96204B-R53-C68,39337,690.096347551716,B
7,SA919X7XB05691-A96204B-R53-C69,39637,702.759273475466,B
7,SA919X7XB05691-A96204B-R54-C09,41299,702.813361840206,B
7,SA919X7XB05691-A96204B-R54-C10,28392,679.519832339996,B
7,SA919X7XB05691-A96204B-R54-C12,41487,698.890902360551,B
7,SA919X7XB05691-A96204B-R54-C14,43026,720.130830730722,B
7,SA919X7XB05691-A96204B-R54-C15,47593,711.814424107146,B
7,SA919X7XB05691-A96204B-R54-C18,30639,714.429364257903,B
7,SA919X7XB05691-A96204B-R54-C19,34334,702.19986536384,B
7,SA919X7XB05691-A96204B-R54-C22,35007,681.947232971854,B
7,SA919X7XB05691-A96204B-R54-C27,27102,711.17577155221,B
7,SA919X7XB05691-A96204B-R54-C28,47301,695.523040459336,B
7,SA919X7XB05691-A96204B-R54-C31,44648,697.407905775942,B
7,SA919X7XB05691-A96204B-R54-C32,48860,738.621154564225,B
7,SA919X7XB05691-A96204B-R54-C33,29684,712.969564217342,B
7,SA919X7XB05691-A96204B-R54-C35,42319,703.729283004333,B
7,SA919X7XB05691-A96204B-R54-C36,21973,701.776412784421,B
7,SA919X7XB05691-A96204B-R54-C37,37074,716.701712463497,B
7,SA919X7XB05691-A96204B-R54-C38,35906,707.91398055107,B
7,SA919X7XB05691-A96204B-R54-C39,43945,702.149549756115,B
7,SA919X7XB05691-A96204B-R54-C41,42213,709.942139635059,B
7,SA919X7XB05691-A96204B-R54-C42,43891,692.755959297992,B
7,SA919X7XB05691-A96204B-R54-C44,45277,682.475350211284,B
7,SA919X7XB05691-A96204B-R54-C46,37649,704.454274200668,B
7,SA919X7XB05691-A96204B-R54-C47,50661,711.517258748272,B
7,SA919X7XB05691-A96204B-R54-C55,34793,713.259207269165,B
7,SA919X7XB05691-A96204B-R54-C59,36002,690.644300379749,B
7,SA919X7XB05691-A96204B-R54-C60,33245,694.178725691346,B
7,SA919X7XB05691-A96204B-R54-C61,39467,701.861475368249,B
7,SA919X7XB05691-A96204B-R54-C63,39862,688.535312406373,B
7,SA919X7XB05691-A96204B-R54-C64,40625,678.256204687087,B
7,SA919X7XB05691-A96204B-R54-C69,36220,714.144466779894,B
7,SA919X7XB05691-A96204B-R55-C08,43863,697.636033371485,B
7,SA919X7XB05691-A96204B-R55-C09,40546,694.119592373102,B
7,SA919X7XB05691-A96204B-R55-C11,35529,718.606903597564,B
7,SA919X7XB05691-A96204B-R55-C13,50957,696.110567394056,B
7,SA919X7XB05691-A96204B-R55-C15,41068,709.967025723981,B
7,SA919X7XB05691-A96204B-R55-C20,41299,716.021610512878,B
7,SA919X7XB05691-A96204B-R55-C21,38345,697.153325094718,B
7,SA919X7XB05691-A96204B-R55-C27,29230,715.244544654209,B
7,SA919X7XB05691-A96204B-R55-C31,35594,577.864611693906,B
7,SA919X7XB05691-A96204B-R55-C32,41237,668.999431040654,B
7,SA919X7XB05691-A96204B-R55-C35,42779,705.555256621098,B
7,SA919X7XB05691-A96204B-R55-C37,37741,710.869950257449,B
7,SA919X7XB05691-A96204B-R55-C39,41996,610.406859760451,B
7,SA919X7XB05691-A96204B-R55-C41,42558,698.974582974424,B
7,SA919X7XB05691-A96204B-R55-C43,44768,704.840293205012,B
7,SA919X7XB05691-A96204B-R55-C46,38410,710.252496117438,B
7,SA919X7XB05691-A96204B-R55-C51,35107,704.82144900289,B
7,SA919X7XB05691-A96204B-R55-C52,27923,717.798646918435,B
7,SA919X7XB05691-A96204B-R55-C57,35138,697.809030002309,B
7,SA919X7XB05691-A96204B-R55-C58,29294,691.225872926654,B
7,SA919X7XB05691-A96204B-R55-C59,36407,700.866488444194,B
7,SA919X7XB05691-A96204B-R55-C61,36141,684.406504736097,B
7,SA919X7XB05691-A96204B-R55-C66,28179,705.625796039112,B
7,SA919X7XB05691-A96204B-R56-C12,41466,705.571037782468,B
7,SA919X7XB05691-A96204B-R56-C14,44578,687.209765590491,B
7,SA919X7XB05691-A96204B-R56-C15,42919,702.336151446,B
7,SA919X7XB05691-A96204B-R56-C16,47606,709.76917386399,B
7,SA919X7XB05691-A96204B-R56-C22,38434,718.049504398187,B
7,SA919X7XB05691-A96204B-R56-C26,36107,716.714869966312,B
7,SA919X7XB05691-A96204B-R56-C27,32488,686.315818713845,B
7,SA919X7XB05691-A96204B-R56-C28,43141,701.065361162768,B
7,SA919X7XB05691-A96204B-R56-C29,40480,700.105261249744,B
7,SA919X7XB05691-A96204B-R56-C30,37096,694.019065053689,B
7,SA919X7XB05691-A96204B-R56-C31,48188,712.97038769136,B
7,SA919X7XB05691-A96204B-R56-C32,45322,711.814702056373,B
7,SA919X7XB05691-A96204B-R56-C40,43441,702.13433590479,B
7,SA919X7XB05691-A96204B-R56-C43,43340,701.675988913146,B
7,SA919X7XB05691-A96204B-R56-C44,48673,710.189096546797,B
7,SA919X7XB05691-A96204B-R56-C48,43038,702.41597194748,B
7,SA919X7XB05691-A96204B-R56-C49,38894,728.275879154462,B
7,SA919X7XB05691-A96204B-R56-C51,36248,706.839990115288,B
7,SA919X7XB05691-A96204B-R56-C54,24835,706.896709905674,B
7,SA919X7XB05691-A96204B-R56-C55,36252,700.300033527843,B
7,SA919X7XB05691-A96204B-R56-C57,28952,708.731461414078,B
7,SA919X7XB05691-A96204B-R56-C64,41444,705.748043385175,B
7,SA919X7XB05691-A96204B-R57-C08,43720,703.220640416701,B
7,SA919X7XB05691-A96204B-R57-C09,45480,699.603487577706,B
7,SA919X7XB05691-A96204B-R57-C11,34088,703.493022673296,B
7,SA919X7XB05691-A96204B-R57-C13,52698,701.905091008983,B
7,SA919X7XB05691-A96204B-R57-C24,62119,709.508575165579,B
7,SA919X7XB05691-A96204B-R57-C26,37266,712.586907309793,A
7,SA919X7XB05691-A96204B-R57-C29,36647,683.538439252718,B
7,SA919X7XB05691-A96204B-R57-C31,47459,707.362398669457,B
7,SA919X7XB05691-A96204B-R57-C33,29803,704.457506247423,B
7,SA919X7XB05691-A96204B-R57-C41,38797,694.382608119172,B
7,SA919X7XB05691-A96204B-R57-C42,42864,698.423071294763,B
7,SA919X7XB05691-A96204B-R57-C43,44758,699.50024551412,B
7,SA919X7XB05691-A96204B-R57-C50,29310,707.396410136485,B
7,SA919X7XB05691-A96204B-R57-C55,40941,703.331342838632,B
7,SA919X7XB05691-A96204B-R57-C56,40371,702.806690264661,B
7,SA919X7XB05691-A96204B-R57-C59,38739,710.532903938287,B
7,SA919X7XB05691-A96204B-R57-C60,44654,725.762107531133,B
7,SA919X7XB05691-A96204B-R57-C63,40713,711.998010152988,B
7,SA919X7XB05691-A96204B-R57-C64,44726,711.704199564206,B
7,SA919X7XB05691-A96204B-R57-C69,35149,700.767398237648,B
7,SA919X7XB05691-A96204B-R58-C08,34015,705.808648012371,B
7,SA919X7XB05691-A96204B-R58-C10,23225,726.501424222493,B
7,SA919X7XB05691-A96204B-R58-C11,27927,726.276675757725,B
7,SA919X7XB05691-A96204B-R58-C16,34328,707.686193313021,B
7,SA919X7XB05691-A96204B-R58-C17,32438,722.24974761226,B
7,SA919X7XB05691-A96204B-R58-C19,26247,719.558911627502,B
7,SA919X7XB05691-A96204B-R58-C25,36254,714.519522116119,B
7,SA919X7XB05691-A96204B-R58-C26,27352,762.580762440903,B
7,SA919X7XB05691-A96204B-R58-C27,21230,692.360015163042,B
7,SA919X7XB05691-A96204B-R58-C28,34363,707.425778730428,B
7,SA919X7XB05691-A96204B-R58-C30,28687,718.032446223314,B
7,SA919X7XB05691-A96204B-R58-C40,29709,739.858562279926,B
7,SA919X7XB05691-A96204B-R58-C46,37110,713.67945282481,B
7,SA919X7XB05691-A96204B-R58-C49,25638,719.052183462616,B
7,SA919X7XB05691-A96204B-R58-C54,30415,695.172458037539,B
7,SA919X7XB05691-A96204B-R58-C58,25552,701.790135480101,B
7,SA919X7XB05691-A96204B-R58-C63,26705,710.38690209743,B
7,SA919X7XB05691-A96204B-R58-C64,30799,717.452916471326,B
7,SA919X7XB05691-A96204B-R59-C13,36288,712.233820462944,B
7,SA919X7XB05691-A96204B-R59-C14,34462,710.938363561015,B
7,SA919X7XB05691-A96204B-R59-C19,28914,723.257183221071,B
7,SA919X7XB05691-A96204B-R59-C22,27729,701.105272658073,B
7,SA919X7XB05691-A96204B-R59-C26,29460,711.240865529928,B
7,SA919X7XB05691-A96204B-R59-C31,35232,726.532879914108,B
7,SA919X7XB05691-A96204B-R59-C39,36023,699.592908247923,B
7,SA919X7XB05691-A96204B-R59-C40,32947,723.1980983256,B
7,SA919X7XB05691-A96204B-R59-C46,34359,703.629788475504,B
7,SA919X7XB05691-A96204B-R59-C47,31479,694.648168637899,B
7,SA919X7XB05691-A96204B-R59-C50,27674,706.991872034561,B
7,SA919X7XB05691-A96204B-R59-C57,34760,685.684639723911,B
7,SA919X7XB05691-A96204B-R59-C58,28660,720.901156031267,B
7,SA919X7XB05691-A96204B-R59-C59,29571,715.1612267719,B
7,SA919X7XB05691-A96204B-R59-C69,42700,716.177177095321,B
7,SA919X7XB05691-A96204B-R60-C09,37547,704.339305175625,B
7,SA919X7XB05691-A96204B-R60-C11,28020,707.776763957212,B
7,SA919X7XB05691-A96204B-R60-C15,36124,713.839536561406,B
7,SA919X7XB05691-A96204B-R60-C23,34763,706.67112829653,B
7,SA919X7XB05691-A96204B-R60-C25,37649,701.500955281235,A
7,SA919X7XB05691-A96204B-R60-C26,29724,714.976685775898,B
7,SA919X7XB05691-A96204B-R60-C27,30296,702.854810786499,B
7,SA919X7XB05691-A96204B-R60-C30,29764,700.696450361047,B
7,SA919X7XB05691-A96204B-R60-C32,34269,709.069978773369,B
7,SA919X7XB05691-A96204B-R60-C38,27759,697.750261106141,B
7,SA919X7XB05691-A96204B-R60-C42,37396,702.476503248771,B
7,SA919X7XB05691-A96204B-R60-C46,39675,720.380777678786,B
7,SA919X7XB05691-A96204B-R60-C63,28130,699.884995835215,B
